parliament_id,theyworkforyou_id,parliament_name,theyworkforyou_name,is_rare_name,is_current_mp,date_of_birth,gender,religion,first_elected,is_by_election,party,facebook_handle,instagram_handle,youtube_handle,theyworkforyou_url,wiki_birth_year,minority_status,ethnicity,bluesky_handle,twitter_handle,wikipedia_handle
5269,26435,Dr Lauren Sullivan,Lauren Sullivan,FALSE,TRUE,,Female,,24-Jul,FALSE,Labour,,,,https://www.theyworkforyou.com/mp/26435/lauren_sullivan/gravesham,,Unknown,,laurensullivanmp.bsky.social,drlsullivan,https://en.wikipedia.org/wiki/Lauren_Sullivan
5349,26434,Alex McIntyre,Alex McIntyre,FALSE,TRUE,,Male,,,,Labour,,,,https://www.theyworkforyou.com/mp/26434/alex_mcintyre/gloucester,,Unknown,,alexmclabour.bsky.social,alexmclabour,https://en.wikipedia.org/wiki/Alex_McIntyre
5294,26430,Amanda Martin,Amanda Martin,FALSE,TRUE,,Female,,24-Jul,FALSE,Labour,,,,https://www.theyworkforyou.com/mp/26430/amanda_martin/portsmouth_north,,Unknown,,amandamartinmp.bsky.social,AmandaMartinMP,https://en.wikipedia.org/wiki/Amanda_Martin
5198,26445,Chris Coghlan,Chris Coghlan,TRUE,TRUE,,Male,,,,Liberal Democrat,,,,https://www.theyworkforyou.com/mp/26445/chris_coghlan/dorking_and_horley,,Unknown,,chriscoghlanmp.bsky.social,_Chris_Coghlan,https://en.wikipedia.org/wiki/Chris_Coghlan_(politician)
4923,26040,Kim Leadbeater,Kim Leadbeater,TRUE,TRUE,,Female,,21-Jul,TRUE,Labour,,,,https://www.theyworkforyou.com/mp/26040/kim_leadbeater/spen_valley,1976,Unknown,,kimleadbeatermp.bsky.social,kimleadbeater,https://en.wikipedia.org/wiki/Kim_Leadbeater
5210,26566,Tom Hayes,Tom Hayes,FALSE,TRUE,,Male,,,,Labour,,,,https://www.theyworkforyou.com/mp/26566/tom_hayes/bournemouth_east,1983,Unknown,,tomhayesmp.bsky.social,TomHayesBmouth,https://en.wikipedia.org/wiki/Tom_Hayes_(British_politician)
4391,25393,Judith Cummins,Judith Cummins,FALSE,TRUE,,Female,,15-May,FALSE,Labour,JudithCumminsMP,,,https://www.theyworkforyou.com/mp/25393/judith_cummins/bradford_south,1967,Unknown,,judithcummins.bsky.social,judithcummins,https://en.wikipedia.org/wiki/Judith_Cummins
5174,26441,Fred Thomas,Fred Thomas,FALSE,TRUE,,Male,,,,Labour,,,,https://www.theyworkforyou.com/mp/26441/fred_thomas/plymouth_moor_view,1991,Unknown,,fredthomasuk.bsky.social,FredThomasUK,https://en.wikipedia.org/wiki/Fred_Thomas_(British_politician)
5335,26372,Jess Brown-Fuller,Jessica Brown-Fuller,FALSE,TRUE,,Female,,24-Jul,FALSE,Liberal Democrat,,,,https://www.theyworkforyou.com/mp/26372/jessica_brown-fuller/chichester,1990,Unknown,,jessbrownfullermp.bsky.social,JessBrownFuller,https://en.wikipedia.org/wiki/Jess_Brown-Fuller
5028,26309,Lewis Atkinson,Lewis Atkinson,FALSE,TRUE,,Male,,,,Labour,,,,https://www.theyworkforyou.com/mp/26309/lewis_atkinson/sunderland_central,1982,Unknown,,lewisatkinson.bsky.social,LewisAtkinson,https://en.wikipedia.org/wiki/Lewis_Atkinson
5179,26501,Kirsteen Sullivan,Kirsteen Sullivan,TRUE,TRUE,,Female,,24-Jul,FALSE,Labour (Co-op),,,,https://www.theyworkforyou.com/mp/26501/kirsteen_sullivan/bathgate_and_linlithgow,1975,Unknown,,kittysull1.bsky.social,kittysull1,https://en.wikipedia.org/wiki/Kirsteen_Sullivan
5175,26402,Alex Barros-Curtis,Alex Barros-Curtis,TRUE,TRUE,,Male,,,,Labour,,,,https://www.theyworkforyou.com/mp/26402/alex_barros-curtis/cardiff_west,1986,Unknown,,abarroscurtis.bsky.social,ABarrosCurtis,https://en.wikipedia.org/wiki/Alex_Barros-Curtis
5107,26356,Linsey Farnsworth,Linsey Farnsworth,TRUE,TRUE,,Female,,24-Jul,FALSE,Labour,,,,https://www.theyworkforyou.com/mp/26356/linsey_farnsworth/amber_valley,,Unknown,,linseyfarnsworthmp.bsky.social,Lfarnz,https://en.wikipedia.org/wiki/Linsey_Farnsworth
5207,26377,Clive Jones,Clive Jones,FALSE,TRUE,,Male,,,,Liberal Democrat,,,,https://www.theyworkforyou.com/mp/26377/clive_jones/wokingham,,Unknown,,clivejonesmp.bsky.social,CliveJonesMP,https://en.wikipedia.org/wiki/Clive_Jones_(politician)
5075,26384,Deirdre Costigan,Deirdre Costigan,TRUE,TRUE,,Female,,24-Jul,FALSE,Labour,,,,https://www.theyworkforyou.com/mp/26384/deirdre_costigan/ealing_southall,,Unknown,,deirdrecostiganmp.bsky.social,deirdrecostigan,https://en.wikipedia.org/wiki/Deirdre_Costigan
415,10256,Fabian Hamilton,Fabian Hamilton,FALSE,TRUE,,Male,,,,Labour,fabiancampaign,,,https://www.theyworkforyou.com/mp/10256/fabian_hamilton/leeds_north_east,1955,Unknown,,fabianhamilton.bsky.social,FabianLeedsNE,https://en.wikipedia.org/wiki/Fabian_Hamilton
4769,25901,Daisy Cooper,Daisy Cooper,FALSE,TRUE,,Female,,19-Dec,FALSE,Liberal Democrat,,,,https://www.theyworkforyou.com/mp/25901/daisy_cooper/st_albans,1981,Unknown,,libdemdaisy.bsky.social,libdemdaisy,https://en.wikipedia.org/wiki/Daisy_Cooper
5047,26329,James Naish,James Naish,TRUE,TRUE,,Male,,,,Labour,,,,https://www.theyworkforyou.com/mp/26329/james_naish/rushcliffe,1988,Unknown,,jamesnaish.bsky.social,jameswnaish,https://en.wikipedia.org/wiki/James_Naish
5215,26562,Naushabah Khan,Naushabah Khan,TRUE,TRUE,,Female,,24-Jul,FALSE,Labour,,,,https://www.theyworkforyou.com/mp/26562/naushabah_khan/gillingham_and_rainham,1986,Minority,British Pakistani,naushabahkhanmp.bsky.social,naushabah_khan,https://en.wikipedia.org/wiki/Naushabah_Khan
4569,25475,Jim McMahon,Jim McMahon,FALSE,TRUE,,Male,,,,Labour (Co-op),,,,https://www.theyworkforyou.com/mp/25475/jim_mcmahon/oldham_west%2C_chadderton_and_royton,1980,Unknown,,jimmcmahon.co.uk,JimfromOldham,https://en.wikipedia.org/wiki/Jim_McMahon_(politician)
5267,26600,Yuan Yang,Yuan Yang,FALSE,TRUE,,Female,,24-Jul,FALSE,Labour,,,,https://www.theyworkforyou.com/mp/26600/yuan_yang/earley_and_woodley,1990,Minority,British Chinese,yuanfenyang.bsky.social,YuanfenYang,https://en.wikipedia.org/wiki/Yuan_Yang
,26540,Freddie Van Mierlo,Freddie Van Mierlo,TRUE,TRUE,,Male,,,,Liberal Democrat,,,,https://www.theyworkforyou.com/mp/26540/freddie_van_mierlo/henley_and_thame,1989,Unknown,,freddievanmierlomp.bsky.social,fivanmierlo,https://en.wikipedia.org/wiki/Freddie_van_Mierlo
5139,26412,Emily Darlington,Emily Darlington,FALSE,TRUE,,Female,,24-Jul,FALSE,Labour,,,,https://www.theyworkforyou.com/mp/26412/emily_darlington/milton_keynes_central,,Unknown,,emily4mk.bsky.social,emily4MK,https://en.wikipedia.org/wiki/Emily_Darlington
3952,24845,Toby Perkins,Toby Perkins,FALSE,TRUE,,Male,,,,Labour,TobyPerkins4Chesterfield,,,https://www.theyworkforyou.com/mp/24845/toby_perkins/chesterfield,1970,Unknown,,tobyperkinsmp.bsky.social,tobyperkinsmp,https://en.wikipedia.org/wiki/Toby_Perkins
5334,26621,Dr Allison Gardner,Allison Gardner,FALSE,TRUE,,Female,,24-Jul,FALSE,Labour,,,,https://www.theyworkforyou.com/mp/26621/allison_gardner/stoke-on-trent_south,,Unknown,,allisongardner.bsky.social,AllisonCGardner,https://en.wikipedia.org/wiki/Allison_Gardner
5318,26572,Olly Glover,Olly Glover,FALSE,TRUE,,Male,,,,Liberal Democrat,,,,https://www.theyworkforyou.com/mp/26572/olly_glover/didcot_and_wantage,,Unknown,,ollyglover.bsky.social,OllyGloverLD,https://en.wikipedia.org/wiki/Olly_Glover
4716,25746,Ruth Jones,Ruth Jones,FALSE,TRUE,,Female,,19-Apr,TRUE,Labour,RuthNewportWest,,,https://www.theyworkforyou.com/mp/25746/ruth_jones/newport_west_and_islwyn,1962,Unknown,,ruthjoneslabour.bsky.social,RuthJonesLabour,https://en.wikipedia.org/wiki/Ruth_Jones_(politician)
5358,26634,John Cooper,John Cooper,FALSE,TRUE,,Male,,,,Conservative,,,,https://www.theyworkforyou.com/mp/26634/john_cooper/dumfries_and_galloway,1966,Unknown,,john-cooper-mp.bsky.social,JohnCooperDG,https://en.wikipedia.org/wiki/John_Cooper_(British_politician)
4645,25646,Emma Hardy,Emma Hardy,FALSE,TRUE,,Female,,17-Jun,FALSE,Labour,EmmaHardyHullWestandHessle,,,https://www.theyworkforyou.com/mp/25646/emma_hardy/kingston_upon_hull_west_and_haltemprice,1979,Unknown,,emmahardymp.bsky.social,,https://en.wikipedia.org/wiki/Emma_Hardy
1587,11936,Pat McFadden,Pat McFadden,FALSE,TRUE,,Male,,,,Labour,,,,https://www.theyworkforyou.com/mp/11936/pat_mcfadden/wolverhampton_south_east,1965,Unknown,,patmcfaddenmp.bsky.social,patmcfaddenmp,https://en.wikipedia.org/wiki/Pat_McFadden
5260,26520,Katie White,Katie White,FALSE,TRUE,,Female,,24-Jul,FALSE,Labour,,,,https://www.theyworkforyou.com/mp/26520/katie_white/leeds_north_west,1980,Unknown,,katiewhitemp.bsky.social,KatieJWhite,https://en.wikipedia.org/wiki/Katie_White_(politician)
5083,26371,Bobby Dean,Bobby Dean,FALSE,TRUE,,Male,,,,Liberal Democrat,,,,https://www.theyworkforyou.com/mp/26371/bobby_dean/carshalton_and_wallington,1989,Unknown,,bobbywdean.bsky.social,Bobby_Dean,https://en.wikipedia.org/wiki/Bobby_Dean
,25385,Naseem Shah,Naseem Shah,TRUE,TRUE,,Female,,15-May,FALSE,Labour,NazShahMP,,,https://www.theyworkforyou.com/mp/25385/naseem_shah/bradford_west,1973,Minority,British Pakistani,nazshahbfd.bsky.social,nazshahbfd,https://en.wikipedia.org/wiki/Naz_Shah
5243,26601,Andrew Pakes,Andrew Pakes,TRUE,TRUE,,Male,,,,Labour (Co-op),,,,https://www.theyworkforyou.com/mp/26601/andrew_pakes/peterborough,1973,Unknown,,andrewpakes.bsky.social,andrewpakes_,https://en.wikipedia.org/wiki/Andrew_Pakes
4676,25620,Marsha De Cordova,Marsha de Cordova,FALSE,TRUE,,Female,,17-Jun,FALSE,Labour,marsha4battersea,,,https://www.theyworkforyou.com/mp/25620/marsha_de_cordova/battersea,1976,Minority,Black British,marshadecordova.bsky.social,Marshadecordova,https://en.wikipedia.org/wiki/Marsha_de_Cordova
5077,26382,Jacob Collier,Jacob Collier,FALSE,TRUE,,Male,,,,Labour,,,,https://www.theyworkforyou.com/mp/26382/jacob_collier/burton_and_uttoxeter,1997,Unknown,,jacobcolliermp.bsky.social,JacobCollierMP,https://en.wikipedia.org/wiki/Jacob_Collier_(politician)
5281,26524,Anna Dixon,Anna Dixon,FALSE,TRUE,,Female,,24-Jul,FALSE,Labour,,,,https://www.theyworkforyou.com/mp/26524/anna_dixon/shipley,,Unknown,,annadixonmp.bsky.social,annalouisedixon,https://en.wikipedia.org/wiki/Anna_Dixon
5214,26509,Brian Mathew,Brian Mathew,FALSE,TRUE,,Male,,,,Liberal Democrat,,,,https://www.theyworkforyou.com/mp/26509/brian_mathew/melksham_and_devizes,,Unknown,,ldbrianmathewmp.bsky.social,BrianMathewLD,https://en.wikipedia.org/wiki/Brian_Mathew_(politician)
4076,24852,Valerie Vaz,Valerie Vaz,FALSE,TRUE,,Female,,10-May,FALSE,Labour,ValerieVazMP,,,https://www.theyworkforyou.com/mp/24852/valerie_vaz/walsall_and_bloxwich,1954,Minority,British Indian,valerievazmp.bsky.social,Valerie_VazMP,https://en.wikipedia.org/wiki/Valerie_Vaz
4061,24905,Bill Esterson,Bill Esterson,TRUE,TRUE,,Male,,,,Labour,BillEsterson4SeftonCentral,,,https://www.theyworkforyou.com/mp/24905/bill_esterson/sefton_central,1966,Unknown,,billesterson.bsky.social,Bill_Esterson,https://en.wikipedia.org/wiki/Bill_Esterson
5011,26288,Gen Kitchen,Gen Kitchen,FALSE,TRUE,,Female,,24-Feb,TRUE,Labour,,,,https://www.theyworkforyou.com/mp/26288/gen_kitchen/wellingborough_and_rushden,1995,Unknown,,genkitchenmp.bsky.social,Gen_Kitchen_MP,https://en.wikipedia.org/wiki/Gen_Kitchen
5162,26432,Matthew Patrick,Matthew Patrick,FALSE,TRUE,,Male,,,,Labour,,,,https://www.theyworkforyou.com/mp/26432/matthew_patrick/wirral_west,1987,Unknown,,matthewpatrick.bsky.social,Matthew_Patrick,https://en.wikipedia.org/wiki/Matthew_Patrick_(British_politician)
4473,25357,Louise Haigh,Louise Haigh,TRUE,TRUE,,Female,,15-May,FALSE,Labour,Haigh4Heeley,,,https://www.theyworkforyou.com/mp/25357/louise_haigh/sheffield_heeley,,Unknown,,louisehaighmp.bsky.social,,https://en.wikipedia.org/wiki/Louise_Haigh
5229,26477,Joe Powell,Joe Powell,FALSE,TRUE,,Male,,,,Labour,,,,https://www.theyworkforyou.com/mp/26477/joe_powell/kensington_and_bayswater,,Unknown,,joepowell.bsky.social,josephpowell,https://en.wikipedia.org/wiki/Joe_Powell_(politician)
4277,25181,Emma Lewell,Emma Lewell,TRUE,TRUE,,Female,,13-May,TRUE,Labour,emma.lewellbuckmp,,,https://www.theyworkforyou.com/mp/25181/emma_lewell/south_shields,1978,Unknown,,emmalewellmp.bsky.social,EmmaLewell,https://en.wikipedia.org/wiki/Emma_Lewell
4641,25687,Alex Norris,Alex Norris,FALSE,TRUE,,Male,,,,Labour (Co-op),,,,https://www.theyworkforyou.com/mp/25687/alex_norris/nottingham_north_and_kimberley,1984,Unknown,,alexjjnorris.bsky.social,AlexJJNorris,https://en.wikipedia.org/wiki/Alex_Norris_(British_politician)
,25666,Preet Gill,Preet Kaur Gill,TRUE,TRUE,,Female,,17-Jun,FALSE,Labour (Co-op),PreetKaurGillMP,,,https://www.theyworkforyou.com/mp/25666/preet_kaur_gill/birmingham_edgbaston,1972,Minority,British Indian,preetkgillmp.bsky.social,PreetKGillMP,https://en.wikipedia.org/wiki/Preet_Kaur_Gill
4359,25297,Stephen Kinnock,Stephen Kinnock,TRUE,TRUE,,Male,,,,Labour,stephenkinnock,,,https://www.theyworkforyou.com/mp/25297/stephen_kinnock/aberafan_maesteg,1970,Unknown,,skinnock.bsky.social,skinnock,https://en.wikipedia.org/wiki/Stephen_Kinnock
4783,25794,Kate Osborne,Kate Osborne,FALSE,TRUE,,Female,,19-Dec,FALSE,Labour,,,,https://www.theyworkforyou.com/mp/25794/kate_osborne/jarrow_and_gateshead_east,,Unknown,,kateosbornemp.bsky.social,KateOsborneMP,https://en.wikipedia.org/wiki/Kate_Osborne
185,10133,Jeremy Corbyn,Jeremy Corbyn,FALSE,TRUE,,Male,,,,Independent,JeremyCorbynMP,,,https://www.theyworkforyou.com/mp/10133/jeremy_corbyn/islington_north,1949,Unknown,,jeremycorbyn.bsky.social,jeremycorbyn,https://en.wikipedia.org/wiki/Jeremy_Corbyn
4981,26123,Ashley Dalton,Ashley Dalton,FALSE,TRUE,,Female,,23-Feb,TRUE,Labour,,,,https://www.theyworkforyou.com/mp/26123/ashley_dalton/west_lancashire,1972,Unknown,,ashleydaltonmp.bsky.social,,https://en.wikipedia.org/wiki/Ashley_Dalton
5325,26544,Charlie Maynard,Charlie Maynard,FALSE,TRUE,,Male,,,,Liberal Democrat,,,,https://www.theyworkforyou.com/mp/26544/charlie_maynard/witney,1971,Unknown,,charliemaynard.bsky.social,cammaynard,https://en.wikipedia.org/wiki/Charlie_Maynard
5289,26508,Harpreet Uppal,Harpreet Uppal,TRUE,TRUE,,Female,,24-Jul,FALSE,Labour,,,,https://www.theyworkforyou.com/mp/26508/harpreet_uppal/huddersfield,,Minority,British Indian,harpreetuppalmp.bsky.social,harpreetkuppal,https://en.wikipedia.org/wiki/Harpreet_Uppal
5166,26440,Mark Sewards,Mark Sewards,TRUE,TRUE,,Male,,,,Labour,,,,https://www.theyworkforyou.com/mp/26440/mark_sewards/leeds_south_west_and_morley,1990,Unknown,,markjsewards.bsky.social,MarkJSewards,https://en.wikipedia.org/wiki/Mark_Sewards
4510,25310,Helen Hayes,Helen Hayes,FALSE,TRUE,,Female,,15-May,FALSE,Labour,,,,https://www.theyworkforyou.com/mp/25310/helen_hayes/dulwich_and_west_norwood,1974,Unknown,,helenhayes.bsky.social,helenhayes_,https://en.wikipedia.org/wiki/Helen_Hayes_(politician)
5128,26368,Phil Brickell,Phil Brickell,TRUE,TRUE,,Male,,,,Labour,,,,https://www.theyworkforyou.com/mp/26368/phil_brickell/bolton_west,1986,Unknown,,philbrickellmp.bsky.social,Phil_Brickell,https://en.wikipedia.org/wiki/Phil_Brickell
4657,25618,Anneliese Dodds,Anneliese Dodds,TRUE,TRUE,,Female,,17-Jun,FALSE,Labour (Co-op),,,,https://www.theyworkforyou.com/mp/25618/anneliese_dodds/oxford_east,1978,Unknown,,anneliesedoddsmp.bsky.social,AnnelieseDodds,https://en.wikipedia.org/wiki/Anneliese_Dodds
5138,26388,Ian Roome,Ian Roome,TRUE,TRUE,,Male,,,,Liberal Democrat,,,,https://www.theyworkforyou.com/mp/26388/ian_roome/north_devon,1968,Unknown,,ianroome.bsky.social,IanRoomeMP,https://en.wikipedia.org/wiki/Ian_Roome
4849,25824,Alex Davies-Jones,Alex Davies-Jones,FALSE,TRUE,,Female,,19-Dec,FALSE,Labour,,,,https://www.theyworkforyou.com/mp/25824/alex_davies-jones/pontypridd,1989,Unknown,,alexdaviesjones.bsky.social,AlexDaviesJones,https://en.wikipedia.org/wiki/Alex_Davies-Jones
5265,26581,James MacCleary,James MacCleary,TRUE,TRUE,,Male,,,,Liberal Democrat,,,,https://www.theyworkforyou.com/mp/26581/james_maccleary/lewes,,Unknown,,jamesmaccleary.bsky.social,JamesMacCleary,https://en.wikipedia.org/wiki/James_MacCleary
5150,26414,Samantha Niblett,Samantha Niblett,TRUE,TRUE,,Female,,24-Jul,FALSE,Labour,,,,https://www.theyworkforyou.com/mp/26414/samantha_niblett/south_derbyshire,1979,Unknown,,samanthaniblett.bsky.social,SamanthaNiblet4,https://en.wikipedia.org/wiki/Samantha_Niblett
5244,26505,Chris Hinchliff,Chris Hinchliff,TRUE,TRUE,,Male,,,,Labour,,,,https://www.theyworkforyou.com/mp/26505/chris_hinchliff/north_east_hertfordshire,1993,Unknown,,chrishinchliff.bsky.social,CHinchliffMP,https://en.wikipedia.org/wiki/Chris_Hinchliff
5079,26418,Joani Reid,Joani Reid,TRUE,TRUE,,Female,,24-Jul,FALSE,Independent,,,,https://www.theyworkforyou.com/mp/26418/joani_reid/east_kilbride_and_strathaven,1985,Unknown,,joanireid.com,JoaniReid,https://en.wikipedia.org/wiki/Joani_Reid
5034,26317,Josh Newbury,Josh Newbury,FALSE,TRUE,,Male,,,,Labour,,,,https://www.theyworkforyou.com/mp/26317/josh_newbury/cannock_chase,,Unknown,,joshnewburymp.bsky.social,JoshNewburyMP,https://en.wikipedia.org/wiki/Josh_Newbury
5182,26425,Charlotte Cane,Charlotte Cane,FALSE,TRUE,,Female,,24-Jul,FALSE,Liberal Democrat,,,,https://www.theyworkforyou.com/mp/26425/charlotte_cane/ely_and_east_cambridgeshire,1958,Unknown,,charlotte-cane-mp.bsky.social,CharlotteCane8,https://en.wikipedia.org/wiki/Charlotte_Cane
5055,26344,Max Wilkinson,Max Wilkinson,FALSE,TRUE,,Male,,,,Liberal Democrat,,,,https://www.theyworkforyou.com/mp/26344/max_wilkinson/cheltenham,1984,Unknown,,maxwilkinson.bsky.social,mpmwilko,https://en.wikipedia.org/wiki/Max_Wilkinson
4786,25909,Zarah Sultana,Zarah Sultana,TRUE,TRUE,,Female,,19-Dec,FALSE,Your Party,,,,https://www.theyworkforyou.com/mp/25909/zarah_sultana/coventry_south,1993,Minority,British Pakistani,zarahsultana.bsky.social,zarahsultana,https://en.wikipedia.org/wiki/Zarah_Sultana
5131,26385,Jack Abbott,Jack Abbott,FALSE,TRUE,,Male,,,,Labour (Co-op),,,,https://www.theyworkforyou.com/mp/26385/jack_abbott/ipswich,1990,Unknown,,jackabbott.bsky.social,jackabbott90,https://en.wikipedia.org/wiki/Jack_Abbott_(politician)
5119,26404,Natasha Irons,Natasha Irons,FALSE,TRUE,,Female,,24-Jul,FALSE,Labour,,,,https://www.theyworkforyou.com/mp/26404/natasha_irons/croydon_east,,Minority,Black British/White British (Mixed),ndironsmp.bsky.social,NDIronsMP,https://en.wikipedia.org/wiki/Natasha_Irons_(politician)
5328,26552,Sean Woodcock,Sean Woodcock,FALSE,TRUE,,Male,,,,Labour,,,,https://www.theyworkforyou.com/mp/26552/sean_woodcock/banbury,1986,Unknown,,seanlwoodcock.bsky.social,SEANLWOODCOCK,https://en.wikipedia.org/wiki/Sean_Woodcock
4934,26056,Helen Morgan,Helen Morgan,FALSE,TRUE,,Female,,21-Dec,TRUE,Liberal Democrat,,,,https://www.theyworkforyou.com/mp/26056/helen_morgan/north_shropshire,1975,Unknown,,helenmorganlibdem.bsky.social,HelenMorganMP,https://en.wikipedia.org/wiki/Helen_Morgan_(politician)
5046,26336,Andrew Ranger,Andrew Ranger,FALSE,TRUE,,Male,,,,Labour,,,,https://www.theyworkforyou.com/mp/26336/andrew_ranger/wrexham,,Unknown,,andrewranger-mp.bsky.social,AndrewRangerMP,https://en.wikipedia.org/wiki/Andrew_Ranger_(politician)
4764,25856,Bell Ribeiro-Addy,Bell Ribeiro-Addy,TRUE,TRUE,,Female,,19-Dec,FALSE,Labour,,,,https://www.theyworkforyou.com/mp/25856/bell_ribeiro-addy/clapham_and_brixton_hill,1985,Minority,Black British,bellribeiroaddy.bsky.social,BellRibeiroAddy,https://en.wikipedia.org/wiki/Bell_Ribeiro-Addy
5319,25141,Robin Swann,Robin Swann,FALSE,TRUE,,Male,,,,Ulster Unionist Party,,,,https://www.theyworkforyou.com/mp/25141/robin_swann/south_antrim,1971,Unknown,,robinswannmp.bsky.social,RobinSwann_MP,https://en.wikipedia.org/wiki/Robin_Swann
4026,24816,Liz Kendall,Liz Kendall,FALSE,TRUE,,Female,,10-May,FALSE,Labour,2.38615E+11,,,https://www.theyworkforyou.com/mp/24816/liz_kendall/leicester_west,1971,Unknown,,lizforleicester.bsky.social,leicesterliz,https://en.wikipedia.org/wiki/Liz_Kendall
5184,26493,Daniel Francis,Daniel Francis,FALSE,TRUE,,Male,,,,Labour,,,,https://www.theyworkforyou.com/mp/26493/daniel_francis/bexleyheath_and_crayford,,Unknown,,danfrancis02.bsky.social,danfrancis02,https://en.wikipedia.org/wiki/Daniel_Francis_(politician)
5160,26472,Jenny Riddell-Carpenter,Jenny Riddell-Carpenter,FALSE,TRUE,,Female,,24-Jul,FALSE,Labour,,,,https://www.theyworkforyou.com/mp/26472/jenny_riddell-carpenter/suffolk_coastal,1986,Unknown,,jenny4suffcoast.bsky.social,Jenny4SuffCoast,https://en.wikipedia.org/wiki/Jenny_Riddell-Carpenter
5124,26485,Markus Campbell-Savours,Markus Campbell-Savours,TRUE,TRUE,,Male,,,,Labour,,,,https://www.theyworkforyou.com/mp/26485/markus_campbell-savours/penrith_and_solway,1981,Unknown,,campbellsavours.bsky.social,MCSavours,https://en.wikipedia.org/wiki/Markus_Campbell-Savours
4765,25872,Wendy Chamberlain,Wendy Chamberlain,FALSE,TRUE,,Female,,19-Dec,FALSE,Liberal Democrat,,,,https://www.theyworkforyou.com/mp/25872/wendy_chamberlain/north_east_fife,1976,Unknown,,wendychambld.bsky.social,wendychambLD,https://en.wikipedia.org/wiki/Wendy_Chamberlain
5176,26489,Baggy Shanker,Baggy Shanker,TRUE,TRUE,,Male,,,,Labour (Co-op),,,,https://www.theyworkforyou.com/mp/26489/baggy_shanker/derby_south,,Minority,British Indian,baggyshanker.bsky.social,BaggyShanker,https://en.wikipedia.org/wiki/Baggy_Shanker
4263,25165,Lucy Powell,Lucy Powell,FALSE,TRUE,,Female,,12-Nov,TRUE,Labour (Co-op),lucy4mcr,,,https://www.theyworkforyou.com/mp/25165/lucy_powell/manchester_central,1974,Unknown,,lucympowell.bsky.social,LucyMPowell,https://en.wikipedia.org/wiki/Lucy_Powell
5242,26551,Michael Wheeler,Michael Wheeler,FALSE,TRUE,,Male,,,,Labour,,,,https://www.theyworkforyou.com/mp/26551/michael_wheeler/worsley_and_eccles,,Unknown,,mwheelermp.bsky.social,MWheelerMP,https://en.wikipedia.org/wiki/Michael_Wheeler_(politician)
4425,25304,Jo Stevens,Jo Stevens,FALSE,TRUE,,Female,,15-May,FALSE,Labour,JoStevensLabour,,,https://www.theyworkforyou.com/mp/25304/jo_stevens/cardiff_east,1966,Unknown,,jostevenslabour.bsky.social,jostevenslabour,https://en.wikipedia.org/wiki/Jo_Stevens
5304,26607,Danny Chambers,Danny Chambers,FALSE,TRUE,,Male,,,,Liberal Democrat,,,,https://www.theyworkforyou.com/mp/26607/danny_chambers/winchester,1982,Unknown,,dannychambers.bsky.social,DannyVet,https://en.wikipedia.org/wiki/Danny_Chambers
4656,25689,Layla Moran,Layla Moran,FALSE,TRUE,,Female,,17-Jun,FALSE,Liberal Democrat,LaylaMoranUK,,,https://www.theyworkforyou.com/mp/25689/layla_moran/oxford_west_and_abingdon,1982,Minority,British Palestinian/White British (Mixed),laylamoran.bsky.social,laylamoran,https://en.wikipedia.org/wiki/Layla_Moran
4020,24817,George Freeman,George Freeman,FALSE,TRUE,,Male,,,,Conservative,GeorgeFreemanMidNorfolk,,,https://www.theyworkforyou.com/mp/24817/george_freeman/mid_norfolk,1967,Unknown,,georgefreemanmp.bsky.social,MPGeorgeFreeman,https://en.wikipedia.org/wiki/George_Freeman_(politician)
5278,26542,Uma Kumaran,Uma Kumaran,TRUE,TRUE,,Female,,24-Jul,FALSE,Labour,UmaKumaranMP,uma.kumaran.mp,UmaKumaranMP,https://www.theyworkforyou.com/mp/26542/uma_kumaran/stratford_and_bow,,Minority,British Sri Lankan,umakumaran.bsky.social,Uma_Kumaran,https://en.wikipedia.org/wiki/Uma_Kumaran
5120,26364,Shockat Adam,Shockat Adam,TRUE,TRUE,,Male,,,,Independent,,,,https://www.theyworkforyou.com/mp/26364/shockat_adam/leicester_south,1972,Minority,British Indian,shockatadam.bsky.social,ShockatAdam,https://en.wikipedia.org/wiki/Shockat_Adam
5117,26410,Sarah Smith,Sarah Smith,FALSE,TRUE,,Female,,24-Jul,FALSE,Labour,SarahSmithForHH,sarah_smith_mp,,https://www.theyworkforyou.com/mp/26410/sarah_smith/hyndburn,1986,Unknown,,sarahsmithlab.bsky.social,sarahsmithlab,https://en.wikipedia.org/wiki/Sarah_Smith_(politician)
5317,26537,Paul Davies,Paul Davies,FALSE,TRUE,,Male,,,,Labour,,,,https://www.theyworkforyou.com/mp/26537/paul_davies/colne_valley,1957,Unknown,,pauldaviesmp.bsky.social,PaulDaviesPembs,https://en.wikipedia.org/wiki/Paul_Davies_(Labour_politician)
1533,11647,Diana Johnson,Diana R. Johnson,FALSE,TRUE,,Female,,5-May,FALSE,Labour,DianaJohnsonHullNorth,,,https://www.theyworkforyou.com/mp/11647/diana_r._johnson/kingston_upon_hull_north_and_cottingham,1966,Unknown,,damedianajohnson.bsky.social,DianaJohnsonMP,https://en.wikipedia.org/wiki/Diana_Johnson
5146,26408,Michael Payne,Michael Payne,FALSE,TRUE,,Male,,,,Labour,,,,https://www.theyworkforyou.com/mp/26408/michael_payne/gedling,,Unknown,,michaelpaynemp.bsky.social,MichaelPayneUK,https://en.wikipedia.org/wiki/Michael_Payne_(politician)
4370,25364,Jess Phillips,Jess Phillips,FALSE,TRUE,,Female,,15-May,FALSE,Labour,jessphillipsyardley,,,https://www.theyworkforyou.com/mp/25364/jess_phillips/birmingham_yardley,1981,Unknown,,jessphillipsmp.bsky.social,jessphillips,https://en.wikipedia.org/wiki/Jess_Phillips
4316,25220,Mike Kane,Mike Kane,FALSE,TRUE,,Male,,,,Labour,mikekanemp,,,https://www.theyworkforyou.com/mp/25220/mike_kane/wythenshawe_and_sale_east,1969,Unknown,,mikekanemp.bsky.social,MikeKaneMP,https://en.wikipedia.org/wiki/Mike_Kane
4779,25915,Taiwo Owatemi,Taiwo Owatemi,TRUE,TRUE,,Female,,19-Dec,FALSE,Labour,,,,https://www.theyworkforyou.com/mp/25915/taiwo_owatemi/coventry_north_west,1992,Minority,Black British,taiwoowatemi.bsky.social,TaiwoOwatemi,https://en.wikipedia.org/wiki/Taiwo_Owatemi
5155,26415,Chris Kane,Chris Kane,FALSE,TRUE,Aug-76,Male,,24-Jul,FALSE,Labour,chriskanemp,chriskanemp,ChrisKaneMP,https://www.theyworkforyou.com/mp/26415/chris_kane/stirling_and_strathallan,1976,Unknown,,chriskanemp.bsky.social,chriswkane,https://en.wikipedia.org/wiki/Chris_Kane_(politician)
4571,25489,Gill Furniss,Gill Furniss,TRUE,TRUE,,Female,,16-May,TRUE,Labour,,,,https://www.theyworkforyou.com/mp/25489/gill_furniss/sheffield_brightside_and_hillsborough,1957,Unknown,,gillfurnissmp.bsky.social,gillfurnissmp,https://en.wikipedia.org/wiki/Gill_Furniss
4139,24963,Ian Lavery,Ian Lavery,TRUE,TRUE,,Male,,,,Labour,IanLaveryMP,,,https://www.theyworkforyou.com/mp/24963/ian_lavery/blyth_and_ashington,1963,Unknown,,laverymp.bsky.social,IanLaveryMP,https://en.wikipedia.org/wiki/Ian_Lavery
4602,25648,Wera Hobhouse,Wera Hobhouse,TRUE,TRUE,,Female,,17-Jun,FALSE,Liberal Democrat,WeraHobhouse,,,https://www.theyworkforyou.com/mp/25648/wera_hobhouse/bath,1960,Unknown,,werahobhouse.org.uk,Wera_Hobhouse,https://en.wikipedia.org/wiki/Wera_Hobhouse
5025,26305,Chris Webb,Chris Webb,FALSE,TRUE,,Male,,,,Labour,,,,https://www.theyworkforyou.com/mp/26305/chris_webb/blackpool_south,1986,Unknown,,chriswebbmp.bsky.social,ChrisWebbMP,https://en.wikipedia.org/wiki/Chris_Webb
4776,25820,Munira Wilson,Munira Wilson,TRUE,TRUE,,Female,,19-Dec,FALSE,Liberal Democrat,,,,https://www.theyworkforyou.com/mp/25820/munira_wilson/twickenham,1978,Minority,British Indian,munirawilson.bsky.social,munirawilson,https://en.wikipedia.org/wiki/Munira_Wilson
5253,13952,Richard Baker,Richard Baker,FALSE,TRUE,,Male,,,,Labour,,,,https://www.theyworkforyou.com/mp/13952/richard_baker/glenrothes_and_mid_fife,,Unknown,,richardbakermp.bsky.social,RichardBakerMP,https://en.wikipedia.org/wiki/Richard_Baker
5216,26511,Caroline Voaden,Caroline Voaden,TRUE,TRUE,,Female,,24-Jul,FALSE,Liberal Democrat,,,,https://www.theyworkforyou.com/mp/26511/caroline_voaden/south_devon,1968,Unknown,,carolinevoadenmp.bsky.social,CarolineVoaden,https://en.wikipedia.org/wiki/Caroline_Voaden
4818,25847,Saqib Bhatti,Saqib Bhatti,TRUE,TRUE,,Male,,,,Conservative,,,,https://www.theyworkforyou.com/mp/25847/saqib_bhatti/meriden_and_solihull_east,1985,Minority,British Pakistani,saqibbhattimp.bsky.social,bhatti_saqib,https://en.wikipedia.org/wiki/Saqib_Bhatti
1541,11692,Nia Griffith,Nia Griffith,FALSE,TRUE,,Female,,5-May,FALSE,Labour,Nia-Griffith-MP-154165864657660,,,https://www.theyworkforyou.com/mp/11692/nia_griffith/llanelli,1956,Unknown,,niagriffith.bsky.social,NiaGriffithMP,https://en.wikipedia.org/wiki/Nia_Griffith
4500,25356,Clive Lewis,Clive Lewis,FALSE,TRUE,,Male,,,,Labour,labourclivelewis,,,https://www.theyworkforyou.com/mp/25356/clive_lewis/norwich_south,1971,Minority,Black British/White British (Mixed),labourlewis.bsky.social,labourlewis,https://en.wikipedia.org/wiki/Clive_Lewis_(politician)
5036,26314,Jodie Gosling,Jodie Gosling,FALSE,TRUE,,Female,,24-Jul,FALSE,Labour,,,,https://www.theyworkforyou.com/mp/26314/jodie_gosling/nuneaton,1972,Unknown,,jodiegoslingmp.bsky.social,JodieGoslingMP,https://en.wikipedia.org/wiki/Jodie_Gosling
4501,25289,Gerald Jones,Gerald Jones,FALSE,TRUE,,Male,,,,Labour,GeraldJonesLabour,,,https://www.theyworkforyou.com/mp/25289/gerald_jones/merthyr_tydfil_and_aberdare,1970,Unknown,,geraldjoneslabour.bsky.social,geraldjoneslab,https://en.wikipedia.org/wiki/Gerald_Jones
4918,26034,Sarah Green,Sarah Green,FALSE,TRUE,,Female,,21-Jun,TRUE,Liberal Democrat,,,,https://www.theyworkforyou.com/mp/26034/sarah_green/chesham_and_amersham,1982,Unknown,,sarahgreenld.bsky.social,SarahGreenLD,https://en.wikipedia.org/wiki/Sarah_Green_(politician)
5111,26484,Martin Wrigley,Martin Wrigley,FALSE,TRUE,,Male,,,,Liberal Democrat,,,,https://www.theyworkforyou.com/mp/26484/martin_wrigley/newton_abbot,,Unknown,,martinwrigley.bsky.social,MartinWrigley,https://en.wikipedia.org/wiki/Martin_Wrigley
5307,26515,Dr Beccy Cooper,Beccy Cooper,TRUE,TRUE,,Female,,24-Jul,FALSE,Labour,,,,https://www.theyworkforyou.com/mp/26515/beccy_cooper/worthing_west,,Unknown,,drbeccycoopermp.bsky.social,BeccyCooper4Lab,https://en.wikipedia.org/wiki/Beccy_Cooper
4264,25166,Stephen Doughty,Stephen Doughty,FALSE,TRUE,,Male,,,,Labour (Co-op),StephenDoughtyMP,,,https://www.theyworkforyou.com/mp/25166/stephen_doughty/cardiff_south_and_penarth,1980,Unknown,,sdoughtymp.bsky.social,SDoughtyMP,https://en.wikipedia.org/wiki/Stephen_Doughty
4788,25813,Fleur Anderson,Fleur Anderson,FALSE,TRUE,,Female,,19-Dec,FALSE,Labour,,,,https://www.theyworkforyou.com/mp/25813/fleur_anderson/putney,1971,Unknown,,fleuranderson.bsky.social,PutneyFleur,https://en.wikipedia.org/wiki/Fleur_Anderson
5187,26456,Josh Dean,Josh Dean,FALSE,TRUE,,Male,,,,Labour,,,,https://www.theyworkforyou.com/mp/26456/josh_dean/hertford_and_stortford,1999,Unknown,,joshdeanmp.bsky.social,JoshDeanMP,https://en.wikipedia.org/wiki/Josh_Dean_(politician)
5336,26627,Helen Maguire,Helen Maguire,FALSE,TRUE,,Female,,24-Jul,FALSE,Liberal Democrat,,,,https://www.theyworkforyou.com/mp/26627/helen_maguire/epsom_and_ewell,1977,Unknown,,helenmaguiremp.bsky.social,helenmaguiremp,https://en.wikipedia.org/wiki/Helen_Maguire
1442,10785,Alistair Carmichael,Alistair Carmichael,FALSE,TRUE,,Male,,,,Liberal Democrat,AlistairForOrkneyandShetland,,,https://www.theyworkforyou.com/mp/10785/alistair_carmichael/orkney_and_shetland,1965,Unknown,,amcarmichaelmp.bsky.social,amcarmichaelMP,https://en.wikipedia.org/wiki/Alistair_Carmichael
5202,26567,Jessica Toale,Jessica Toale,TRUE,TRUE,,Female,,24-Jul,FALSE,Labour,,,,https://www.theyworkforyou.com/mp/26567/jessica_toale/bournemouth_west,,Unknown,,jessicatoale.bsky.social,JessicaToale,https://en.wikipedia.org/wiki/Jessica_Toale
4434,25324,Stephen Gethins,Stephen Gethins,TRUE,TRUE,,Male,,,,Scottish National Party,StephenGethinsSNP,,,https://www.theyworkforyou.com/mp/25324/stephen_gethins/arbroath_and_broughty_ferry,1976,Unknown,,stephengethins.bsky.social,stephengethins,https://en.wikipedia.org/wiki/Stephen_Gethins
5056,26341,Jen Craft,Jennifer Craft,FALSE,TRUE,,Female,,24-Jul,FALSE,Labour,thurrockjen,thurrockjen,,https://www.theyworkforyou.com/mp/26341/jennifer_craft/thurrock,1985,Unknown,,thurrockjen.bsky.social,ThurrockJen,https://en.wikipedia.org/wiki/Jen_Craft
5329,26624,John Milne,John Milne,FALSE,TRUE,,Male,,,,Liberal Democrat,,,,https://www.theyworkforyou.com/mp/26624/john_milne/horsham,1960,Unknown,,johnmilnehorsham.bsky.social,JohnMilneLD,https://en.wikipedia.org/wiki/John_Milne_(British_politician)
5355,26635,Sarah Bool,Sarah Bool,TRUE,TRUE,,Female,,24-Jul,FALSE,Conservative,,,,https://www.theyworkforyou.com/mp/26635/sarah_bool/south_northamptonshire,1987,Unknown,,sarahbool.bsky.social,sarah_bool,https://en.wikipedia.org/wiki/Sarah_Bool
5238,26580,Alex Ballinger,Alex Ballinger,TRUE,TRUE,,Male,,,,Labour,,,,https://www.theyworkforyou.com/mp/26580/alex_ballinger/halesowen,,Unknown,,alexballingermp.bsky.social,AlexBallingerMP,https://en.wikipedia.org/wiki/Alex_Ballinger
4471,25433,Rachael Maskell,Rachael Maskell,TRUE,TRUE,,Female,,15-May,FALSE,Labour (Co-op),rachaelmaskell4york,,,https://www.theyworkforyou.com/mp/25433/rachael_maskell/york_central,1972,Unknown,,rachaelmaskell.bsky.social,rachaelmaskell,https://en.wikipedia.org/wiki/Rachael_Maskell
5221,26583,Steve Witherden,Steve Witherden,TRUE,TRUE,,Male,,,,Labour,stevewitherdenwales,stevewitherden,SteveWitherdenMP,https://www.theyworkforyou.com/mp/26583/steve_witherden/montgomeryshire_and_glynd%C5%B5r,,Unknown,,stevewitherdenmp.bsky.social,switherdenmp,https://en.wikipedia.org/wiki/Steve_Witherden
5136,26409,Imogen Walker,Imogen Walker,FALSE,TRUE,,Female,,24-Jul,FALSE,Labour,,,,https://www.theyworkforyou.com/mp/26409/imogen_walker/hamilton_and_clyde_valley,,Unknown,,imogenwalker.bsky.social,imogenwalker,https://en.wikipedia.org/wiki/Imogen_Walker
5338,26616,Terry Jermy,Terry Jermy,TRUE,TRUE,,Male,,,,Labour,,,,https://www.theyworkforyou.com/mp/26616/terry_jermy/south_west_norfolk,1985,Unknown,,terryjermymp.bsky.social,TerryJermyMP,https://en.wikipedia.org/wiki/Terry_Jermy
4869,25845,Nadia Whittome,Nadia Whittome,TRUE,TRUE,,Female,,19-Dec,FALSE,Labour,,,,https://www.theyworkforyou.com/mp/25845/nadia_whittome/nottingham_east,1996,Minority,Anglo-Indian,nadiawhittomemp.bsky.social,NadiaWhittomeMP,https://en.wikipedia.org/wiki/Nadia_Whittome
5127,26564,John Slinger,John Slinger,TRUE,TRUE,,Male,,,,Labour,,,,https://www.theyworkforyou.com/mp/26564/john_slinger/rugby,1975,Unknown,,johnslingermp.bsky.social,JohnSlinger,https://en.wikipedia.org/wiki/John_Slinger
5095,26378,Kirith Entwistle,Kirith Entwistle,TRUE,TRUE,,Female,,24-Jul,FALSE,Labour,,,,https://www.theyworkforyou.com/mp/26378/kirith_entwistle/bolton_north_east,1991,Minority,British Indian,kirithentwistle.bsky.social,kirith_ae,https://en.wikipedia.org/wiki/Kirith_Entwistle
4418,25378,Justin Madders,Justin Madders,TRUE,TRUE,,Male,,,,Labour,justinmaddersforepn,,,https://www.theyworkforyou.com/mp/25378/justin_madders/ellesmere_port_and_bromborough,1972,Unknown,,justinmadders.bsky.social,justinmadders,https://en.wikipedia.org/wiki/Justin_Madders
5283,26498,Alison Bennett,Alison Bennett,FALSE,TRUE,,Female,,24-Jul,FALSE,Liberal Democrat,,,,https://www.theyworkforyou.com/mp/26498/alison_bennett/mid_sussex,,Unknown,,alisonebennett.bsky.social,AlisonEBennett,https://en.wikipedia.org/wiki/Alison_Bennett
5089,26354,Ben Obese-Jecty,Ben Obese-Jecty,TRUE,TRUE,,Male,,,,Conservative,,,,https://www.theyworkforyou.com/mp/26354/ben_obese-jecty/huntingdon,1979,Minority,Black British/White British (Mixed),benobesejecty.bsky.social,BenObeseJecty,https://en.wikipedia.org/wiki/Ben_Obese-Jecty
5228,26479,Maya Ellis,Maya Ellis,FALSE,TRUE,,Female,,24-Jul,FALSE,Labour,,,,https://www.theyworkforyou.com/mp/26479/maya_ellis/ribble_valley,1988,Unknown,,mayaellismp.bsky.social,mayaellisuk,https://en.wikipedia.org/wiki/Maya_Ellis
4484,25285,Alan Mak,Alan Mak,FALSE,TRUE,,Male,,,,Conservative,AlanMakHavant,,,https://www.theyworkforyou.com/mp/25285/alan_mak/havant,1983,Minority,British Chinese,alanmakmp.bsky.social,AlanMakMP,https://en.wikipedia.org/wiki/Alan_Mak_(politician)
5272,26495,Margaret Mullane,Margaret Mullane,TRUE,TRUE,,Female,,24-Jul,FALSE,Labour,,,,https://www.theyworkforyou.com/mp/26495/margaret_mullane/dagenham_and_rainham,,Unknown,,margaretmullanemp.bsky.social,Margaret4DR,https://en.wikipedia.org/wiki/Margaret_Mullane
5235,26599,Al Carns,Alistair Carns,TRUE,TRUE,,Male,,,,Labour,,,,https://www.theyworkforyou.com/mp/26599/alistair_carns/birmingham_selly_oak,1980,Unknown,,alcarns.bsky.social,AlistairCarns,https://en.wikipedia.org/wiki/Al_Carns
5190,13984,Patricia Ferguson,Patricia Ferguson,FALSE,TRUE,,Female,,24-Jul,FALSE,Labour,,,,https://www.theyworkforyou.com/mp/13984/patricia_ferguson/glasgow_west,1958,Unknown,,pjferguson.bsky.social,PJFerguson18,https://en.wikipedia.org/wiki/Patricia_Ferguson
5167,26428,Gregor Poynton,Gregor Poynton,TRUE,TRUE,,Male,,,,Labour,,,,https://www.theyworkforyou.com/mp/26428/gregor_poynton/livingston,1982,Unknown,,gregorpoynton.bsky.social,gregorpoynton,https://en.wikipedia.org/wiki/Gregor_Poynton
5105,26358,Jo White,Jo White,FALSE,TRUE,,Female,,24-Jul,FALSE,Labour,,,,https://www.theyworkforyou.com/mp/26358/jo_white/bassetlaw,1964,Unknown,,jowhitemp.bsky.social,JoWhiteSays,https://en.wikipedia.org/wiki/Jo_White
4943,26085,Simon Lightwood,Simon Lightwood,TRUE,TRUE,,Male,,,,Labour (Co-op),,,,https://www.theyworkforyou.com/mp/26085/simon_lightwood/wakefield_and_rothwell,1980,Unknown,,simonlightwood.org.uk,simonlightwood,https://en.wikipedia.org/wiki/Simon_Lightwood
4480,25308,Carolyn Harris,Carolyn Harris,FALSE,TRUE,,Female,,15-May,FALSE,Labour,CarolynHarrisMPSwanseaEast,,,https://www.theyworkforyou.com/mp/25308/carolyn_harris/neath_and_swansea_east,1960,Unknown,,carolynharris.bsky.social,carolynharris24,https://en.wikipedia.org/wiki/Carolyn_Harris
4617,25701,Matt Western,Matt Western,FALSE,TRUE,,Male,,,,Labour,MattWesternMP,,,https://www.theyworkforyou.com/mp/25701/matt_western/warwick_and_leamington,,Unknown,,mattwestern.bsky.social,mattwestern_,https://en.wikipedia.org/wiki/Matt_Western
5143,26405,Catherine Atkinson,Catherine Atkinson,FALSE,TRUE,,Female,,24-Jul,FALSE,Labour,,,,https://www.theyworkforyou.com/mp/26405/catherine_atkinson/derby_north,,Unknown,,catherineatkinson.bsky.social,catkinson80,https://en.wikipedia.org/wiki/Catherine_Atkinson
5310,26584,Lee Dillon,Lee Dillon,FALSE,TRUE,,Male,,,,Liberal Democrat,,,,https://www.theyworkforyou.com/mp/26584/lee_dillon/newbury,1983,Unknown,,leedillonmp.bsky.social,LeeRJdillon,https://en.wikipedia.org/wiki/Lee_Dillon
4976,26118,Samantha Dixon,Samantha Dixon,FALSE,TRUE,,Female,,22-Dec,TRUE,Labour,,,,https://www.theyworkforyou.com/mp/26118/samantha_dixon/chester_north_and_neston,,Unknown,,samanthadixonmp.bsky.social,SamanthaDixonMP,https://en.wikipedia.org/wiki/Samantha_Dixon
5223,26547,Jim Dickson,Jim Dickson,FALSE,TRUE,,Male,,,,Labour,,,,https://www.theyworkforyou.com/mp/26547/jim_dickson/dartford,1964,Unknown,,jimdickson.bsky.social,Jim4Dartford,https://en.wikipedia.org/wiki/Jim_Dickson_(politician)
5053,26343,Natalie Fleet,Natalie Fleet,FALSE,TRUE,,Female,,24-Jul,FALSE,Labour,,nataliefleetmp,,https://www.theyworkforyou.com/mp/26343/natalie_fleet/bolsover,1984,Unknown,,natalie-fleet-mp.bsky.social,NatalieFleetMP,https://en.wikipedia.org/wiki/Natalie_Fleet
5041,26332,Shaun Davies,Shaun Davies,FALSE,TRUE,,Male,,,,Labour,,,,https://www.theyworkforyou.com/mp/26332/shaun_davies/telford,,Unknown,,shaundaviesmp.bsky.social,ShaunDaviesMP,https://en.wikipedia.org/wiki/Shaun_Davies_(politician)
5177,26359,Ann Davies,Ann Davies,FALSE,TRUE,,Female,,24-Jul,FALSE,Plaid Cymru,,,,https://www.theyworkforyou.com/mp/26359/ann_davies/caerfyrddin,1962,Unknown,,anndaviesplaid.bsky.social,AnnBremenda,https://en.wikipedia.org/wiki/Ann_Davies_(politician)
5266,26605,Mike Tapp,Mike Tapp,TRUE,TRUE,,Male,,,,Labour,,,,https://www.theyworkforyou.com/mp/26605/mike_tapp/dover_and_deal,1985,Unknown,,miketapp.bsky.social,MikeTappTweets,https://en.wikipedia.org/wiki/Mike_Tapp
5038,26318,Anneliese Midgley,Anneliese Midgley,TRUE,TRUE,,Female,,24-Jul,FALSE,Labour,,,,https://www.theyworkforyou.com/mp/26318/anneliese_midgley/knowsley,,Unknown,,anneliesemidgleymp.bsky.social,anneliese_midge,https://en.wikipedia.org/wiki/Anneliese_Midgley
410,10604,Jon Trickett,Jon Trickett,TRUE,TRUE,,Male,,,,Labour,jon.trickett,,,https://www.theyworkforyou.com/mp/10604/jon_trickett/normanton_and_hemsworth,1950,Unknown,,jontrickett.bsky.social,jon_trickett,https://en.wikipedia.org/wiki/Jon_Trickett
4436,25432,Cat Smith,Cat Smith,FALSE,TRUE,,Female,,15-May,FALSE,Labour,catsmithmp,,,https://www.theyworkforyou.com/mp/25432/cat_smith/lancaster_and_wyre,1985,Unknown,,catsmithmp.bsky.social,CatSmithMP,https://en.wikipedia.org/wiki/Cat_Smith
5130,26417,Matt Turmaine,Matt Turmaine,TRUE,TRUE,,Male,,,,Labour,,,,https://www.theyworkforyou.com/mp/26417/matt_turmaine/watford,1969,Unknown,,turmaine.bsky.social,Turmaine,https://en.wikipedia.org/wiki/Matt_Turmaine
4449,25313,Anna Turley,Anna Turley,TRUE,TRUE,,Female,,15-May,FALSE,Labour (Co-op),Anna4Redcar,,,https://www.theyworkforyou.com/mp/25313/anna_turley/redcar,1978,Unknown,,annaturley.bsky.social,annaturley,https://en.wikipedia.org/wiki/Anna_Turley
5080,26448,Alan Strickland,Alan Strickland,FALSE,TRUE,,Male,,,,Labour,,,,https://www.theyworkforyou.com/mp/26448/alan_strickland/newton_aycliffe_and_spennymoor,,Unknown,,alanstricklandmp.bsky.social,AlanStrickland,https://en.wikipedia.org/wiki/Alan_Strickland
4515,25365,Kate Osamor,Kate Osamor,TRUE,TRUE,,Female,,15-May,FALSE,Labour (Co-op),KateOsamor,,,https://www.theyworkforyou.com/mp/25365/kate_osamor/edmonton_and_winchmore_hill,1968,Minority,Black British,kateosamormp.bsky.social,kateosamor,https://en.wikipedia.org/wiki/Kate_Osamor
5106,26442,David Burton-Sampson,David Burton-Sampson,FALSE,TRUE,,Male,,,,Labour,,,,https://www.theyworkforyou.com/mp/26442/david_burton-sampson/southend_west_and_leigh,1977,Minority,Black British/White British (Mixed),davidbsampson.bsky.social,DavidBSampson,https://en.wikipedia.org/wiki/David_Burton-Sampson
4623,25634,Tonia Antoniazzi,Tonia Antoniazzi,TRUE,TRUE,,Female,,17-Jun,FALSE,Labour,ToniaForGower,,,https://www.theyworkforyou.com/mp/25634/tonia_antoniazzi/gower,1971,Unknown,,tonia-antoniazzi.bsky.social,ToniaAntoniazzi,https://en.wikipedia.org/wiki/Tonia_Antoniazzi
4394,25375,Imran Hussain,Imran Hussain,FALSE,TRUE,,Male,,,,Labour,Imran-Hussain-MP,,,https://www.theyworkforyou.com/mp/25375/imran_hussain/bradford_east,,Minority,British Pakistani,imranhussainmp.bsky.social,Imran_HussainMP,https://en.wikipedia.org/wiki/Imran_Hussain
5240,26610,Melanie Ward,Melanie Ward,FALSE,TRUE,,Female,,24-Jul,FALSE,Labour,,,,https://www.theyworkforyou.com/mp/26610/melanie_ward/cowdenbeath_and_kirkcaldy,1981,Unknown,,melanieward.bsky.social,melanie_ward,https://en.wikipedia.org/wiki/Melanie_Ward
4651,25642,Dan Carden,Dan Carden,TRUE,TRUE,,Male,,,,Labour,,,,https://www.theyworkforyou.com/mp/25642/dan_carden/liverpool_walton,1986,Unknown,,dancardenmp.bsky.social,DanCardenMP,https://en.wikipedia.org/wiki/Dan_Carden
4607,25617,Stephanie Peacock,Stephanie Peacock,FALSE,TRUE,,Female,,17-Jun,FALSE,Labour,,,,https://www.theyworkforyou.com/mp/25617/stephanie_peacock/barnsley_south,1986,Unknown,,stephanie-peacock.bsky.social,Steph_Peacock,https://en.wikipedia.org/wiki/Stephanie_Peacock
5082,26486,Jake Richards,Jake Richards,FALSE,TRUE,,Male,,,,Labour,,,,https://www.theyworkforyou.com/mp/26486/jake_richards/rother_valley,1989,Unknown,,jakerichardsmp.bsky.social,JakeBenRichards,https://en.wikipedia.org/wiki/Jake_Richards_(politician)
5125,26071,Sorcha Eastwood,Sorcha Eastwood,TRUE,TRUE,,Female,,24-Jul,FALSE,Alliance,,,,https://www.theyworkforyou.com/mp/26071/sorcha_eastwood/lagan_valley,1985,Unknown,,sorchaeastwood.bsky.social,SorchaEastwood,https://en.wikipedia.org/wiki/Sorcha_Eastwood
4871,25874,Christian Wakeford,Christian Wakeford,TRUE,TRUE,,Male,,,,Labour,,,,https://www.theyworkforyou.com/mp/25874/christian_wakeford/bury_south,1984,Unknown,,christian4burys.bsky.social,Christian4BuryS,https://en.wikipedia.org/wiki/Christian_Wakeford
,25302,Liz Saville-Roberts,Liz Saville-Roberts,FALSE,TRUE,,Female,,15-May,FALSE,Plaid Cymru,LizSavilleRoberts,,,https://www.theyworkforyou.com/mp/25302/liz_saville-roberts/dwyfor_meirionnydd,1964,Unknown,,lsrplaid.bsky.social,lsrplaid,https://en.wikipedia.org/wiki/Liz_Saville_Roberts
4846,25130,Colum Eastwood,Colum Eastwood,TRUE,TRUE,,Male,,,,Social Democratic & Labour Party,,,,https://www.theyworkforyou.com/mp/25130/colum_eastwood/foyle,1983,Unknown,,columeastwood.ie,columeastwood,https://en.wikipedia.org/wiki/Colum_Eastwood
4938,26061,Paulette Hamilton,Paulette Hamilton,FALSE,TRUE,,Female,,22-Mar,TRUE,Labour,,,,https://www.theyworkforyou.com/mp/26061/paulette_hamilton/birmingham_erdington,1962,Minority,Black British,paulettehamiltonmp.bsky.social,PauletteHamilto,https://en.wikipedia.org/wiki/Paulette_Hamilton
5282,26502,Dan Tomlinson,Dan Tomlinson,FALSE,TRUE,,Male,,,,Labour,,,,https://www.theyworkforyou.com/mp/26502/dan_tomlinson/chipping_barnet,1992,Unknown,,dantomlinson.bsky.social,dantomlinsonmp,https://en.wikipedia.org/wiki/Dan_Tomlinson
5188,26526,Tracy Gilbert,Tracy Gilbert,FALSE,TRUE,,Female,,24-Jul,FALSE,Labour,,,,https://www.theyworkforyou.com/mp/26526/tracy_gilbert/edinburgh_north_and_leith,,Unknown,,tracygilbertmp.bsky.social,tracygilbert72,https://en.wikipedia.org/wiki/Tracy_Gilbert
5151,26397,David Williams,David Williams,FALSE,TRUE,,Male,,,,Labour,,,,https://www.theyworkforyou.com/mp/26397/david_williams/stoke-on-trent_north,,Unknown,,davidwilliamsmp.bsky.social,david4lcs,https://en.wikipedia.org/wiki/David_Williams_(Stoke-on-Trent_North_MP)
491,10182,Angela Eagle,Angela Eagle,FALSE,TRUE,,Female,,Apr-92,FALSE,Labour,angela4labour,,,https://www.theyworkforyou.com/mp/10182/angela_eagle/wallasey,1961,Unknown,,angelaeagle1.bsky.social,angelaeagle,https://en.wikipedia.org/wiki/Angela_Eagle
5288,26593,Al Pinkerton,Al Pinkerton,FALSE,TRUE,,Male,,,,Liberal Democrat,,,,https://www.theyworkforyou.com/mp/26593/al_pinkerton/surrey_heath,,Unknown,,alpinkerton.bsky.social,AlPinkerton,https://en.wikipedia.org/wiki/Al_Pinkerton
4046,24709,Bridget Phillipson,Bridget Phillipson,TRUE,TRUE,,Female,,10-May,FALSE,Labour,bridgetphillipson,,,https://www.theyworkforyou.com/mp/24709/bridget_phillipson/houghton_and_sunderland_south,1983,Unknown,,bphillipsonmp.bsky.social,bphillipsonMP,https://en.wikipedia.org/wiki/Bridget_Phillipson
5148,26446,Hamish Falconer,Hamish Falconer,FALSE,TRUE,,Male,,,,Labour,,,,https://www.theyworkforyou.com/mp/26446/hamish_falconer/lincoln,1985,Unknown,,mphamishfalconer.bsky.social,HFalconerMP,https://en.wikipedia.org/wiki/Hamish_Falconer
5078,26421,Pippa Heylings,Pippa Heylings,TRUE,TRUE,,Female,,24-Jul,FALSE,Liberal Democrat,,,,https://www.theyworkforyou.com/mp/26421/pippa_heylings/south_cambridgeshire,,Unknown,,pippaheylings.bsky.social,pippaheylings,https://en.wikipedia.org/wiki/Pippa_Heylings
5287,26549,Tim Roca,Tim Roca,FALSE,TRUE,,Male,,,,Labour,,,,https://www.theyworkforyou.com/mp/26549/tim_roca/macclesfield,1985,Unknown,,timrocamp.bsky.social,Tim_Roca,https://en.wikipedia.org/wiki/Tim_Roca
4444,25390,Karin Smyth,Karin Smyth,FALSE,TRUE,,Female,,15-May,FALSE,Labour,KarinSmythMP,,,https://www.theyworkforyou.com/mp/25390/karin_smyth/bristol_south,1964,Unknown,,karinsmythmp.bsky.social,karinsmyth,https://en.wikipedia.org/wiki/Karin_Smyth
165,10185,Clive Efford,Clive Efford,TRUE,TRUE,,Male,,,,Labour,clive.efford,,,https://www.theyworkforyou.com/mp/10185/clive_efford/eltham_and_chislehurst,1958,Unknown,,cliveefford.bsky.social,CliveEfford,https://en.wikipedia.org/wiki/Clive_Efford
5040,26325,Liz Jarvis,Liz Jarvis,FALSE,TRUE,,Female,,24-Jul,FALSE,Liberal Democrat,,,,https://www.theyworkforyou.com/mp/26325/liz_jarvis/eastleigh,,Unknown,,lizjarvis.bsky.social,LizJarvisUK,https://en.wikipedia.org/wiki/Liz_Jarvis
1440,11333,Pete Wishart,Pete Wishart,TRUE,TRUE,,Male,,,,Scottish National Party,PeteWishartPerth,,,https://www.theyworkforyou.com/mp/11333/pete_wishart/perth_and_kinross-shire,1962,Unknown,,petewishart.bsky.social,PeteWishart,https://en.wikipedia.org/wiki/Pete_Wishart
,25647,Anna Mcmorrin,Anna McMorrin,TRUE,TRUE,,Female,,17-Jun,FALSE,Labour,AnnaMcMorrinMP,,,https://www.theyworkforyou.com/mp/25647/anna_mcmorrin/cardiff_north,1971,Unknown,,annamcmorrin.bsky.social,annamcmorrin,https://en.wikipedia.org/wiki/Anna_McMorrin
5212,26591,Scott Arthur,Scott Arthur,FALSE,TRUE,,Male,,,,Labour,,,,https://www.theyworkforyou.com/mp/26591/scott_arthur/edinburgh_south_west,1969,Unknown,,drscottarthurmp.bsky.social,DrScottArthurMP,https://en.wikipedia.org/wiki/Scott_Arthur
5252,26543,Rachel Gilmour,Rachel Gilmour,FALSE,TRUE,,Female,,24-Jul,FALSE,Liberal Democrat,,,,https://www.theyworkforyou.com/mp/26543/rachel_gilmour/tiverton_and_minehead,1964,Unknown,,rachelgilmourld.bsky.social,RachelGilmourLD,https://en.wikipedia.org/wiki/Rachel_Gilmour
5132,26401,Liam Conlon,Liam Conlon,FALSE,TRUE,,Male,,,,Labour,,,,https://www.theyworkforyou.com/mp/26401/liam_conlon/beckenham_and_penge,1988,Unknown,,liamconlon.bsky.social,LiamConlon2,https://en.wikipedia.org/wiki/Liam_Conlon
5099,26389,Miatta Fahnbulleh,Miatta Fahnbulleh,TRUE,TRUE,,Female,,24-Jul,FALSE,Labour (Co-op),,,,https://www.theyworkforyou.com/mp/26389/miatta_fahnbulleh/peckham,1979,Minority,Black British,miattafahnbulleh.bsky.social,Miatsf,https://en.wikipedia.org/wiki/Miatta_Fahnbulleh_(politician)
5134,26391,Andy MacNae,Andy MacNae,TRUE,TRUE,,Male,,,,Labour,,,,https://www.theyworkforyou.com/mp/26391/andy_macnae/rossendale_and_darwen,1965,Unknown,,andymacnaemp.bsky.social,AndyMacNaeMP,https://en.wikipedia.org/wiki/Andy_MacNae
5029,26311,Emma Foody,Emma Foody,TRUE,TRUE,,Female,,24-Jul,FALSE,Labour (Co-op),,,,https://www.theyworkforyou.com/mp/26311/emma_foody/cramlington_and_killingworth,,Unknown,,emmafoodymp.bsky.social,efoody,https://en.wikipedia.org/wiki/Emma_Foody
5090,26400,Tom Morrison,Tom Morrison,FALSE,TRUE,,Male,,,,Liberal Democrat,,,,https://www.theyworkforyou.com/mp/26400/tom_morrison/cheadle,,Unknown,,tommorrisonmp.bsky.social,ThomasMorrison,https://en.wikipedia.org/wiki/Tom_Morrison_(British_politician)
4634,25675,Christine Jardine,Christine Jardine,FALSE,TRUE,,Female,,17-Jun,FALSE,Liberal Democrat,CJLibDem,,,https://www.theyworkforyou.com/mp/25675/christine_jardine/edinburgh_west,1960,Unknown,,cajardinemp.bsky.social,CajardineMP,https://en.wikipedia.org/wiki/Christine_Jardine
5359,26633,Neil Duncan-Jordan,Neil Duncan-Jordan,FALSE,TRUE,,Male,,,,Labour,,,,https://www.theyworkforyou.com/mp/26633/neil_duncan-jordan/poole,,Unknown,,neilduncanjordan.bsky.social,NeilForPoole,https://en.wikipedia.org/wiki/Neil_Duncan-Jordan
5133,26450,Alice Macdonald,Alice Macdonald,FALSE,TRUE,,Female,,24-Jul,FALSE,Labour (Co-op),,,,https://www.theyworkforyou.com/mp/26450/alice_macdonald/norwich_north,1983,Unknown,,alicemlabour.bsky.social,AliceMLabour,https://en.wikipedia.org/wiki/Alice_Macdonald
5211,26594,James Asser,James Asser,TRUE,TRUE,,Male,,,,Labour,,,,https://www.theyworkforyou.com/mp/26594/james_asser/west_ham_and_beckton,1975,Unknown,,jamesasser.bsky.social,JamesAsser,https://en.wikipedia.org/wiki/James_Asser
4698,25727,Janet Daby,Janet Daby,TRUE,TRUE,,Female,,18-Jun,TRUE,Labour,jdaby1,,,https://www.theyworkforyou.com/mp/25727/janet_daby/lewisham_east,1970,Minority,Black British,janetdaby.bsky.social,JanetDaby,https://en.wikipedia.org/wiki/Janet_Daby
5295,26545,Josh Fenton-Glynn,Josh Fenton-Glynn,FALSE,TRUE,,Male,,,,Labour,,,,https://www.theyworkforyou.com/mp/26545/josh_fenton-glynn/calder_valley,,Unknown,,joshfg.bsky.social,JoshFG,https://en.wikipedia.org/wiki/Josh_Fenton-Glynn
5204,26438,Sarah Sackman,Sarah Sackman,TRUE,TRUE,,Female,,24-Jul,FALSE,Labour,,,,https://www.theyworkforyou.com/mp/26438/sarah_sackman/finchley_and_golders_green,1984,Unknown,,sarahsackman.bsky.social,sarahsackman,https://en.wikipedia.org/wiki/Sarah_Sackman
5035,26320,Will Stone,Will Stone,FALSE,TRUE,,Male,,,,Labour,,,,https://www.theyworkforyou.com/mp/26320/will_stone/swindon_north,1980,Unknown,,willstonemp.bsky.social,WStone4SN,https://en.wikipedia.org/wiki/Will_Stone
5257,26546,Rachel Blake,Rachel Blake,FALSE,TRUE,,Female,,24-Jul,FALSE,Labour (Co-op),,,,https://www.theyworkforyou.com/mp/26546/rachel_blake/cities_of_london_and_westminster,,Unknown,,rachelblakemp.bsky.social,RNBlake,https://en.wikipedia.org/wiki/Rachel_Blake
5064,26345,Steve Race,Steve Race,FALSE,TRUE,,Male,,,,Labour,,,,https://www.theyworkforyou.com/mp/26345/steve_race/exeter,1983,Unknown,,steveracemp.bsky.social,steveracemp,https://en.wikipedia.org/wiki/Steve_Race_(politician)
4089,24942,Tessa Munt,Tessa Munt,TRUE,TRUE,,Female,,10-May,FALSE,Liberal Democrat,,,,https://www.theyworkforyou.com/mp/24942/tessa_munt/wells_and_mendip_hills,1959,Unknown,,tessamunt.bsky.social,tessamunt,https://en.wikipedia.org/wiki/Tessa_Munt
178,10383,John McDonnell,John Martin McDonnell,FALSE,TRUE,,Male,,,,Labour,johnmcdonnellmp,,,https://www.theyworkforyou.com/mp/10383/john_martin_mcdonnell/hayes_and_harlington,1951,Unknown,,johnmcdonnellmp.bsky.social,johnmcdonnellMP,https://en.wikipedia.org/wiki/John_McDonnell
5352,26603,Dr Roz Savage,Roz Savage,FALSE,TRUE,,Female,,24-Jul,FALSE,Liberal Democrat,,,,https://www.theyworkforyou.com/mp/26603/roz_savage/south_cotswolds,1967,Unknown,,rozsavage.bsky.social,roz_savage,https://en.wikipedia.org/wiki/Roz_Savage
5248,26488,Luke Murphy,Luke Murphy,FALSE,TRUE,,Male,,,,Labour,,,,https://www.theyworkforyou.com/mp/26488/luke_murphy/basingstoke,,Unknown,,lukemurphy.bsky.social,LukeMLabour,https://en.wikipedia.org/wiki/Luke_Murphy_(politician)
5249,26577,Ellie Chowns,Ellie Chowns,TRUE,TRUE,,Female,,24-Jul,FALSE,Green Party,,,,https://www.theyworkforyou.com/mp/26577/ellie_chowns/north_herefordshire,1975,Unknown,,elliechowns.bsky.social,EllieChowns,https://en.wikipedia.org/wiki/Ellie_Chowns
5191,26459,Adam Dance,Adam Dance,FALSE,TRUE,,Male,,,,Liberal Democrat,,,,https://www.theyworkforyou.com/mp/26459/adam_dance/yeovil,1992,Unknown,,adamjamesdance.bsky.social,Adamjamesdance,https://en.wikipedia.org/wiki/Adam_Dance
5298,26597,Lauren Edwards,Lauren Edwards,FALSE,TRUE,,Female,,24-Jul,FALSE,Labour,,,,https://www.theyworkforyou.com/mp/26597/lauren_edwards/rochester_and_strood,,Unknown,,laurenedwardsmp.bsky.social,,https://en.wikipedia.org/wiki/Lauren_Edwards
5000,26278,Alistair Strathern,Alistair Strathern,TRUE,TRUE,,Male,,,,Labour,,,,https://www.theyworkforyou.com/mp/26278/alistair_strathern/hitchin,1990,Unknown,,alistrathern.bsky.social,alistrathern,https://en.wikipedia.org/wiki/Alistair_Strathern
4464,25317,Melanie Onn,Melanie Onn,FALSE,TRUE,,Female,,15-May,FALSE,Labour,Melanie4Grimsby,,,https://www.theyworkforyou.com/mp/25317/melanie_onn/great_grimsby_and_cleethorpes,1979,Unknown,,melanieonnmp.bsky.social,melanie_onn,https://en.wikipedia.org/wiki/Melanie_Onn
4243,25067,Dan Jarvis,Dan Jarvis,FALSE,TRUE,,Male,,,,Labour,dowjarvis,,,https://www.theyworkforyou.com/mp/25067/dan_jarvis/barnsley_north,1972,Unknown,,danjarvismp.bsky.social,DanJarvisMBE,https://en.wikipedia.org/wiki/Dan_Jarvis
4253,25150,Seema Malhotra,Seema Malhotra,TRUE,TRUE,,Female,,11-Dec,TRUE,Labour (Co-op),SeemaMalhotraMP,,,https://www.theyworkforyou.com/mp/25150/seema_malhotra/feltham_and_heston,1972,Minority,British Indian,seemamalhotra-mp.bsky.social,SeemaMalhotra1,https://en.wikipedia.org/wiki/Seema_Malhotra
5345,26612,Peter Lamb,Peter Lamb,FALSE,TRUE,,Male,,,,Labour,,,,https://www.theyworkforyou.com/mp/26612/peter_lamb/crawley,,Unknown,,delivering4crawley.bsky.social,PeterKLamb,https://en.wikipedia.org/wiki/Peter_Lamb_(politician)
5070,26556,Lisa Smart,Lisa Smart,FALSE,TRUE,,Female,,24-Jul,FALSE,Liberal Democrat,,,,https://www.theyworkforyou.com/mp/26556/lisa_smart/hazel_grove,,Unknown,,lisasmartmp.bsky.social,LisaSmartMP,https://en.wikipedia.org/wiki/Lisa_Smart
,11559,Andrew Slaughter,Andrew Slaughter,FALSE,TRUE,,Male,,,,Labour,andy4hammersmith,,,https://www.theyworkforyou.com/mp/11559/andrew_slaughter/hammersmith_and_chiswick,1960,Unknown,,hammersmithandy.bsky.social,hammersmithandy,https://en.wikipedia.org/wiki/Andy_Slaughter
1536,11656,Emily Thornberry,Emily Thornberry,TRUE,TRUE,,Female,,5-May,FALSE,Labour,Emily-Thornberry-142202379163151,,,https://www.theyworkforyou.com/mp/11656/emily_thornberry/islington_south_and_finsbury,1960,Unknown,,emilythornberry.bsky.social,EmilyThornberry,https://en.wikipedia.org/wiki/Emily_Thornberry
4998,26276,Michael Shanks,Michael Shanks,FALSE,TRUE,,Male,,,,Labour,,,,https://www.theyworkforyou.com/mp/26276/michael_shanks/rutherglen,1988,Unknown,,michaelshanksmp.co.uk,mgshanks,https://en.wikipedia.org/wiki/Michael_Shanks_(politician)
4827,25447,Claire Hanna,Claire Hanna,FALSE,TRUE,,Female,,19-Dec,FALSE,Social Democratic & Labour Party,,,,https://www.theyworkforyou.com/mp/25447/claire_hanna/belfast_south_and_mid_down,1980,Unknown,,clairehanna.bsky.social,ClaireHanna,https://en.wikipedia.org/wiki/Claire_Hanna
4671,25662,Afzal Khan,Afzal Khan,TRUE,TRUE,,Male,,,,Labour,,,,https://www.theyworkforyou.com/mp/25662/afzal_khan/manchester_rusholme,,Minority,British Pakistani,afzalkhanmcr.bsky.social,,https://en.wikipedia.org/wiki/Afzal_Khan_(general)
5225,26592,Lizzi Collinge,Lizzi Collinge,TRUE,TRUE,,Female,,24-Jul,FALSE,Labour,,,,https://www.theyworkforyou.com/mp/26592/lizzi_collinge/morecambe_and_lunesdale,,Unknown,,lizzicollinge.bsky.social,LizziCollinge,https://en.wikipedia.org/wiki/Lizzi_Collinge
1482,11406,Graham Stuart,Graham Stuart,FALSE,TRUE,,Male,,,,Conservative,grahamstuartmp,,,https://www.theyworkforyou.com/mp/11406/graham_stuart/beverley_and_holderness,1962,Unknown,,grahamstuart.bsky.social,grahamstuart,https://en.wikipedia.org/wiki/Graham_Stuart_(politician)
4212,25034,Debbie Abrahams,Debbie Abrahams,FALSE,TRUE,,Female,,11-Jan,TRUE,Labour,,,,https://www.theyworkforyou.com/mp/25034/debbie_abrahams/oldham_east_and_saddleworth,1960,Unknown,,debbieabrahamsmp.bsky.social,Debbie_abrahams,https://en.wikipedia.org/wiki/Debbie_Abrahams
4095,24916,Steve Barclay,Steve Barclay,FALSE,TRUE,,Male,,,,Conservative,stevebarclaymp,,,https://www.theyworkforyou.com/mp/24916/steve_barclay/north_east_cambridgeshire,1972,Unknown,,stevebarclay.bsky.social,SteveBarclay,https://en.wikipedia.org/wiki/Steve_Barclay
,26460,Kirsty Mcneill,Kirsty McNeill,FALSE,TRUE,,Female,,24-Jul,FALSE,Labour,,,,https://www.theyworkforyou.com/mp/26460/kirsty_mcneill/midlothian,,Unknown,,kirstymcneill.bsky.social,kirstyjmcneill,https://en.wikipedia.org/wiki/Kirsty_McNeill
5108,26323,Sam Rushworth,Sam Rushworth,TRUE,TRUE,,Male,,,,Labour,,,,https://www.theyworkforyou.com/mp/26323/sam_rushworth/bishop_auckland,1984,Unknown,,samrushworthmp.bsky.social,SamJRushworth,https://en.wikipedia.org/wiki/Sam_Rushworth
5331,26615,Rosie Wrighting,Rosie Wrighting,TRUE,TRUE,,Female,,24-Jul,FALSE,Labour,,,,https://www.theyworkforyou.com/mp/26615/rosie_wrighting/kettering,1997,Unknown,,rosiewrightingmp.bsky.social,rosie_wrighting,https://en.wikipedia.org/wiki/Rosie_Wrighting
5086,26353,Josh Babarinde,Josh Babarinde,TRUE,TRUE,,Male,,,,Liberal Democrat,,,,https://www.theyworkforyou.com/mp/26353/josh_babarinde/eastbourne,1993,Minority,Black British/White British (Mixed),joshbabarinde.bsky.social,JoshBabarinde,https://en.wikipedia.org/wiki/Josh_Babarinde
5263,26366,Alex Brewer,Alex Brewer,FALSE,TRUE,,Female,,24-Jul,FALSE,Liberal Democrat,,,,https://www.theyworkforyou.com/mp/26366/alex_brewer/north_east_hampshire,,Unknown,,alexkbrewer.bsky.social,alexbrewer,https://en.wikipedia.org/wiki/Alex_Brewer_(politician)
5218,26606,David Smith,David Smith,FALSE,TRUE,,Male,,,,Labour,,,,https://www.theyworkforyou.com/mp/26606/david_smith/north_northumberland,,Unknown,,dsnorthnorth.bsky.social,dsnorthnorth,https://en.wikipedia.org/wiki/David_Smith_(British_Labour_politician)
5201,26539,Victoria Collins,Victoria Collins,FALSE,TRUE,,Female,,24-Jul,FALSE,Liberal Democrat,,,,https://www.theyworkforyou.com/mp/26539/victoria_collins/harpenden_and_berkhamsted,,Minority,British Chinese/White British (Mixed),victoria-collins.bsky.social,TweetingCollins,https://en.wikipedia.org/wiki/Victoria_Collins
5268,26620,Iqbal Mohamed,Iqbal Mohamed,FALSE,TRUE,,Male,,,,Independent,,,,https://www.theyworkforyou.com/mp/26620/iqbal_mohamed/dewsbury_and_batley,1970,Minority,British Indian,iqbalmohamedmp.bsky.social,iqbalmohamedMP,https://en.wikipedia.org/wiki/Iqbal_Mohamed
4124,24807,Chi Onwurah,Chi Onwurah,TRUE,TRUE,,Female,,10-May,FALSE,Labour,,,,https://www.theyworkforyou.com/mp/24807/chi_onwurah/newcastle_upon_tyne_central_and_west,1965,Minority,Black British/White British (Mixed),chionwurah.bsky.social,ChiOnwurah,https://en.wikipedia.org/wiki/Chi_Onwurah
5081,26468,Joe Morris,Joe Morris,FALSE,TRUE,,Male,,,,Labour,,,,https://www.theyworkforyou.com/mp/26468/joe_morris/hexham,,Unknown,,joemorrismp.bsky.social,JoeMorrisMP,https://en.wikipedia.org/wiki/Joe_Morris_(politician)
5152,26433,Sureena Brackenridge,Sureena Brackenridge,TRUE,TRUE,,Female,,24-Jul,FALSE,Labour,,,,https://www.theyworkforyou.com/mp/26433/sureena_brackenridge/wolverhampton_north_east,1974,Minority,British Indian,sureenawne.bsky.social,Sureena4WNE,https://en.wikipedia.org/wiki/Sureena_Brackenridge
5087,26351,Tom Collins,Tom Collins,FALSE,TRUE,,Male,,,,Labour,,,,https://www.theyworkforyou.com/mp/26351/tom_collins/worcester,,Unknown,,tomcollinsworcs.bsky.social,tomcollinsworcs,https://en.wikipedia.org/wiki/Tom_Collins_(politician)
,11455,Kerry Mccarthy,Kerry McCarthy,FALSE,TRUE,,Female,,5-May,FALSE,Labour,kerry4mp,,,https://www.theyworkforyou.com/mp/11455/kerry_mccarthy/bristol_east,1965,Unknown,,kerrymp.bsky.social,KerryMP,https://en.wikipedia.org/wiki/Kerry_McCarthy
5168,26541,Adam Jogee,Adam Jogee,TRUE,TRUE,,Male,,,,Labour,,,,https://www.theyworkforyou.com/mp/26541/adam_jogee/newcastle-under-lyme,,Minority,Black British/White British (Mixed),adamjogee.bsky.social,Ajogee,https://en.wikipedia.org/wiki/Adam_Jogee
4088,24949,Stella Creasy,Stella Creasy,TRUE,TRUE,,Female,,10-May,FALSE,Labour (Co-op),stellacreasy,,,https://www.theyworkforyou.com/mp/24949/stella_creasy/walthamstow,1977,Unknown,,stellacreasy.bsky.social,stellacreasy,https://en.wikipedia.org/wiki/Stella_Creasy
1572,11859,Jeremy Hunt,Jeremy Hunt,FALSE,TRUE,,Male,,,,Conservative,jeremyhuntsws,,,https://www.theyworkforyou.com/mp/11859/jeremy_hunt/godalming_and_ash,1966,Unknown,,jeremyhuntmp.bsky.social,Jeremy_Hunt,https://en.wikipedia.org/wiki/Jeremy_Hunt
5048,26342,Antonia Bance,Antonia Bance,TRUE,TRUE,,Female,,24-Jul,FALSE,Labour,,,,https://www.theyworkforyou.com/mp/26342/antonia_bance/tipton_and_wednesbury,,Unknown,,antoniabance.bsky.social,antoniabance,https://en.wikipedia.org/wiki/Antonia_Bance
4621,25637,Darren Jones,Darren Jones,FALSE,TRUE,,Male,,,,Labour,darrenjonesmp,,,https://www.theyworkforyou.com/mp/25637/darren_jones/bristol_north_west,1986,Unknown,,darrenpjones.bsky.social,darrenpjones,https://en.wikipedia.org/wiki/Darren_Jones
4038,24953,Heidi Alexander,Heidi Alexander,FALSE,TRUE,,Female,,10-May,FALSE,Labour,Heidi-Alexander-MP-460236504027731,,,https://www.theyworkforyou.com/mp/24953/heidi_alexander/swindon_south,1975,Unknown,,heidialexander.bsky.social,Heidi_Labour,https://en.wikipedia.org/wiki/Heidi_Alexander
5172,26453,Dan Aldridge,Dan Aldridge,FALSE,TRUE,,Male,,,,Labour,,,,https://www.theyworkforyou.com/mp/26453/dan_aldridge/weston-super-mare,1984,Unknown,,danaldridgemp.bsky.social,DanAldridgeWSM,https://en.wikipedia.org/wiki/Dan_Aldridge
5154,26416,Sarah Hall,Sarah Hall,FALSE,TRUE,,Female,,24-Jul,FALSE,Labour (Co-op),,,,https://www.theyworkforyou.com/mp/26416/sarah_hall/warrington_south,,Unknown,,sarahhall-labour.bsky.social,Sarah_Hall81,https://en.wikipedia.org/wiki/Sarah_Hall
5071,26319,Paul Waugh,Paul Waugh,FALSE,TRUE,,Male,,,,Labour (Co-op),,,,https://www.theyworkforyou.com/mp/26319/paul_waugh/rochdale,1966,Unknown,,paulwaughmp.bsky.social,paulwaugh,https://en.wikipedia.org/wiki/Paul_Waugh
5093,26563,Alison Taylor,Alison Taylor,FALSE,TRUE,,Female,,24-Jul,FALSE,Labour,,,,https://www.theyworkforyou.com/mp/26563/alison_taylor/paisley_and_renfrewshire_north,,Unknown,,alisonstaylormp.bsky.social,Alison_S_Taylor,https://en.wikipedia.org/wiki/Alison_Taylor_(politician)
5164,26491,Steff Aquarone,Steffan Aquarone,TRUE,TRUE,,Male,,,,Liberal Democrat,,,,https://www.theyworkforyou.com/mp/26491/steffan_aquarone/north_norfolk,1984,Unknown,,steffanaquarone.bsky.social,Steffanaquarone,https://en.wikipedia.org/wiki/Steff_Aquarone
3924,24775,Yasmin Qureshi,Yasmin Qureshi,TRUE,TRUE,,Female,,10-May,FALSE,Labour,yasminqureshiuk,,,https://www.theyworkforyou.com/mp/24775/yasmin_qureshi/bolton_south_and_walkden,1963,Minority,British Pakistani,yasminqureshimp.bsky.social,YasminQureshiMP,https://en.wikipedia.org/wiki/Yasmin_Qureshi
4572,25490,Chris Elmore,Chris Elmore,FALSE,TRUE,,Male,,,,Labour,ChrisElmoreMP,,,https://www.theyworkforyou.com/mp/25490/chris_elmore/bridgend,1983,Unknown,,chriselmoremp.bsky.social,cpjelmore,https://en.wikipedia.org/wiki/Chris_Elmore
5122,26569,Manuela Perteghella,Manuela Perteghella,TRUE,TRUE,,Female,,24-Jul,FALSE,Liberal Democrat,,,,https://www.theyworkforyou.com/mp/26569/manuela_perteghella/stratford-on-avon,1973,Unknown,,mp4stratford.bsky.social,MP4Stratford,https://en.wikipedia.org/wiki/Manuela_Perteghella
5308,26558,Sam Carling,Sam Carling,FALSE,TRUE,,Male,,,,Labour,,,,https://www.theyworkforyou.com/mp/26558/sam_carling/north_west_cambridgeshire,2002,Unknown,,samcarling.bsky.social,sam_carling_,https://en.wikipedia.org/wiki/Sam_Carling
5313,26555,Zöe Franklin,Zöe Franklin,TRUE,TRUE,,Female,,24-Jul,FALSE,Liberal Democrat,,,,https://www.theyworkforyou.com/mp/26555/zoe_franklin/guildford,1981,Unknown,,zoefranklinld.bsky.social,ZoeFranklinLD,https://en.wikipedia.org/wiki/Z%C3%B6e_Franklin
5103,26443,Luke Taylor,Luke Taylor,FALSE,TRUE,,Male,,,,Liberal Democrat,,,,https://www.theyworkforyou.com/mp/26443/luke_taylor/sutton_and_cheam,,Unknown,,luketaylorld.bsky.social,LukeTaylorLD,https://en.wikipedia.org/wiki/Luke_Taylor_(politician)
5291,26510,Catherine Fookes,Catherine Fookes,TRUE,TRUE,,Female,,24-Jul,FALSE,Labour,,,,https://www.theyworkforyou.com/mp/26510/catherine_fookes/monmouthshire,1970,Unknown,,catherinefookesmp.bsky.social,CatherineFookes,https://en.wikipedia.org/wiki/Catherine_Fookes
4682,25690,Luke Pollard,Luke Pollard,FALSE,TRUE,,Male,,,,Labour (Co-op),LukePollard,,,https://www.theyworkforyou.com/mp/25690/luke_pollard/plymouth_sutton_and_devonport,1980,Unknown,,lukepollard.bsky.social,LukePollard,https://en.wikipedia.org/wiki/Luke_Pollard
5224,26548,Kate Dearden,Kate Dearden,TRUE,TRUE,,Female,,24-Jul,FALSE,Labour (Co-op),,,,https://www.theyworkforyou.com/mp/26548/kate_dearden/halifax,1994,Unknown,,katedeardenmp.bsky.social,Kate_Dearden,https://en.wikipedia.org/wiki/Kate_Dearden
5189,26462,Gordon McKee,Gordon McKee,FALSE,TRUE,,Male,,,,Labour,,,,https://www.theyworkforyou.com/mp/26462/gordon_mckee/glasgow_south,1994,Unknown,,gordonmckee.bsky.social,GordonMcKeeMP,https://en.wikipedia.org/wiki/Gordon_McKee_(politician)
5293,26587,Cat Eccles,Cat Eccles,FALSE,TRUE,,Female,,24-Jul,FALSE,Labour,,,,https://www.theyworkforyou.com/mp/26587/cat_eccles/stourbridge,,Unknown,,cateccles.bsky.social,catecclesstour,https://en.wikipedia.org/wiki/Cat_Eccles
5247,26578,Sojan Joseph,Sojan Joseph,TRUE,TRUE,,Male,,,,Labour,,,,https://www.theyworkforyou.com/mp/26578/sojan_joseph/ashford,,Minority,British Indian,sojanjosephmp.bsky.social,sojanuk,https://en.wikipedia.org/wiki/Sojan_Joseph
5337,26609,Olivia Bailey,Olivia Bailey,FALSE,TRUE,,Female,,24-Jul,FALSE,Labour,,,,https://www.theyworkforyou.com/mp/26609/olivia_bailey/reading_west_and_mid_berkshire,1986,Unknown,,oliviabailey.bsky.social,oliviabaileymp,https://en.wikipedia.org/wiki/Olivia_Bailey
5096,26457,Ian Sollom,Ian Sollom,TRUE,TRUE,,Male,,,,Liberal Democrat,,,,https://www.theyworkforyou.com/mp/26457/ian_sollom/st_neots_and_mid_cambridgeshire,,Unknown,,iansollom.bsky.social,IanSollom,https://en.wikipedia.org/wiki/Ian_Sollom
4759,25878,Joy Morrissey,Joy Morrissey,FALSE,TRUE,,Female,,19-Dec,FALSE,Conservative,,,,https://www.theyworkforyou.com/mp/25878/joy_morrissey/beaconsfield,1981,Unknown,,aliciakearns.bsky.social,aliciakearns,https://en.wikipedia.org/wiki/Joy_Morrissey
5109,26357,Chris Bloore,Christopher Bloore,TRUE,TRUE,,Male,,,,Labour,,,,https://www.theyworkforyou.com/mp/26357/christopher_bloore/redditch,,Unknown,,chrisbloore.bsky.social,ChrisBloore,https://en.wikipedia.org/wiki/Chris_Bloore
172,10001,Diane Abbott,Diane Abbott,FALSE,TRUE,,Female,,Jun-87,FALSE,Independent,Dianeabbott,,,https://www.theyworkforyou.com/mp/10001/diane_abbott/hackney_north_and_stoke_newington,1953,Minority,Black British,hackneyabbott.bsky.social,HackneyAbbott,https://en.wikipedia.org/wiki/Diane_Abbott
5346,26617,Calum Miller,Calum Miller,FALSE,TRUE,,Male,,,,Liberal Democrat,,,,https://www.theyworkforyou.com/mp/26617/calum_miller/bicester_and_woodstock,,Unknown,,calummillerld.bsky.social,CalumMillerLD,https://en.wikipedia.org/wiki/Calum_Miller
5157,26429,Susan Murray,Susan Murray,FALSE,TRUE,,Female,,24-Jul,FALSE,Liberal Democrat,,,,https://www.theyworkforyou.com/mp/26429/susan_murray/mid_dunbartonshire,1957,Unknown,,mpsusanmurray.bsky.social,mpsusanmurray,https://en.wikipedia.org/wiki/Susan_Murray
5186,26561,Bradley Thomas,Bradley Thomas,FALSE,TRUE,,Male,,,,Conservative,,,,https://www.theyworkforyou.com/mp/26561/bradley_thomas/bromsgrove,,Unknown,,bromsgrovebradley.bsky.social,BradleyThomasUK,https://en.wikipedia.org/wiki/Bradley_Thomas_(British_politician)
5333,26596,Lucy Rigby,Lucy Rigby,FALSE,TRUE,,Female,,24-Jul,FALSE,Labour,,,,https://www.theyworkforyou.com/mp/26596/lucy_rigby/northampton_north,1982,Unknown,,lucyrigby.bsky.social,LucyRigby,https://en.wikipedia.org/wiki/Lucy_Rigby
4520,25379,Matthew Pennycook,Matthew Pennycook,TRUE,TRUE,,Male,,,,Labour,,,,https://www.theyworkforyou.com/mp/25379/matthew_pennycook/greenwich_and_woolwich,1982,Unknown,,matthewpennycookmp.bsky.social,mtpennycook,https://en.wikipedia.org/wiki/Matthew_Pennycook
4995,26270,Sarah Dyke,Sarah Dyke,FALSE,TRUE,,Female,,23-Jul,TRUE,Liberal Democrat,,,,https://www.theyworkforyou.com/mp/26270/sarah_dyke/glastonbury_and_somerton,1971,Unknown,,sarahdykeld.bsky.social,SarahDykeLD,https://en.wikipedia.org/wiki/Sarah_Dyke
5067,26346,Tony Vaughan,Tony Vaughan,FALSE,TRUE,,Male,,,,Labour,,,,https://www.theyworkforyou.com/mp/26346/tony_vaughan/folkestone_and_hythe,1982,Minority,British Filipino/White British (Mixed),tonyvaughanmp.bsky.social,tonyvaughanMP,https://en.wikipedia.org/wiki/Tony_Vaughan_(politician)
5327,26582,Vikki Slade,Vikki Slade,TRUE,TRUE,,Female,,24-Jul,FALSE,Liberal Democrat,,,,https://www.theyworkforyou.com/mp/26582/vikki_slade/mid_dorset_and_north_poole,1990,Unknown,,vikkislademp.bsky.social,VikkiSlade72,https://en.wikipedia.org/wiki/Millie_Earl
5343,26608,Joshua Reynolds,Joshua Reynolds,FALSE,TRUE,,Male,,,,Liberal Democrat,,,,https://www.theyworkforyou.com/mp/26608/joshua_reynolds/maidenhead,1999,Unknown,,joshuareynoldssl6.bsky.social,JoshReynoldsSL6,https://en.wikipedia.org/wiki/Joshua_Reynolds_(politician)
4873,25809,Rachel Hopkins,Rachel Hopkins,FALSE,TRUE,,Female,,19-Dec,FALSE,Labour,,,,https://www.theyworkforyou.com/mp/25809/rachel_hopkins/luton_south_and_south_bedfordshire,1972,Unknown,,rachelhopkins.bsky.social,rach_hopkins,https://en.wikipedia.org/wiki/Rachel_Hopkins
5045,26339,Jonathan Brash,Jonathan Brash,FALSE,TRUE,,Male,,,,Labour,,,,https://www.theyworkforyou.com/mp/26339/jonathan_brash/hartlepool,,Unknown,,jonathanbrashmp.bsky.social,JonathanBrash,https://en.wikipedia.org/wiki/Jonathan_Brash
4822,25896,Feryal Clark,Feryal Clark,TRUE,TRUE,,Female,,19-Dec,FALSE,Labour,,,,https://www.theyworkforyou.com/mp/25896/feryal_clark/enfield_north,1979,Minority,British Kurdish,feryalclark.bsky.social,FeryalClark,https://en.wikipedia.org/wiki/Feryal_Clark
5322,26560,Will Forster,Will Forster,FALSE,TRUE,,Male,,,,Liberal Democrat,,,,https://www.theyworkforyou.com/mp/26560/will_forster/woking,1986,Unknown,,willforster.bsky.social,WillForster,https://en.wikipedia.org/wiki/Will_Forster
,24897,Alison Mcgovern,Alison McGovern,FALSE,TRUE,,Female,,10-May,FALSE,Labour,alisonmcgovernforwirralsouth,,,https://www.theyworkforyou.com/mp/24897/alison_mcgovern/birkenhead,1980,Unknown,,allymcgovern.bsky.social,Alison_McGovern,https://en.wikipedia.org/wiki/Alison_McGovern
5069,26331,Torsten Bell,Torsten Bell,TRUE,TRUE,,Male,,,,Labour,,,,https://www.theyworkforyou.com/mp/26331/torsten_bell/swansea_west,1982,Unknown,,torstenbell.bsky.social,TorstenBell,https://en.wikipedia.org/wiki/Torsten_Bell
5353,26618,Anna Gelderd,Anna Gelderd,TRUE,TRUE,,Female,,24-Jul,FALSE,Labour,,,,https://www.theyworkforyou.com/mp/26618/anna_gelderd/south_east_cornwall,1986,Unknown,,annagelderdmp.bsky.social,annagelderd,https://en.wikipedia.org/wiki/Anna_Gelderd
5316,26630,Mike Reader,Mike Reader,FALSE,TRUE,,Male,,,,Labour,,,,https://www.theyworkforyou.com/mp/26630/mike_reader/northampton_south,,Unknown,,mike-reader.bsky.social,mike_reader,https://en.wikipedia.org/wiki/Mike_Reader
5140,26458,Claire Young,Claire Young,FALSE,TRUE,,Female,,24-Jul,FALSE,Liberal Democrat,,,,https://www.theyworkforyou.com/mp/26458/claire_young/thornbury_and_yate,1974,Unknown,,claireyoungmp.bsky.social,ClaireforTAY,https://en.wikipedia.org/wiki/Claire_Young
4942,26086,Richard Foord,Richard Foord,TRUE,TRUE,,Male,,,,Liberal Democrat,,,,https://www.theyworkforyou.com/mp/26086/richard_foord/honiton_and_sidmouth,1978,Unknown,,richardfoordld.bsky.social,RichardFoordLD,https://en.wikipedia.org/wiki/Richard_Foord
4396,25368,Rebecca Long Bailey,Rebecca Long-Bailey,FALSE,TRUE,,Female,,15-May,FALSE,Labour,Rebecca4salford,,,https://www.theyworkforyou.com/mp/25368/rebecca_long-bailey/salford,1979,Unknown,,rebeccalongbailey.com,rlong_bailey,https://en.wikipedia.org/wiki/Rebecca_Long-Bailey
4979,26120,Andrew Western,Andrew Western,FALSE,TRUE,,Male,,,,Labour,,,,https://www.theyworkforyou.com/mp/26120/andrew_western/stretford_and_urmston,1985,Unknown,,andrewwesternmp.bsky.social,AndrewHWestern,https://en.wikipedia.org/wiki/Andrew_Western
,24818,Catherine Mckinnell,Catherine McKinnell,TRUE,TRUE,,Female,,10-May,FALSE,Labour,CatMcKinnell,,,https://www.theyworkforyou.com/mp/24818/catherine_mckinnell/newcastle_upon_tyne_north,1976,Unknown,,cmckinnellmp.bsky.social,CMcKinnellMP,https://en.wikipedia.org/wiki/Catherine_McKinnell
4504,25320,Wes Streeting,Wes Streeting,TRUE,TRUE,,Male,,,,Labour,,,,https://www.theyworkforyou.com/mp/25320/wes_streeting/ilford_north,1983,Unknown,,rthonwesstreeting.bsky.social,wesstreeting,https://en.wikipedia.org/wiki/Wes_Streeting
4870,25759,Florence Eshalomi,Florence Eshalomi,TRUE,TRUE,,Female,,19-Dec,FALSE,Labour (Co-op),,,,https://www.theyworkforyou.com/mp/25759/florence_eshalomi/vauxhall_and_camberwell_green,1980,Minority,Black British,florenceeshalomi.bsky.social,FloEshalomi,https://en.wikipedia.org/wiki/Florence_Eshalomi
5233,26464,Lee Pitcher,Lee Pitcher,FALSE,TRUE,,Male,,,,Labour,,,,https://www.theyworkforyou.com/mp/26464/lee_pitcher/doncaster_east_and_the_isle_of_axholme,1977,Unknown,,leepitcher.bsky.social,LeePitcherMP,https://en.wikipedia.org/wiki/Lee_Pitcher
5173,26444,Alex Baker,Alex Baker,FALSE,TRUE,,Female,,24-Jul,FALSE,Labour,,,,https://www.theyworkforyou.com/mp/26444/alex_baker/aldershot,1982,Unknown,,msalexbaker.bsky.social,Ms_Alex_Baker,https://en.wikipedia.org/wiki/Alex_Baker
5183,26424,Frank McNally,Frank McNally,FALSE,TRUE,,Male,,,,Labour,,,,https://www.theyworkforyou.com/mp/26424/frank_mcnally/coatbridge_and_bellshill,,Unknown,,frankmcnallymp.bsky.social,FJMcNally,https://en.wikipedia.org/wiki/Frank_McNally_(politician)
420,10131,Yvette Cooper,Yvette Cooper,FALSE,TRUE,,Female,,May-97,FALSE,Labour,YvetteCooperMP,,,https://www.theyworkforyou.com/mp/10131/yvette_cooper/pontefract%2C_castleford_and_knottingley,1969,Unknown,,yvettecooper-mp.bsky.social,YvetteCooperMP,https://en.wikipedia.org/wiki/Yvette_Cooper
4612,25668,Jamie Stone,Jamie Stone,FALSE,TRUE,,Male,,,,Liberal Democrat,,,,https://www.theyworkforyou.com/mp/25668/jamie_stone/caithness%2C_sutherland_and_easter_ross,1954,Unknown,,jamie4north.bsky.social,Jamie4North,https://en.wikipedia.org/wiki/Jamie_Stone_(politician)
1579,11898,Mary Creagh,Mary Creagh,TRUE,TRUE,,Female,,5-May,FALSE,Labour,marycreaghwakefield,,,https://www.theyworkforyou.com/mp/11898/mary_creagh/coventry_east,1967,Unknown,,marycreagh.bsky.social,MaryCreagh_,https://en.wikipedia.org/wiki/Mary_Creagh
4495,25346,Kit Malthouse,Kit Malthouse,TRUE,TRUE,,Male,,,,Conservative,kit.malthouse,,,https://www.theyworkforyou.com/mp/25346/kit_malthouse/north_west_hampshire,1966,Unknown,,kitmalthouse.bsky.social,kitmalthouse,https://en.wikipedia.org/wiki/Kit_Malthouse
5049,26322,Michelle Scrogham,Michelle Scrogham,TRUE,TRUE,,Female,,24-Jul,FALSE,Labour,,,,https://www.theyworkforyou.com/mp/26322/michelle_scrogham/barrow_and_furness,1970,Unknown,,michellescrogham.bsky.social,MScroghamMP,https://en.wikipedia.org/wiki/Michelle_Scrogham
4736,25796,Dave Doogan,Dave Doogan,TRUE,TRUE,,Male,,,,Scottish National Party,,,,https://www.theyworkforyou.com/mp/25796/dave_doogan/angus_and_perthshire_glens,1973,Unknown,,davedooganmp.bsky.social,DaveDooganSNP,https://en.wikipedia.org/wiki/Dave_Doogan
5314,25752,Siân Berry,Siân Berry,TRUE,TRUE,,Female,,24-Jul,FALSE,Green Party,,,,https://www.theyworkforyou.com/mp/25752/si%C3%A2n_berry/brighton_pavilion,1974,Unknown,,sianberry.bsky.social,sianberry,https://en.wikipedia.org/wiki/Si%C3%A2n_Berry
5116,26367,Chris McDonald,Chris McDonald,FALSE,TRUE,,Male,,,,Labour,,,,https://www.theyworkforyou.com/mp/26367/chris_mcdonald/stockton_north,1976,Unknown,,chrismcdonaldmp.bsky.social,ChrisMcDonaldMP,https://en.wikipedia.org/wiki/Chris_McDonald_(politician)
4573,25579,Dr Rosena Allin-Khan,Rosena Allin-Khan,TRUE,TRUE,,Female,,16-Jun,TRUE,Labour,DrRosena,,,https://www.theyworkforyou.com/mp/25579/rosena_allin-khan/tooting,1978,Minority,British Pakistani/Other White (Mixed),drrosena.bsky.social,DrRosena,https://en.wikipedia.org/wiki/Rosena_Allin-Khan
5051,26330,Kevin Bonavia,Kevin Bonavia,TRUE,TRUE,,Male,,,,Labour,,,,https://www.theyworkforyou.com/mp/26330/kevin_bonavia/stevenage,1977,Unknown,,kevinbonavia.bsky.social,kevinbonavia,https://en.wikipedia.org/wiki/Kevin_Bonavia
5306,26496,Claire Hazelgrove,Claire Hazelgrove,TRUE,TRUE,,Female,,24-Jul,FALSE,Labour,,,,https://www.theyworkforyou.com/mp/26496/claire_hazelgrove/filton_and_bradley_stoke,1988,Unknown,,chazelgrovemp.bsky.social,CHazelgroveMP,https://en.wikipedia.org/wiki/Claire_Hazelgrove
5193,26380,Callum Anderson,Callum Anderson,FALSE,TRUE,,Male,,,,Labour,,,,https://www.theyworkforyou.com/mp/26380/callum_anderson/buckingham_and_bletchley,1991,Minority,Black British/White British (Mixed),callumandersonmp.bsky.social,_CallumAnderson,https://en.wikipedia.org/wiki/Callum_Anderson
4523,25328,Catherine West,Catherine West,FALSE,TRUE,,Female,,15-May,FALSE,Labour,Catherine-West-for-Hornsey-Wood-Green-522395934483552,,,https://www.theyworkforyou.com/mp/25328/catherine_west/hornsey_and_friern_barnet,1966,Unknown,,catherinewestmp.bsky.social,catherinewest1,https://en.wikipedia.org/wiki/Catherine_West
5199,26480,Luke Charters,Luke Charters,FALSE,TRUE,,Male,,,,Labour,,,,https://www.theyworkforyou.com/mp/26480/luke_charters/york_outer,1995,Unknown,,lukecharters.bsky.social,lukejcr,https://en.wikipedia.org/wiki/Luke_Charters
5239,26585,Sarah Gibson,Sarah Gibson,FALSE,TRUE,,Female,,24-Jul,FALSE,Liberal Democrat,,,,https://www.theyworkforyou.com/mp/26585/sarah_gibson/chippenham,1966,Unknown,,sarahgibsonmp.bsky.social,SarahGibsonLD,https://en.wikipedia.org/wiki/Sarah_Gibson_(politician)
5194,26469,Steve Yemm,Steve Yemm,TRUE,TRUE,,Male,,,,Labour,,,,https://www.theyworkforyou.com/mp/26469/steve_yemm/mansfield,1964,Unknown,,stevempyemm.bsky.social,steveyemm,https://en.wikipedia.org/wiki/Steve_Yemm
5271,26451,Satvir Kaur,Satvir Kaur,TRUE,TRUE,,Female,,24-Jul,FALSE,Labour,,,,https://www.theyworkforyou.com/mp/26451/satvir_kaur/southampton_test,,Minority,British Indian,laboursatvir.bsky.social,LabourSatvir,https://en.wikipedia.org/wiki/Satvir_Kaur
5165,26369,Peter Swallow,Peter Swallow,FALSE,TRUE,,Male,,,,Labour,,,,https://www.theyworkforyou.com/mp/26369/peter_swallow/bracknell,1993,Unknown,,peter4bracknell.bsky.social,PDJSwallow,https://en.wikipedia.org/wiki/Peter_Swallow
4820,25846,Abena Oppong-Asare,Abena Oppong-Asare,TRUE,TRUE,,Female,,19-Dec,FALSE,Labour,,,,https://www.theyworkforyou.com/mp/25846/abena_oppong-asare/erith_and_thamesmead,1983,Minority,Black British,abenaoppongasare.bsky.social,abenaopp,https://en.wikipedia.org/wiki/Abena_Oppong-Asare
5208,26482,Perran Moon,Perran Moon,TRUE,TRUE,,Male,,,,Labour,,,,https://www.theyworkforyou.com/mp/26482/perran_moon/camborne_and_redruth,1970,Unknown,,perranmoonmp.bsky.social,Perran4CRH,https://en.wikipedia.org/wiki/Perran_Moon
4828,25819,Paula Barker,Paula Barker,FALSE,TRUE,,Female,,19-Dec,FALSE,Labour,,,,https://www.theyworkforyou.com/mp/25819/paula_barker/liverpool_wavertree,1972,Unknown,,paulabarkermp.bsky.social,PaulaBarkerMP,https://en.wikipedia.org/wiki/Paula_Barker
5320,26514,Adrian Ramsay,Adrian Ramsay,FALSE,TRUE,,Male,,,,Green Party,,,,https://www.theyworkforyou.com/mp/26514/adrian_ramsay/waveney_valley,1981,Unknown,,adrianramsay.bsky.social,AdrianRamsay,https://en.wikipedia.org/wiki/Adrian_Ramsay
5279,26525,Jayne Kirkham,Jayne Kirkham,TRUE,TRUE,,Female,,24-Jul,FALSE,Labour (Co-op),,,,https://www.theyworkforyou.com/mp/26525/jayne_kirkham/truro_and_falmouth,1972,Unknown,,jaynekirkhammp.bsky.social,JayneKirkham4,https://en.wikipedia.org/wiki/Jayne_Kirkham
4679,25679,Neil O'Brien,Neil O'Brien,FALSE,TRUE,,Male,,,,Conservative,neil4harborough,,,https://www.theyworkforyou.com/mp/25679/neil_o%27brien/harborough%2C_oadby_and_wigston,1978,Unknown,,neildotobrien.bsky.social,NeilDotObrien,https://en.wikipedia.org/wiki/Neil_O%27Brien
,25833,Mary Foy,Mary Foy,FALSE,TRUE,,Female,,19-Dec,FALSE,Labour,,,,https://www.theyworkforyou.com/mp/25833/mary_foy/city_of_durham,1968,Unknown,,marykfoymp.bsky.social,marykfoy,https://en.wikipedia.org/wiki/Mary_Kelly_Foy
4654,25691,Matt Rodda,Matt Rodda,TRUE,TRUE,,Male,,,,Labour,,,,https://www.theyworkforyou.com/mp/25691/matt_rodda/reading_central,1966,Unknown,,mattrodda.bsky.social,MattRodda,https://en.wikipedia.org/wiki/Matt_Rodda
1521,11592,Sharon Hodgson,Sharon Hodgson,FALSE,TRUE,,Female,,5-May,FALSE,Labour,Sharon.Hodgson.MP,,,https://www.theyworkforyou.com/mp/11592/sharon_hodgson/washington_and_gateshead_south,1966,Unknown,,sharonhodgsonmp.bsky.social,SharonHodgsonMP,https://en.wikipedia.org/wiki/Sharon_Hodgson
467,10295,Lindsay Hoyle,Lindsay Hoyle,FALSE,TRUE,,Male,,,,Speaker,LindsayHoyle4Chorley,,,https://www.theyworkforyou.com/mp/10295/lindsay_hoyle/chorley,1957,Unknown,,commonsspeaker.parliament.uk,LindsayHoyle_MP,https://en.wikipedia.org/wiki/Lindsay_Hoyle
1489,11447,Dawn Butler,Dawn Butler,FALSE,TRUE,,Female,,5-May,FALSE,Labour,DawnButlerBrent,,,https://www.theyworkforyou.com/mp/11447/dawn_butler/brent_east,1969,Minority,Black British,dawnbutlerbrent.bsky.social,dawnbutlerbrent,https://en.wikipedia.org/wiki/Dawn_Butler
1591,11923,Tim Farron,Tim Farron,TRUE,TRUE,,Male,,,,Liberal Democrat,timfarronmp,,,https://www.theyworkforyou.com/mp/11923/tim_farron/westmorland_and_lonsdale,1970,Unknown,,timfarron.bsky.social,timfarron,https://en.wikipedia.org/wiki/Tim_Farron
4138,24958,Rushanara Ali,Rushanara Ali,TRUE,TRUE,,Female,,10-May,FALSE,Labour,Rushanara-Ali-37684209618,,,https://www.theyworkforyou.com/mp/24958/rushanara_ali/bethnal_green_and_stepney,1975,Minority,British Bangladeshi,rushanaraalibgs.bsky.social,rushanaraali,https://en.wikipedia.org/wiki/Rushanara_Ali
5321,26570,Paul Kohler,Paul Kohler,FALSE,TRUE,,Male,,,,Liberal Democrat,,,,https://www.theyworkforyou.com/mp/26570/paul_kohler/wimbledon,1959,Unknown,,paulkohlersw19.bsky.social,PaulKohlerSW19,https://en.wikipedia.org/wiki/Paul_Kohler_(politician)
5301,26512,Rebecca Smith,Rebecca Smith,FALSE,TRUE,,Female,,24-Jul,FALSE,Conservative,,,,https://www.theyworkforyou.com/mp/26512/rebecca_smith/south_west_devon,1981,Unknown,,swdevonrebecca.bsky.social,SWDevonRebecca,https://en.wikipedia.org/wiki/Rebecca_Smith_(politician)
188,10155,Ed Davey,Edward Davey,FALSE,TRUE,,Male,,,,Liberal Democrat,,,,https://www.theyworkforyou.com/mp/10155/edward_davey/kingston_and_surbiton,1965,Unknown,,eddavey.libdems.org.uk,EdwardJDavey,https://en.wikipedia.org/wiki/Ed_Davey
5085,26454,Llinos Medi,Llinos Medi,TRUE,TRUE,,Female,,24-Jul,FALSE,Plaid Cymru,,,,https://www.theyworkforyou.com/mp/26454/llinos_medi/ynys_mon,1981,Unknown,,llinosmedi.bsky.social,llinos_medi,https://en.wikipedia.org/wiki/Llinos_Medi
5312,26527,Sadik Al-Hassan,Sadik Al-Hassan,TRUE,TRUE,,Male,,,,Labour,,,,https://www.theyworkforyou.com/mp/26527/sadik_al-hassan/north_somerset,1984,Minority,British Syrian/White Irish (Mixed),sadikal-hassanmp.bsky.social,SadikAlHassanMP,https://en.wikipedia.org/wiki/Sadik_Al-Hassan
4631,25673,Sarah Jones,Sarah Jones,FALSE,TRUE,,Female,,17-Jun,FALSE,Labour,CroydonSarah,,,https://www.theyworkforyou.com/mp/25673/sarah_jones/croydon_west,1972,Unknown,,sarahjonesmp.bsky.social,LabourSJ,https://en.wikipedia.org/wiki/Sarah_Jones_(politician)
5185,26476,Alan Gemmell,Alan Gemmell,TRUE,TRUE,,Male,,,,Labour,,,,https://www.theyworkforyou.com/mp/26476/alan_gemmell/central_ayrshire,1978,Unknown,,alangemmell.bsky.social,alangemmell,https://en.wikipedia.org/wiki/Alan_Gemmell
5290,26392,Leigh Ingham,Leigh Ingham,FALSE,TRUE,,Female,,24-Jul,FALSE,Labour,,,,https://www.theyworkforyou.com/mp/26392/leigh_ingham/stafford,,Unknown,,leighinghammp.bsky.social,LeighInghamMP,https://en.wikipedia.org/wiki/Leigh_Ingham
3966,24872,Ian Murray,Ian Murray,FALSE,TRUE,,Male,,,,Labour,IanMurrayMP,,,https://www.theyworkforyou.com/mp/24872/ian_murray/edinburgh_south,1976,Unknown,,ianmurraymp.bsky.social,IanMurrayMP,https://en.wikipedia.org/wiki/Ian_Murray_(Scottish_politician)
4511,25284,Rupa Huq,Rupa Huq,TRUE,TRUE,,Female,,15-May,FALSE,Labour,rupa4labour,,,https://www.theyworkforyou.com/mp/25284/rupa_huq/ealing_central_and_acton,1972,Minority,British Bangladeshi,rupahuq.bsky.social,rupahuq,https://en.wikipedia.org/wiki/Rupa_Huq
5250,26531,Gideon Amos,Gideon Amos,FALSE,TRUE,,Male,,,,Liberal Democrat,,,,https://www.theyworkforyou.com/mp/26531/gideon_amos/taunton_and_wellington,,Unknown,,gideonamos.bsky.social,GideonJAmos,https://en.wikipedia.org/wiki/Gideon_Amos
4357,25314,Kirsty Blackman,Kirsty Blackman,FALSE,TRUE,,Female,,15-May,FALSE,Scottish National Party,aberdeennorth,,,https://www.theyworkforyou.com/mp/25314/kirsty_blackman/aberdeen_north,1986,Unknown,,kirstysnp.bsky.social,KirstySNP,https://en.wikipedia.org/wiki/Kirsty_Blackman
5245,26611,Chris Murray,Chris Murray,FALSE,TRUE,,Male,,,,Labour,,,,https://www.theyworkforyou.com/mp/26611/chris_murray/edinburgh_east_and_musselburgh,1987,Unknown,,chrismurraymp.bsky.social,ChrisMurrayMP,https://en.wikipedia.org/wiki/Chris_Murray_(politician)
,26586,Louise Jones,Louise Jones,FALSE,TRUE,,Female,,24-Jul,FALSE,Labour,,,,https://www.theyworkforyou.com/mp/26586/louise_jones/north_east_derbyshire,,Unknown,,louisesandherjones.bsky.social,Louise_Jones_MP,https://en.wikipedia.org/wiki/Louise_Jones
4658,25680,Alex Sobel,Alex Sobel,TRUE,TRUE,,Male,,,,Labour (Co-op),,,,https://www.theyworkforyou.com/mp/25680/alex_sobel/leeds_central_and_headingley,1975,Unknown,,alexsobel.co.uk,alexsobel,https://en.wikipedia.org/wiki/Alex_Sobel
5058,26337,Juliet Campbell,Juliet Campbell,FALSE,TRUE,,Female,,24-Jul,FALSE,Labour,,,,https://www.theyworkforyou.com/mp/26337/juliet_campbell/broxtowe,,Minority,Black British,julietcampbellmp.bsky.social,JOCampbellMP,https://en.wikipedia.org/wiki/Juliet_Campbell_(politician)
5344,26602,Ben Coleman,Ben Coleman,FALSE,TRUE,,Male,,,,Labour,,,,https://www.theyworkforyou.com/mp/26602/ben_coleman/chelsea_and_fulham,,Unknown,,chelfulhamben.bsky.social,ChelFulhamBen,https://en.wikipedia.org/wiki/Ben_Coleman_(politician)
5156,26386,Jess Asato,Jessica Asato,TRUE,TRUE,,Female,,24-Jul,FALSE,Labour,,,,https://www.theyworkforyou.com/mp/26386/jessica_asato/lowestoft,1981,Unknown,,jessasatomp.bsky.social,Jess4Lowestoft,https://en.wikipedia.org/wiki/Jess_Asato
4269,25169,Andy McDonald,Andy McDonald,FALSE,TRUE,,Male,,,,Labour,AndyMcDonaldMP,,,https://www.theyworkforyou.com/mp/25169/andy_mcdonald/middlesbrough_and_thornaby_east,1958,Unknown,,andymcdonaldmp.bsky.social,AndyMcDonaldMP,https://en.wikipedia.org/wiki/Andy_McDonald_(politician)
5226,26550,Michelle Welsh,Michelle Welsh,FALSE,TRUE,,Female,,24-Jul,FALSE,Labour,,,,https://www.theyworkforyou.com/mp/26550/michelle_welsh/sherwood_forest,,Unknown,,michellewelshmp.bsky.social,MichelleWelshMP,https://en.wikipedia.org/wiki/Michelle_Welsh
5066,26349,Steve Darling,Steve Darling,FALSE,TRUE,,Male,,,,Liberal Democrat,,,,https://www.theyworkforyou.com/mp/26349/steve_darling/torbay,1969,Unknown,,stevedarlingmp.bsky.social,SteveDarlingMP,https://en.wikipedia.org/wiki/Steve_Darling
4358,25342,Wendy Morton,Wendy Morton,FALSE,TRUE,,Female,,15-May,FALSE,Conservative,morton.wendy,,,https://www.theyworkforyou.com/mp/25342/wendy_morton/aldridge-brownhills,1967,Unknown,,wendymorton.bsky.social,morton_wendy,https://en.wikipedia.org/wiki/Wendy_Morton
5342,26613,John Whitby,John Whitby,FALSE,TRUE,,Male,,,,Labour,,,,https://www.theyworkforyou.com/mp/26613/john_whitby/derbyshire_dales,,Unknown,,,,https://en.wikipedia.org/wiki/John_Whitby
4673,25611,Jo Platt,Jo Platt,FALSE,TRUE,,Female,,17-Jun,FALSE,Labour (Co-op),JoPlattMP,,,https://www.theyworkforyou.com/mp/25611/jo_platt/leigh_and_atherton,1973,Unknown,,joplatt.bsky.social,JoPlattLeigh,https://en.wikipedia.org/wiki/Jo_Platt
5195,26447,Andrew Cooper,Andrew Cooper,FALSE,TRUE,,Male,,,,Labour,,,,https://www.theyworkforyou.com/mp/26447/andrew_cooper/mid_cheshire,1984,Unknown,,andrewcooper.net,GoAndrCoop,https://en.wikipedia.org/wiki/Andrew_Cooper_(Labour_politician)
5145,26419,Irene Campbell,Irene Campbell,FALSE,TRUE,,Female,,24-Jul,FALSE,Labour,,,,https://www.theyworkforyou.com/mp/26419/irene_campbell/north_ayrshire_and_arran,1964,Unknown,,irenecampbellmp.bsky.social,lucydahlia,https://en.wikipedia.org/wiki/Irene_Campbell
5339,26619,Danny Beales,Danny Beales,TRUE,TRUE,,Male,,,,Labour,,,,https://www.theyworkforyou.com/mp/26619/danny_beales/uxbridge_and_south_ruislip,1988,Unknown,,dannybealesmp.bsky.social,DannyBeales,https://en.wikipedia.org/wiki/Danny_Beales
5324,26571,Sarah Russell,Sarah Russell,FALSE,TRUE,,Female,,24-Jul,FALSE,Labour,,,,https://www.theyworkforyou.com/mp/26571/sarah_russell/congleton,,Unknown,,sarahrussellmp.bsky.social,S_A_Russell,https://en.wikipedia.org/wiki/Sarah_Russell_(politician)
4993,26271,Keir Mather,Keir Mather,TRUE,TRUE,,Male,,,,Labour,,,,https://www.theyworkforyou.com/mp/26271/keir_mather/selby,1998,Unknown,,keirmathermp.bsky.social,Mather_Keir,https://en.wikipedia.org/wiki/Keir_Mather
4491,25380,Vicky Foxcroft,Vicky Foxcroft,TRUE,TRUE,,Female,,15-May,FALSE,Labour,VickyFoxcroftLabour,,,https://www.theyworkforyou.com/mp/25380/vicky_foxcroft/lewisham_north,1977,Unknown,,vickyfoxcroftmp.bsky.social,vickyfoxcroft,https://en.wikipedia.org/wiki/Vicky_Foxcroft
5227,26439,Jas Athwal,Jas Athwal,TRUE,TRUE,,Male,,,,Labour,,,,https://www.theyworkforyou.com/mp/26439/jas_athwal/ilford_south,1963,Minority,British Indian,jasathwal.bsky.social,Jas_Athwal,https://en.wikipedia.org/wiki/Jas_Athwal
5065,26478,Rachel Taylor,Rachel Taylor,FALSE,TRUE,,Female,,24-Jul,FALSE,Labour,,,,https://www.theyworkforyou.com/mp/26478/rachel_taylor/north_warwickshire_and_bedworth,,Unknown,,racheltaylormp.bsky.social,RachelTaylorMP,https://en.wikipedia.org/wiki/Rachel_Taylor_(politician)
5323,26574,Matt Bishop,Matt Bishop,FALSE,TRUE,,Male,,,,Labour,,,,https://www.theyworkforyou.com/mp/26574/matt_bishop/forest_of_dean,,Unknown,,mattbishopmp.bsky.social,MattBishopMP,https://en.wikipedia.org/wiki/Matt_Bishop_(politician)
5305,26528,Georgia Gould,Georgia Gould,FALSE,TRUE,,Female,,24-Jul,FALSE,Labour,,,,https://www.theyworkforyou.com/mp/26528/georgia_gould/queen%27s_park_and_maida_vale,1986,Unknown,,georgiagould.bsky.social,Georgia_Gould,https://en.wikipedia.org/wiki/Georgia_Gould_(politician)
4844,25853,Matt Vickers,Matt Vickers,FALSE,TRUE,,Male,,,,Conservative,,,,https://www.theyworkforyou.com/mp/25853/matt_vickers/stockton_west,1983,Unknown,,mattvickers.bsky.social,Matt_VickersMP,https://en.wikipedia.org/wiki/Matt_Vickers
5309,26494,Katrina Murray,Katrina Murray,FALSE,TRUE,,Female,,24-Jul,FALSE,Labour,,,,https://www.theyworkforyou.com/mp/26494/katrina_murray/cumbernauld_and_kirkintilloch,,Unknown,,katrinamurraymp.bsky.social,katrinamurray71,https://en.wikipedia.org/wiki/Katrina_Murray
5044,26326,Adam Thompson,Adam Thompson,FALSE,TRUE,,Male,,,,Labour,,,,https://www.theyworkforyou.com/mp/26326/adam_thompson/erewash,1990,Unknown,,adamthompsonmp.bsky.social,adamthompson111,https://en.wikipedia.org/wiki/Adam_Thompson_(politician)
5341,26629,Laura Kyrke-Smith,Laura Kyrke-Smith,TRUE,TRUE,,Female,,24-Jul,FALSE,Labour,,,,https://www.theyworkforyou.com/mp/26629/laura_kyrke-smith/aylesbury,1983,Unknown,,laurakyrkesmith.bsky.social,laurakyrkesmith,https://en.wikipedia.org/wiki/Laura_Kyrke-Smith
5121,26387,Henry Tufnell,Henry Tufnell,TRUE,TRUE,,Male,,,,Labour,,,,https://www.theyworkforyou.com/mp/26387/henry_tufnell/mid_and_south_pembrokeshire,1992,Unknown,,tufnellhenry.bsky.social,TufnellHenry,https://en.wikipedia.org/wiki/Henry_Tufnell_(Welsh_politician)
5299,26516,Monica Harding,Monica Harding,FALSE,TRUE,,Female,,24-Jul,FALSE,Liberal Democrat,,,,https://www.theyworkforyou.com/mp/26516/monica_harding/esher_and_walton,,Unknown,,monicaharding.bsky.social,monicabeharding,https://en.wikipedia.org/wiki/Monica_Harding
5360,26632,David Pinto-Duschinsky,David Pinto-Duschinsky,TRUE,TRUE,,Male,,,,Labour,,,,https://www.theyworkforyou.com/mp/26632/david_pinto-duschinsky/hendon,1974,Unknown,,davidpintod.bsky.social,DavidPintoD,https://en.wikipedia.org/wiki/David_Pinto-Duschinsky
5098,26390,Dr Marie Tidball,Marie Tidball,TRUE,TRUE,,Female,,24-Jul,FALSE,Labour,,,,https://www.theyworkforyou.com/mp/26390/marie_tidball/penistone_and_stocksbridge,,Unknown,,marietidball.bsky.social,MarieTidball,https://en.wikipedia.org/wiki/Marie_Tidball
5163,26383,Peter Prinsley,Peter Prinsley,TRUE,TRUE,,Male,,,,Labour,,,,https://www.theyworkforyou.com/mp/26383/peter_prinsley/bury_st_edmunds_and_stowmarket,1958,Unknown,,peterprinsleymp.bsky.social,PeterPrinsley,https://en.wikipedia.org/wiki/Peter_Prinsley
5084,26481,Elsie Blundell,Elsie Blundell,TRUE,TRUE,,Female,,24-Jul,FALSE,Labour,,,,https://www.theyworkforyou.com/mp/26481/elsie_blundell/heywood_and_middleton_north,1990,Unknown,,elsieblundellmp.bsky.social,elsieblundell,https://en.wikipedia.org/wiki/Elsie_Blundell
473,10682,Mark Hendrick,Mark Hendrick,FALSE,TRUE,,Male,,,,Labour (Co-op),hendrick4preston,,,https://www.theyworkforyou.com/mp/10682/mark_hendrick/preston,1958,Minority,Somali/White British (Mixed),markhendrickmp.bsky.social,MarkHendrick_,https://en.wikipedia.org/wiki/Mark_Hendrick
5137,26455,Maureen Burke,Maureen Burke,FALSE,TRUE,,Female,,24-Jul,FALSE,Labour,,,,https://www.theyworkforyou.com/mp/26455/maureen_burke/glasgow_north_east,,Unknown,,maureenburke.bsky.social,MaureenBurkeMP,https://en.wikipedia.org/wiki/Maureen_Burke
5032,26312,Tom Gordon,Tom Gordon,FALSE,TRUE,,Male,,,,Liberal Democrat,,,,https://www.theyworkforyou.com/mp/26312/tom_gordon/harrogate_and_knaresborough,,Unknown,,tomgordonld.bsky.social,tomgordonLD,https://en.wikipedia.org/wiki/Tom_Gordon_(British_politician)
4389,25343,Ruth Cadbury,Ruth Cadbury,FALSE,TRUE,,Female,,15-May,FALSE,Labour,RuthCadburywin2017,,,https://www.theyworkforyou.com/mp/25343/ruth_cadbury/brentford_and_isleworth,1959,Unknown,,ruthcadbury.bsky.social,ruthcadbury,https://en.wikipedia.org/wiki/Ruth_Cadbury
4781,25805,Luke Evans,Luke Evans,FALSE,TRUE,,Male,,,,Conservative,,,,https://www.theyworkforyou.com/mp/25805/luke_evans/hinckley_and_bosworth,1983,Unknown,,drlukeevans.org.uk,drlukeevans,https://en.wikipedia.org/wiki/Luke_Evans_(politician)
5447,26729,Hannah Spencer,Hannah Spencer,FALSE,TRUE,,Female,,26-Feb,TRUE,Green Party,,,,https://www.theyworkforyou.com/mp/26729/hannah_spencer/gorton_and_denton,1991,Unknown,,greenpartyhan.bsky.social,GreenPartyHan,https://en.wikipedia.org/wiki/Hannah_Spencer
,25695,Tan Dhesi,Tan Dhesi,TRUE,TRUE,,Male,,,,Labour,tandhesi,,,https://www.theyworkforyou.com/mp/25695/tan_dhesi/slough,1978,Minority,British Indian,tandhesi.bsky.social,TanDhesi,https://en.wikipedia.org/wiki/Tan_Dhesi
5102,26379,Carla Denyer,Carla Denyer,TRUE,TRUE,,Female,,24-Jul,FALSE,Green Party,,,,https://www.theyworkforyou.com/mp/26379/carla_denyer/bristol_central,1985,Unknown,,carladenyer.bsky.social,carla_denyer,https://en.wikipedia.org/wiki/Carla_Denyer
4610,25676,Bambos Charalambous,Bambos Charalambous,TRUE,TRUE,,Male,,,,Labour,,,,https://www.theyworkforyou.com/mp/25676/bambos_charalambous/southgate_and_wood_green,1967,Minority,British Cypriot,bambosmp.bsky.social,BambosMP,https://en.wikipedia.org/wiki/Bambos_Charalambous
4620,25681,Ellie Reeves,Ellie Reeves,FALSE,TRUE,,Female,,17-Jun,FALSE,Labour,,,,https://www.theyworkforyou.com/mp/25681/ellie_reeves/lewisham_west_and_east_dulwich,1980,Unknown,,elliereeves.bsky.social,elliereeves,https://en.wikipedia.org/wiki/Ellie_Reeves
5115,26362,Jon Pearce,Jonathan Pearce,FALSE,TRUE,,Male,,,,Labour,,,,https://www.theyworkforyou.com/mp/26362/jonathan_pearce/high_peak,1977,Unknown,,jon4highpeak.bsky.social,Jon4HighPeak,https://en.wikipedia.org/wiki/Jon_Pearce
5350,26623,Ben Maguire,Ben Maguire,FALSE,TRUE,,Male,,,,Liberal Democrat,,,,https://www.theyworkforyou.com/mp/26623/ben_maguire/north_cornwall,1991,Unknown,,benmaguiremp.bsky.social,BenMaguireMP,https://en.wikipedia.org/wiki/Ben_Maguire
1446,10761,Chris Bryant,Chris Bryant,FALSE,TRUE,,Male,,,,Labour,Chris4Rhondda,,,https://www.theyworkforyou.com/mp/10761/chris_bryant/rhondda_and_ogmore,1962,Unknown,,chrisbryant1962.bsky.social,RhonddaBryant,https://en.wikipedia.org/wiki/Chris_Bryant
4598,25649,Mohammad Yasin,Mohammad Yasin,TRUE,TRUE,,Male,,,,Labour,,,,https://www.theyworkforyou.com/mp/25649/mohammad_yasin/bedford,1971,Minority,British Pakistani,yasinmp4bedford.bsky.social,YasinForBedford,https://en.wikipedia.org/wiki/Mohammad_Yasin_(politician)
5276,26519,Chris Ward,Chris Ward,FALSE,TRUE,,Male,,,,Labour,,,,https://www.theyworkforyou.com/mp/26519/chris_ward/brighton_kemptown_and_peacehaven,1982,Unknown,,chriswardmp.bsky.social,chriswardmp,https://en.wikipedia.org/wiki/Chris_Ward_(British_politician)
5275,26503,Graeme Downie,Graeme Downie,TRUE,TRUE,,Male,,,,Labour,,,,https://www.theyworkforyou.com/mp/26503/graeme_downie/dunfermline_and_dollar,1980,Unknown,,graemedowniemp.bsky.social,GraemeDownieMP,https://en.wikipedia.org/wiki/Graeme_Downie
5196,26492,Brian Leishman,Brian Leishman,TRUE,TRUE,,Male,,,,Labour,,,,https://www.theyworkforyou.com/mp/26492/brian_leishman/alloa_and_grangemouth,1982,Unknown,,brianleishmanmp.bsky.social,BrianLeishmanMP,https://en.wikipedia.org/wiki/Brian_Leishman
5129,26427,Martin McCluskey,Martin McCluskey,FALSE,TRUE,,Male,,,,Labour,,,,https://www.theyworkforyou.com/mp/26427/martin_mccluskey/inverclyde_and_renfrewshire_west,1986,Unknown,,martinmccluskey.bsky.social,martinmccluskey,https://en.wikipedia.org/wiki/Martin_McCluskey
5273,26506,Connor Naismith,Connor Naismith,FALSE,TRUE,,Male,,,,Labour,,,,https://www.theyworkforyou.com/mp/26506/connor_naismith/crewe_and_nantwich,,Unknown,,connornaismithmp.bsky.social,connor_naismith,https://en.wikipedia.org/wiki/Connor_Naismith
5213,26483,Zubir Ahmed,Zubir Ahmed,TRUE,TRUE,,Male,,,,Labour,,,,https://www.theyworkforyou.com/mp/26483/zubir_ahmed/glasgow_south_west,1981,Minority,British Pakistani,zubirahmed.bsky.social,zubirahmed,https://en.wikipedia.org/wiki/Zubir_Ahmed
5256,26557,Jonathan Davies,Jonathan Davies,FALSE,TRUE,,Male,,,,Labour,,,,https://www.theyworkforyou.com/mp/26557/jonathan_davies/mid_derbyshire,,Unknown,,jonathandaviesmp.bsky.social,Jonathan4MD,https://en.wikipedia.org/wiki/Jonathan_Davies_(politician)
4653,25658,Stephen Morgan,Stephen Morgan,FALSE,TRUE,,Male,,,,Labour,StephenMorganMP,,,https://www.theyworkforyou.com/mp/25658/stephen_morgan/portsmouth_south,1981,Unknown,,stephenmorganmp.bsky.social,stephenmorganmp,https://en.wikipedia.org/wiki/Stephen_Morgan_(British_politician)
4456,25366,Jeff Smith,Jeff Smith,FALSE,TRUE,,Male,,,,Labour,jeffsmithforwithington,,,https://www.theyworkforyou.com/mp/25366/jeff_smith/manchester_withington,1963,Unknown,,jeffsmithmp.bsky.social,jeffsmithetc,https://en.wikipedia.org/wiki/Jeff_Smith_(British_politician)
1171,11360,Liam Byrne,Liam Byrne,FALSE,TRUE,,Male,,,,Labour,LiamByrneHodgeHill,,,https://www.theyworkforyou.com/mp/11360/liam_byrne/birmingham_hodge_hill_and_solihull_north,1970,Unknown,,liambyrnemp.bsky.social,LiamByrneMP,https://en.wikipedia.org/wiki/Liam_Byrne
5057,26334,Douglas McAllister,Douglas McAllister,FALSE,TRUE,,Male,,,,Labour,,,,https://www.theyworkforyou.com/mp/26334/douglas_mcallister/west_dunbartonshire,,Unknown,,douglasmcallister.bsky.social,Labour_Douglas,https://en.wikipedia.org/wiki/Douglas_McAllister
4630,25669,Ben Lake,Ben Lake,FALSE,TRUE,,Male,,,,Plaid Cymru,,,,https://www.theyworkforyou.com/mp/25669/ben_lake/ceredigion_preseli,1993,Unknown,,benlake.bsky.social,,https://en.wikipedia.org/wiki/Ben_Lake
5112,26420,Luke Akehurst,Luke Akehurst,TRUE,TRUE,,Male,,,,Labour,,,,https://www.theyworkforyou.com/mp/26420/luke_akehurst/north_durham,1972,Unknown,,luke-akehurstmp.bsky.social,lukeakehurst,https://en.wikipedia.org/wiki/Luke_Akehurst
4493,25391,Richard Burgon,Richard Burgon,TRUE,TRUE,,Male,,,,Labour,RichardBurgonForEastLeeds,,,https://www.theyworkforyou.com/mp/25391/richard_burgon/leeds_east,1980,Unknown,,richardburgon.bsky.social,richardburgon,https://en.wikipedia.org/wiki/Richard_Burgon
4368,25326,Neil Coyle,Neil Coyle,FALSE,TRUE,,Male,,,,Labour,NeilCoyleMP,,,https://www.theyworkforyou.com/mp/25326/neil_coyle/bermondsey_and_old_southwark,1978,Unknown,,coyleneil.bsky.social,coyleneil,https://en.wikipedia.org/wiki/Neil_Coyle
177,10594,Gareth Thomas,Gareth Thomas,FALSE,TRUE,,Male,,,,Labour (Co-op),GarethThomasMP,,,https://www.theyworkforyou.com/mp/10594/gareth_thomas/harrow_west,1967,Unknown,,gareththomasmp.bsky.social,GarethThomasMP,https://en.wikipedia.org/wiki/Gareth_Thomas_(English_politician)
5259,26521,Jeevun Sandher,Jeevun Sandher,TRUE,TRUE,,Male,,,,Labour,,,,https://www.theyworkforyou.com/mp/26521/jeevun_sandher/loughborough,1990,Minority,British Indian,jeevunsandher.bsky.social,JeevunSandher,https://en.wikipedia.org/wiki/Jeevun_Sandher
5277,26499,Graham Leadbitter,Graham Leadbitter,TRUE,TRUE,,Male,,,,Scottish National Party,,,,https://www.theyworkforyou.com/mp/26499/graham_leadbitter/moray_west%2C_nairn_and_strathspey,,Unknown,,grahamleadbitter.bsky.social,GrahamSNP,https://en.wikipedia.org/wiki/Graham_Leadbitter
5031,26310,Mark Ferguson,Mark Ferguson,FALSE,TRUE,,Male,,,,Labour,,,,https://www.theyworkforyou.com/mp/26310/mark_ferguson/gateshead_central_and_whickham,1985,Unknown,,markfergusonmp.bsky.social,MarkFergusonMP,https://en.wikipedia.org/wiki/Mark_Ferguson_(politician)
5236,26465,Jade Botterill,Jade Botterill,TRUE,TRUE,,Female,,24-Jul,FALSE,Labour,,,,https://www.theyworkforyou.com/mp/26465/jade_botterill/ossett_and_denby_dale,1990,Unknown,,,JadeBotterill,https://en.wikipedia.org/wiki/Jade_Botterill
5072,26347,Andrew Snowden,Andrew Snowden,FALSE,TRUE,,Male,,,,Conservative,,,,https://www.theyworkforyou.com/mp/26347/andrew_snowden/fylde,1984,Unknown,,,A_J_Snowden,https://en.wikipedia.org/wiki/Andrew_Snowden
4110,24725,Karen Bradley,Karen Bradley,FALSE,TRUE,,Female,,10-May,FALSE,Conservative,votekarenbradley,,,https://www.theyworkforyou.com/mp/24725/karen_bradley/staffordshire_moorlands,1970,Unknown,,,,https://en.wikipedia.org/wiki/Karen_Bradley
1466,11132,Andrew Murrison,Andrew Murrison,TRUE,TRUE,,Male,,,,Conservative,andrew.murrison,,,https://www.theyworkforyou.com/mp/11132/andrew_murrison/south_west_wiltshire,1961,Unknown,,,AWMurrison,http://en.wikipedia.org/wiki/Andrew_Murrison
,24882,Esther Mcvey,Esther McVey,TRUE,TRUE,,Female,,10-May,FALSE,Conservative,,,,https://www.theyworkforyou.com/mp/24882/esther_mcvey/tatton,1967,Unknown,,,EstherMcVey1,https://en.wikipedia.org/wiki/Esther_McVey
400,10268,John Healey,John Healey,FALSE,TRUE,,Male,,,,Labour,JohnHealeyRotherham,,,https://www.theyworkforyou.com/mp/10268/john_healey/rawmarsh_and_conisbrough,1960,Unknown,,,JohnHealey_MP,https://en.wikipedia.org/wiki/John_Healey
193,10381,Siobhain McDonagh,Siobhain McDonagh,TRUE,TRUE,,Female,,May-97,FALSE,Labour,Siobhain-McDonagh-MP-1485922148331912,,,https://www.theyworkforyou.com/mp/10381/siobhain_mcdonagh/mitcham_and_morden,1960,Unknown,,,Siobhain_Mc,https://en.wikipedia.org/wiki/Siobhain_McDonagh
5061,26376,Andrew Lewin,Andrew Lewin,FALSE,TRUE,,Male,,,,Labour,,,,https://www.theyworkforyou.com/mp/26376/andrew_lewin/welwyn_hatfield,1987,Unknown,,andrewlewinmp.bsky.social,,https://en.wikipedia.org/wiki/Andrew_Lewin
5063,26375,Johanna Baxter,Johanna Baxter,FALSE,TRUE,,Female,,24-Jul,FALSE,Labour,,,,https://www.theyworkforyou.com/mp/26375/johanna_baxter/paisley_and_renfrewshire_south,1979,Unknown,,,JohannaBaxter,https://en.wikipedia.org/wiki/Johanna_Baxter
5351,26626,Gregory Stafford,Gregory Stafford,FALSE,TRUE,,Male,,,,Conservative,,,,https://www.theyworkforyou.com/mp/26626/gregory_stafford/farnham_and_bordon,,Unknown,,,GregoryStafford,https://en.wikipedia.org/wiki/Greg_Stafford_(politician)
4356,25429,Angela Rayner,Angela Rayner,FALSE,TRUE,,Female,,15-May,FALSE,Labour,Angela-Rayner,,,https://www.theyworkforyou.com/mp/25429/angela_rayner/ashton-under-lyne,1980,Unknown,,,angelarayner,https://en.wikipedia.org/wiki/Angela_Rayner
4798,25750,Gareth Bacon,Gareth Bacon,FALSE,TRUE,,Male,,,,Conservative,,,,https://www.theyworkforyou.com/mp/25750/gareth_bacon/orpington,1972,Unknown,,,GarethBaconMP,https://en.wikipedia.org/wiki/Gareth_Bacon
,26315,Lola Mcevoy,Lola McEvoy,TRUE,TRUE,,Female,,24-Jul,FALSE,Labour,,,,https://www.theyworkforyou.com/mp/26315/lola_mcevoy/darlington,1987,Unknown,,,Lola__McEvoy,https://en.wikipedia.org/wiki/Lola_McEvoy
4479,25279,Nick Thomas-Symonds,Nick Thomas-Symonds,FALSE,TRUE,,Male,,,,Labour,1.00009E+14,,,https://www.theyworkforyou.com/mp/25279/nick_thomas-symonds/torfaen,1980,Unknown,,,NickTorfaen,https://en.wikipedia.org/wiki/Nick_Thomas-Symonds
5068,26363,Shivani Raja,Shivani Raja,TRUE,TRUE,,Female,,24-Jul,FALSE,Conservative,,,,https://www.theyworkforyou.com/mp/26363/shivani_raja/leicester_east,1994,Minority,British Indian,,ShivaniRaja_LE,https://en.wikipedia.org/wiki/Shivani_Raja
5362,26637,Angus MacDonald,Angus MacDonald,FALSE,TRUE,,Male,,,,Liberal Democrat,,,,https://www.theyworkforyou.com/mp/26637/angus_macdonald/inverness%2C_skye_and_west_ross-shire,1962,Unknown,,angusmacdonaldld.bsky.social,,https://en.wikipedia.org/wiki/Angus_MacDonald_(Liberal_Democrat_politician)
4066,24778,Priti Patel,Priti Patel,TRUE,TRUE,,Female,,10-May,FALSE,Conservative,,,,https://www.theyworkforyou.com/mp/24778/priti_patel/witham,1972,Minority,British Indian,,pritipatel,https://en.wikipedia.org/wiki/Priti_Patel
5262,13780,Alex Easton,Alex Easton,FALSE,TRUE,,Male,,,,Independent,,,,https://www.theyworkforyou.com/mp/13780/alex_easton/north_down,1969,Unknown,,,,https://en.wikipedia.org/wiki/Alex_Easton
5232,26475,Lorraine Beavers,Lorraine Beavers,FALSE,TRUE,,Female,,24-Jul,FALSE,Labour,,,,https://www.theyworkforyou.com/mp/26475/lorraine_beavers/blackpool_north_and_fleetwood,1962,Unknown,,,BeaversLorraine,https://en.wikipedia.org/wiki/Lorraine_Beavers
5101,26370,Ashley Fox,Ashley Fox,FALSE,TRUE,,Male,,,,Conservative,,,,https://www.theyworkforyou.com/mp/26370/ashley_fox/bridgwater,1969,Unknown,,,Ashley7Fox,https://en.wikipedia.org/wiki/Ashley_Fox
4592,25597,Dr Caroline Johnson,Dr Caroline Johnson,FALSE,TRUE,,Female,,16-Dec,TRUE,Conservative,,,,https://www.theyworkforyou.com/mp/25597/caroline_johnson/sleaford_and_north_hykeham,1977,Unknown,,,drcarolinej,https://en.wikipedia.org/wiki/Caroline_Johnson
5118,26396,Chris Curtis,Chris Curtis,FALSE,TRUE,,Male,,,,Labour,,,,https://www.theyworkforyou.com/mp/26396/chris_curtis/milton_keynes_north,1994,Unknown,,chriscurtis94.bsky.social,,https://en.wikipedia.org/wiki/Chris_Curtis_(politician)
5042,26324,Pam Cox,Pam Cox,FALSE,TRUE,,Female,,24-Jul,FALSE,Labour,,,,https://www.theyworkforyou.com/mp/26324/pam_cox/colchester,,Unknown,,,,https://en.wikipedia.org/wiki/Pam_Cox
,25374,Thomas Tugendhat,Thomas Tugendhat,TRUE,TRUE,,Male,,,,Conservative,thomas.tugendhat,,,https://www.theyworkforyou.com/mp/25374/thomas_tugendhat/tonbridge,1973,Unknown,,,tomtugendhat,https://en.wikipedia.org/wiki/Tom_Tugendhat
4077,24868,Emma Reynolds,Emma Reynolds,FALSE,TRUE,,Female,,10-May,FALSE,Labour,EmmaReynoldsMP,,,https://www.theyworkforyou.com/mp/24868/emma_reynolds/wycombe,1977,Unknown,,,EmmaforWycombe,https://en.wikipedia.org/wiki/Emma_Reynolds
4320,25227,Robert Jenrick,Robert Jenrick,TRUE,TRUE,,Male,,,,Reform UK,RobertJenrickNewark,,,https://www.theyworkforyou.com/mp/25227/robert_jenrick/newark,1982,Unknown,,,RobertJenrick,https://en.wikipedia.org/wiki/Robert_Jenrick
4031,24851,Rachel Reeves,Rachel Reeves,FALSE,TRUE,,Female,,10-May,FALSE,Labour,rachelreeves10,,,https://www.theyworkforyou.com/mp/24851/rachel_reeves/leeds_west_and_pudsey,1979,Unknown,,,RachelReevesMP,https://en.wikipedia.org/wiki/Rachel_Reeves
5159,26473,Connor Rand,Connor Rand,FALSE,TRUE,,Male,,,,Labour,,,,https://www.theyworkforyou.com/mp/26473/connor_rand/altrincham_and_sale_west,,Unknown,,,ConnorRand4ASW,https://en.wikipedia.org/wiki/Connor_Rand
5192,26507,Helena Dollimore,Helena Dollimore,TRUE,TRUE,,Female,,24-Jul,FALSE,Labour (Co-op),,,,https://www.theyworkforyou.com/mp/26507/helena_dollimore/hastings_and_rye,1994,Unknown,,,helenadollimore,https://en.wikipedia.org/wiki/Helena_Dollimore
4636,25154,Chris Hazzard,Christopher Hazzard,FALSE,TRUE,,Male,,,,Sinn Féin,chris.hazzard.77,,,https://www.theyworkforyou.com/mp/25154/christopher_hazzard/south_down,1984,Unknown,,,ChrisHazzardSF,https://en.wikipedia.org/wiki/Chris_Hazzard
4618,25623,Liz Twist,Liz Twist,FALSE,TRUE,,Female,,17-Jun,FALSE,Labour,,,,https://www.theyworkforyou.com/mp/25623/liz_twist/blaydon_and_consett,1956,Unknown,,,LizTwistMP,https://en.wikipedia.org/wiki/Liz_Twist
5209,26027,Peter Fortune,Peter Fortune,FALSE,TRUE,,Male,,,,Conservative,,,,https://www.theyworkforyou.com/mp/26027/peter_fortune/bromley_and_biggin_hill,1978,Unknown,,,PeterTFortune,https://en.wikipedia.org/wiki/Peter_Fortune
4513,25330,Mims Davies,Mims Davies,TRUE,TRUE,,Female,,15-May,FALSE,Conservative,Mims4Eastleigh,,,https://www.theyworkforyou.com/mp/25330/mims_davies/east_grinstead_and_uckfield,1975,Unknown,,,mimsdavies,https://en.wikipedia.org/wiki/Mims_Davies
55,10580,Desmond Swayne,Desmond Swayne,TRUE,TRUE,,Male,,,,Conservative,Desmond.Swayne,,,https://www.theyworkforyou.com/mp/10580/desmond_swayne/new_forest_west,1956,Unknown,,,DesmondSwayne,https://en.wikipedia.org/wiki/Desmond_Swayne
4475,25272,Suella Braverman,Suella Braverman,TRUE,TRUE,,Female,,15-May,FALSE,Reform UK,SuellaBravermanOfficial,,,https://www.theyworkforyou.com/mp/25272/suella_braverman/fareham_and_waterlooville,1980,Minority,British Indian,,suellabraverman,https://en.wikipedia.org/wiki/Suella_Braverman
4503,25377,Chris Philp,Chris Philp,TRUE,TRUE,,Male,,,,Conservative,chris.philp.official,,,https://www.theyworkforyou.com/mp/25377/chris_philp/croydon_south,1976,Unknown,,,CPhilpOfficial,https://en.wikipedia.org/wiki/Chris_Philp
5178,26406,Sally Jameson,Sally Jameson,FALSE,TRUE,,Female,,24-Jul,FALSE,Labour (Co-op),,,,https://www.theyworkforyou.com/mp/26406/sally_jameson/doncaster_central,,Unknown,,,,https://en.wikipedia.org/wiki/Sally_Jameson
5220,26589,Tristan Osborne,Tristan Osborne,FALSE,TRUE,,Male,,,,Labour,,,,https://www.theyworkforyou.com/mp/26589/tristan_osborne/chatham_and_aylesford,,Unknown,,,,https://en.wikipedia.org/wiki/Tris_Osborne
4591,25596,Sarah Olney,Sarah Olney,FALSE,TRUE,,Female,,16-Dec,TRUE,Liberal Democrat,,,,https://www.theyworkforyou.com/mp/25596/sarah_olney/richmond_park,1977,Unknown,,,sarahjolney1,https://en.wikipedia.org/wiki/Sarah_Olney
5292,26470,Dáire Hughes,Dáire Hughes,TRUE,TRUE,,Male,,,,Sinn Féin,,,,https://www.theyworkforyou.com/mp/26470/daire_hughes/newry_and_armagh,1989,Unknown,,,DaireHughesSF,https://en.wikipedia.org/wiki/D%C3%A1ire_Hughes
5180,26474,Nesil Caliskan,Nesil Caliskan,TRUE,TRUE,,Female,,24-Jul,FALSE,Labour,,,,https://www.theyworkforyou.com/mp/26474/nesil_caliskan/barking,1988,Minority,Turkish-Cypriot,,Nesil_Caliskan,https://en.wikipedia.org/wiki/Nesil_Caliskan
5161,26399,Richard Tice,Richard Tice,TRUE,TRUE,,Male,,,,Reform UK,,,,https://www.theyworkforyou.com/mp/26399/richard_tice/boston_and_skegness,1964,Unknown,,,TiceRichard,https://en.wikipedia.org/wiki/Richard_Tice
5073,26338,Marie Goldman,Marie Goldman,FALSE,TRUE,,Female,,24-Jul,FALSE,Liberal Democrat,,,,https://www.theyworkforyou.com/mp/26338/marie_goldman/chelmsford,,Unknown,,mariecgoldman.bsky.social,,https://en.wikipedia.org/wiki/Marie_Goldman
5110,26407,Euan Stainbank,Euan Stainbank,TRUE,TRUE,,Male,,,,Labour,,,,https://www.theyworkforyou.com/mp/26407/euan_stainbank/falkirk,2000,Unknown,,,Euan4Falkirk,https://en.wikipedia.org/wiki/Euan_Stainbank
5149,26449,Amanda Hack,Amanda Hack,FALSE,TRUE,,Female,,24-Jul,FALSE,Labour,,,,https://www.theyworkforyou.com/mp/26449/amanda_hack/north_west_leicestershire,1976,Unknown,,,Hack4Labour,https://en.wikipedia.org/wiki/Amanda_Hack
394,10045,Clive Betts,Clive Betts,FALSE,TRUE,,Male,,,,Labour,clive.betts.sheffieldse,,,https://www.theyworkforyou.com/mp/10045/clive_betts/sheffield_south_east,1950,Unknown,,,,https://en.wikipedia.org/wiki/Clive_Betts
4008,24873,Caroline Dinenage,Caroline Dinenage,TRUE,TRUE,,Female,,10-May,FALSE,Conservative,Caroline4Gosport,,,https://www.theyworkforyou.com/mp/24873/caroline_dinenage/gosport,1971,Unknown,,,cj_dinenage,https://en.wikipedia.org/wiki/Caroline_Dinenage
5234,26517,Laurence Turner,Laurence Turner,FALSE,TRUE,,Male,,,,Labour,,,,https://www.theyworkforyou.com/mp/26517/laurence_turner/birmingham_northfield,1988,Unknown,,larry-turner.bsky.social,,https://en.wikipedia.org/wiki/Laurence_Turner_(politician)
3914,24788,Shabana Mahmood,Shabana Mahmood,TRUE,TRUE,,Female,,10-May,FALSE,Labour,,,,https://www.theyworkforyou.com/mp/24788/shabana_mahmood/birmingham_ladywood,1980,Minority,British Pakistani,,ShabanaMahmood,https://en.wikipedia.org/wiki/Shabana_Mahmood
87,10217,Roger Gale,Roger Gale,FALSE,TRUE,,Male,,,,Conservative,north.thanet.roger.gale,,,https://www.theyworkforyou.com/mp/10217/roger_gale/herne_bay_and_sandwich,1943,Unknown,,,SirRogerGale,https://en.wikipedia.org/wiki/Roger_Gale
5285,26588,Katie Lam,Katie Lam,FALSE,TRUE,,Female,,24-Jul,FALSE,Conservative,,,,https://www.theyworkforyou.com/mp/26588/katie_lam/weald_of_kent,1991,Unknown,,,Katie_Lam_MP,https://en.wikipedia.org/wiki/Katie_Lam
5280,26534,Seamus Logan,Seamus Logan,FALSE,TRUE,,Male,,,,Scottish National Party,,,,https://www.theyworkforyou.com/mp/26534/seamus_logan/aberdeenshire_north_and_moray_east,1958,Unknown,,,SeamusLoganMP,https://en.wikipedia.org/wiki/Seamus_Logan
5043,26327,Lillian Jones,Lillian Jones,FALSE,TRUE,,Female,,24-Jul,FALSE,Labour,,,,https://www.theyworkforyou.com/mp/26327/lillian_jones/kilmarnock_and_loudoun,,Unknown,,,lillianjonesmp,https://en.wikipedia.org/wiki/Lillian_Jones
5231,26595,Adnan Hussain,Adnan Hussain,FALSE,TRUE,,Male,,,,Independent,,,,https://www.theyworkforyou.com/mp/26595/adnan_hussain/blackburn,1989,Minority,British Pakistani,,AdnanHussainMP,https://en.wikipedia.org/wiki/Adnan_Hussain
4267,25168,Sarah Champion,Sarah Champion,FALSE,TRUE,,Female,,12-Nov,TRUE,Labour,sarahforrotherham,,,https://www.theyworkforyou.com/mp/25168/sarah_champion/rotherham,1969,Unknown,,,SarahChampionMP,https://en.wikipedia.org/wiki/Sarah_Champion
4804,25920,Gagan Mohindra,Gagan Mohindra,TRUE,TRUE,,Male,,,,Conservative,,,,https://www.theyworkforyou.com/mp/25920/gagan_mohindra/south_west_hertfordshire,1978,Minority,British Indian<ref name=hindustantimes/>,,gaganmohindra,https://en.wikipedia.org/wiki/Gagan_Mohindra
4048,24809,Caroline Nokes,Caroline Nokes,TRUE,TRUE,,Female,,10-May,FALSE,Conservative,carolinenokes4RSN,,,https://www.theyworkforyou.com/mp/24809/caroline_nokes/romsey_and_southampton_north,1972,Unknown,,,carolinenokes,https://en.wikipedia.org/wiki/Caroline_Nokes
4811,25836,Navendu Mishra,Navendu Mishra,TRUE,TRUE,,Male,,,,Labour,,,,https://www.theyworkforyou.com/mp/25836/navendu_mishra/stockport,1989,Minority,British Indian,,NavPMishra,https://en.wikipedia.org/wiki/Navendu_Mishra
4457,25321,Marie Rimmer,Marie Rimmer,FALSE,TRUE,,Female,,15-May,FALSE,Labour,MarieRimmer,,,https://www.theyworkforyou.com/mp/25321/marie_rimmer/st_helens_south_and_whiston,1947,Unknown,,,MarieRimmer,https://en.wikipedia.org/wiki/Marie_Rimmer
4595,25601,Gareth Snell,Gareth Snell,FALSE,TRUE,,Male,,,,Labour (Co-op),garethforstoke,,,https://www.theyworkforyou.com/mp/25601/gareth_snell/stoke-on-trent_central,1986,Unknown,,,gareth_snell,https://en.wikipedia.org/wiki/Gareth_Snell
5311,26538,Harriet Cross,Harriet Cross,FALSE,TRUE,,Female,,24-Jul,FALSE,Conservative,,,,https://www.theyworkforyou.com/mp/26538/harriet_cross/gordon_and_buchan,1990,Unknown,,,HarrietCross_MP,https://en.wikipedia.org/wiki/Harriet_Cross
5255,26504,Joe Robertson,Joe Robertson,FALSE,TRUE,,Male,,,,Conservative,,,,https://www.theyworkforyou.com/mp/26504/joe_robertson/isle_of_wight_east,1984,Unknown,,,JoePJRobertson,https://en.wikipedia.org/wiki/Joe_Robertson_(politician)
5171,26436,Julia Buckley,Julia Buckley,FALSE,TRUE,,Female,,24-Jul,FALSE,Labour,,,,https://www.theyworkforyou.com/mp/26436/julia_buckley/shrewsbury,,Unknown,,juliabuckley.bsky.social,,https://en.wikipedia.org/wiki/Julia_Buckley
40,10312,Bernard Jenkin,Bernard Jenkin,TRUE,TRUE,,Male,,,,Conservative,bernardjenkin,,,https://www.theyworkforyou.com/mp/10312/bernard_jenkin/harwich_and_north_essex,1959,Unknown,,,bernardjenkin,https://en.wikipedia.org/wiki/Bernard_Jenkin
4697,25726,Órfhlaith Begley,Órfhlaith Begley,TRUE,TRUE,,Female,,18-May,TRUE,Sinn Féin,,,,https://www.theyworkforyou.com/mp/25726/orfhlaith_begley/west_tyrone,1991,Unknown,,,OrfhlaithBegley,https://en.wikipedia.org/wiki/%C3%93rfhlaith_Begley
3991,24827,Jesse Norman,Jesse Norman,FALSE,TRUE,,Male,,,,Conservative,jesse.norman.hereford,,,https://www.theyworkforyou.com/mp/24827/jesse_norman/hereford_and_south_herefordshire,1962,Unknown,,,Jesse_Norman,https://en.wikipedia.org/wiki/Jesse_Norman
4824,25803,Kim Johnson,Kim Johnson,FALSE,TRUE,,Female,,19-Dec,FALSE,Labour,,,,https://www.theyworkforyou.com/mp/25803/kim_johnson/liverpool_riverside,1966,Minority,Black British/White British (Mixed),,KimJohnsonMP,https://en.wikipedia.org/wiki/Kim_Johnson_(politician)
4051,24839,John Glen,John Glen,FALSE,TRUE,,Male,,,,Conservative,johnglenmp,,,https://www.theyworkforyou.com/mp/24839/john_glen/salisbury,1974,Unknown,,,JohnGlenUK,https://en.wikipedia.org/wiki/John_Glen_(politician)
4518,25344,Tulip Siddiq,Tulip Siddiq,TRUE,TRUE,,Female,,15-May,FALSE,Labour,tulipsiddiq,,,https://www.theyworkforyou.com/mp/25344/tulip_siddiq/hampstead_and_highgate,1982,Minority,British Bangladeshi,,tulipsiddiq,https://en.wikipedia.org/wiki/Tulip_Siddiq
5147,26411,Luke Myer,Luke Myer,FALSE,TRUE,,Male,,,,Labour,,,,https://www.theyworkforyou.com/mp/26411/luke_myer/middlesbrough_south_and_east_cleveland,1995,Unknown,,,,https://en.wikipedia.org/wiki/Luke_Myer
5286,26497,Anna Sabine,Anna Sabine,FALSE,TRUE,,Female,,24-Jul,FALSE,Liberal Democrat,,,,https://www.theyworkforyou.com/mp/26497/anna_sabine/frome_and_east_somerset,,Unknown,,,anna4fes,https://en.wikipedia.org/wiki/Anna_Sabine
4860,25883,Kieran Mullan,Kieran Mullan,TRUE,TRUE,,Male,,,,Conservative,,,,https://www.theyworkforyou.com/mp/25883/kieran_mullan/bexhill_and_battle,1984,Unknown,,,KieranMullanUK,https://en.wikipedia.org/wiki/Kieran_Mullan
5113,26393,Claire Hughes,Claire Hughes,FALSE,TRUE,,Female,,24-Jul,FALSE,Labour,,,,https://www.theyworkforyou.com/mp/26393/claire_hughes/bangor_aberconwy,,Unknown,,,clairehughesBA,https://en.wikipedia.org/wiki/Claire_Hughes
39,10632,John Whittingdale,John Whittingdale,TRUE,TRUE,,Male,,,,Conservative,johnwhittingdale4maldon,,,https://www.theyworkforyou.com/mp/10632/john_whittingdale/maldon,1959,Unknown,,,jwhittingdale,https://en.wikipedia.org/wiki/John_Whittingdale
4857,25562,Carla Lockhart,Carla Lockhart,FALSE,TRUE,,Female,,19-Dec,FALSE,Democratic Unionist Party,,,,https://www.theyworkforyou.com/mp/25562/carla_lockhart/upper_bann,1985,Unknown,,,carlalockhart,https://en.wikipedia.org/wiki/Carla_Lockhart
1560,11791,Jeremy Wright,Jeremy Wright,FALSE,TRUE,,Male,,,,Conservative,jeremywright2015,,,https://www.theyworkforyou.com/mp/11791/jeremy_wright/kenilworth_and_southam,1972,Unknown,,,,https://en.wikipedia.org/wiki/Jeremy_Wright
3948,24731,Rebecca Harris,Rebecca Harris,FALSE,TRUE,,Female,,10-May,FALSE,Conservative,rebeccaharris4castlepoint,,,https://www.theyworkforyou.com/mp/24731/rebecca_harris/castle_point,1967,Unknown,,,RebeccaHarrisMP,https://en.wikipedia.org/wiki/Rebecca_Harris
4056,24798,Nicholas Dakin,Nicholas Dakin,TRUE,TRUE,,Male,,,,Labour,Nic-Dakin-186874346397,,,https://www.theyworkforyou.com/mp/24798/nicholas_dakin/scunthorpe,1955,Unknown,,,NicDakin55,https://en.wikipedia.org/wiki/Nic_Dakin
483,10183,Maria Eagle,Maria Eagle,FALSE,TRUE,,Female,,May-97,FALSE,Labour,Maria-Eagle-103693786335432,,,https://www.theyworkforyou.com/mp/10183/maria_eagle/liverpool_garston,1961,Unknown,,,meaglemp,https://en.wikipedia.org/wiki/Maria_Eagle
4074,24824,Mark Garnier,Mark Garnier,FALSE,TRUE,,Male,,,,Conservative,markrtgarnier,,,https://www.theyworkforyou.com/mp/24824/mark_garnier/wyre_forest,1963,Unknown,,,Mark4WyreForest,https://en.wikipedia.org/wiki/Mark_Garnier
4107,24785,Harriett Baldwin,Harriett Baldwin,TRUE,TRUE,,Female,,10-May,FALSE,Conservative,harriettbaldwin,,,https://www.theyworkforyou.com/mp/24785/harriett_baldwin/west_worcestershire,1960,Unknown,,,hbaldwin,https://en.wikipedia.org/wiki/Harriett_Baldwin
4407,25381,Nigel Huddleston,Nigel Huddleston,TRUE,TRUE,,Male,,,,Conservative,NigelHuddlestonPPC,,,https://www.theyworkforyou.com/mp/25381/nigel_huddleston/droitwich_and_evesham,1970,Unknown,,,huddlestonnigel,https://en.wikipedia.org/wiki/Nigel_Huddleston
5001,26277,Sarah Edwards,Sarah Edwards,FALSE,TRUE,,Female,,23-Oct,TRUE,Labour,,,,https://www.theyworkforyou.com/mp/26277/sarah_edwards/tamworth,1988,Unknown,,sarahedwardsmp.bsky.social,,https://en.wikipedia.org/wiki/Sarah_Edwards_(British_politician)
4384,25362,Mike Wood,Mike Wood,FALSE,TRUE,,Male,,,,Conservative,mike4dudleysouth,,,https://www.theyworkforyou.com/mp/25362/mike_wood/kingswinford_and_south_staffordshire,1946,Unknown,,,mikejwood,https://en.wikipedia.org/wiki/Mike_Wood_(Labour_politician)
5104,26394,Gill German,Gill German,FALSE,TRUE,,Female,,24-Jul,FALSE,Labour,,,,https://www.theyworkforyou.com/mp/26394/gill_german/clwyd_north,,Unknown,,,,https://en.wikipedia.org/wiki/Gill_German
227,10222,Andrew George,Andrew George,FALSE,TRUE,,Male,,,,Liberal Democrat,Andrew.George.Cornwall,,,https://www.theyworkforyou.com/mp/10222/andrew_george/st_ives,1958,Unknown,,,AndrewGeorge_,https://en.wikipedia.org/wiki/Andrew_George_(politician)
4647,25652,Julia Lopez,Julia Lopez,FALSE,TRUE,,Female,,17-Jun,FALSE,Conservative,,,,https://www.theyworkforyou.com/mp/25652/julia_lopez/hornchurch_and_upminster,1984,Unknown,,,JuliaLopezMP,https://en.wikipedia.org/wiki/Julia_Lopez_(politician)
5300,26529,Kevin McKenna,Kevin McKenna,FALSE,TRUE,,Male,,,,Labour,,,,https://www.theyworkforyou.com/mp/26529/kevin_mckenna/sittingbourne_and_sheppey,1974,Unknown,,kevinmckenna.co.uk,,https://en.wikipedia.org/wiki/Kevin_McKenna_(politician)
5254,26523,Alison Hume,Alison Hume,FALSE,TRUE,,Female,,24-Jul,FALSE,Labour,,,,https://www.theyworkforyou.com/mp/26523/alison_hume/scarborough_and_whitby,,Unknown,,,MsAlisonHume,https://en.wikipedia.org/wiki/Alison_Hume
4439,25413,Alberto Costa,Alberto Costa,FALSE,TRUE,,Male,,,,Conservative,AlbertoCostaOfficial,,,https://www.theyworkforyou.com/mp/25413/alberto_costa/south_leicestershire,1971,Unknown,,,albertocostamp,https://en.wikipedia.org/wiki/Alberto_Costa_(British_politician)
4460,25354,Nusrat Ghani,Nusrat Ghani,TRUE,TRUE,,Female,,15-May,FALSE,Conservative,NusGhaniofficial,,,https://www.theyworkforyou.com/mp/25354/nusrat_ghani/sussex_weald,1972,Minority,British Pakistani,,nus_ghani,https://en.wikipedia.org/wiki/Nus_Ghani
5303,26579,Patrick Spencer,Patrick Spencer,FALSE,TRUE,,Male,,,,Independent,,,,https://www.theyworkforyou.com/mp/26579/patrick_spencer/central_suffolk_and_north_ipswich,1988,Unknown,,,pspencer_CSNI,https://en.wikipedia.org/wiki/Patrick_Spencer_(politician)
4864,25908,Olivia Blake,Olivia Blake,FALSE,TRUE,,Female,,19-Dec,FALSE,Labour,,,,https://www.theyworkforyou.com/mp/25908/olivia_blake/sheffield_hallam,1990,Unknown,,,_OliviaBlake,https://en.wikipedia.org/wiki/Olivia_Blake
4108,24729,Gavin Williamson,Gavin Williamson,FALSE,TRUE,,Male,,,,Conservative,gavinforsouthstaffs,,,https://www.theyworkforyou.com/mp/24729/gavin_williamson/stone%2C_great_wyrley_and_penkridge,1976,Unknown,,,GavinWilliamson,https://en.wikipedia.org/wiki/Gavin_Williamson
4018,24796,Helen Grant,Helen Grant,FALSE,TRUE,,Female,,10-May,FALSE,Conservative,,,,https://www.theyworkforyou.com/mp/24796/helen_grant/maidstone_and_malling,1961,Minority,Black British/White British (Mixed),,HelenGrantMP,https://en.wikipedia.org/wiki/Helen_Grant_(politician)
5091,26352,Nigel Farage,Nigel Farage,FALSE,TRUE,,Male,,,,Reform UK,,,,https://www.theyworkforyou.com/mp/26352/nigel_farage/clacton,1964,Unknown,,,Nigel_Farage,https://en.wikipedia.org/wiki/Nigel_Farage
1548,11732,Jessica Morden,Jessica Morden,TRUE,TRUE,,Female,,5-May,FALSE,Labour,JessicaMorden4NewportEast,,,https://www.theyworkforyou.com/mp/11732/jessica_morden/newport_east,1968,Unknown,,,jessicamordenmp,https://en.wikipedia.org/wiki/Jessica_Morden
5169,26461,Charlie Dewhirst,Charlie Dewhirst,TRUE,TRUE,,Male,,,,Conservative,,,,https://www.theyworkforyou.com/mp/26461/charlie_dewhirst/bridlington_and_the_wolds,1980,Unknown,,,charliedewhirst,https://en.wikipedia.org/wiki/Charlie_Dewhirst
4399,25424,Victoria Atkins,Victoria Atkins,FALSE,TRUE,,Female,,15-May,FALSE,Conservative,VoteVictoriaAtkins,,,https://www.theyworkforyou.com/mp/25424/victoria_atkins/louth_and_horncastle,1976,Unknown,,,vmatkins,https://en.wikipedia.org/wiki/Victoria_Atkins
3997,24893,Alec Shelbrooke,Alec Shelbrooke,TRUE,TRUE,,Male,,,,Conservative,alec.shelbrooke,,,https://www.theyworkforyou.com/mp/24893/alec_shelbrooke/wetherby_and_easingwold,1976,Unknown,,,AlecShelbrooke,https://en.wikipedia.org/wiki/Alec_Shelbrooke
5181,26568,Becky Gittins,Becky Gittins,TRUE,TRUE,,Female,,24-Jul,FALSE,Labour,,,,https://www.theyworkforyou.com/mp/26568/becky_gittins/clwyd_east,,Unknown,,,becky_gittins,https://en.wikipedia.org/wiki/Becky_Gittins
5144,26373,Richard Quigley,Richard Quigley,FALSE,TRUE,,Male,,,,Labour,,,,https://www.theyworkforyou.com/mp/26373/richard_quigley/isle_of_wight_west,1971,Unknown,,richardquigley.bsky.social,,https://en.wikipedia.org/wiki/Richard_Quigley
1524,11605,Meg Hillier,Meg Hillier,TRUE,TRUE,,Female,,5-May,FALSE,Labour (Co-op),Meg4Hackney,,,https://www.theyworkforyou.com/mp/11605/meg_hillier/hackney_south_and_shoreditch,1969,Unknown,,,Meg_HillierMP,https://en.wikipedia.org/wiki/Meg_Hillier
4362,25396,Edward Argar,Edward Argar,TRUE,TRUE,,Male,,,,Conservative,,,,https://www.theyworkforyou.com/mp/25396/edward_argar/melton_and_syston,1977,Unknown,,,,https://en.wikipedia.org/wiki/Edward_Argar
5206,26598,Elaine Stewart,Elaine Stewart,FALSE,TRUE,,Female,,24-Jul,FALSE,Labour,,,,https://www.theyworkforyou.com/mp/26598/elaine_stewart/ayr%2C_carrick_and_cumnock,,Unknown,,,ElaineStewartMP,https://en.wikipedia.org/wiki/Elaine_Stewart_(politician)
4474,25415,Kevin Hollinrake,Kevin Hollinrake,TRUE,TRUE,,Male,,,,Conservative,kevin.hollinrake,,,https://www.theyworkforyou.com/mp/25415/kevin_hollinrake/thirsk_and_malton,1963,Unknown,,,kevinhollinrake,https://en.wikipedia.org/wiki/Kevin_Hollinrake
4790,25914,Apsana Begum,Apsana Begum,TRUE,TRUE,,Female,,19-Dec,FALSE,Labour,,,,https://www.theyworkforyou.com/mp/25914/apsana_begum/poplar_and_limehouse,1990,Minority,British Bangladeshi,,ApsanaBegumMP,https://en.wikipedia.org/wiki/Apsana_Begum
4505,25418,Peter Kyle,Peter Kyle,FALSE,TRUE,,Male,,,,Labour,hoveandportslade,,,https://www.theyworkforyou.com/mp/25418/peter_kyle/hove_and_portslade,1970,Unknown,,,peterkyle,https://en.wikipedia.org/wiki/Peter_Kyle
5403,26683,Sarah Pochin,Sarah Pochin,TRUE,TRUE,,Female,,25-May,TRUE,Reform UK,,,,https://www.theyworkforyou.com/mp/26683/sarah_pochin/runcorn_and_helsby,1969,Unknown,,,SarahForRuncorn,https://en.wikipedia.org/wiki/Sarah_Pochin
4735,25867,Stephen Flynn,Stephen Flynn,FALSE,TRUE,,Male,,,,Scottish National Party,,,,https://www.theyworkforyou.com/mp/25867/stephen_flynn/aberdeen_south,1988,Unknown,,,StephenFlynnSNP,https://en.wikipedia.org/wiki/Stephen_Flynn
5261,26614,Pat Cullen,Pat Cullen,FALSE,TRUE,,Female,,24-Jul,FALSE,Sinn Féin,,,,https://www.theyworkforyou.com/mp/26614/pat_cullen/fermanagh_and_south_tyrone,1965,Unknown,,,patcullen9,https://en.wikipedia.org/wiki/Pat_Cullen
350,10265,John Hayes,John Hayes,FALSE,TRUE,,Male,,,,Conservative,,,,https://www.theyworkforyou.com/mp/10265/john_hayes/south_holland_and_the_deepings,1958,Unknown,,,,https://en.wikipedia.org/wiki/John_Hayes_(British_politician)
4126,24927,Mary Glindon,Mary Glindon,TRUE,TRUE,,Female,,10-May,FALSE,Labour,,,,https://www.theyworkforyou.com/mp/24927/mary_glindon/newcastle_upon_tyne_east_and_wallsend,1957,Unknown,,,GlindonMary,https://en.wikipedia.org/wiki/Mary_Glindon
4785,25889,Ben Spencer,Ben Spencer,FALSE,TRUE,,Male,,,,Conservative,,,,https://www.theyworkforyou.com/mp/25889/ben_spencer/runnymede_and_weybridge,1981,Unknown,,,DrBenSpencer,https://en.wikipedia.org/wiki/Ben_Spencer_(politician)
5088,26452,Sarah Coombes,Sarah Coombes,TRUE,TRUE,,Female,,24-Jul,FALSE,Labour,,,,https://www.theyworkforyou.com/mp/26452/sarah_coombes/west_bromwich,1991,Unknown,,,SarahCoombesWB,https://en.wikipedia.org/wiki/Sarah_Coombes
4519,25414,James Cartlidge,James Cartlidge,TRUE,TRUE,,Male,,,,Conservative,james4southsuffolk,,,https://www.theyworkforyou.com/mp/25414/james_cartlidge/south_suffolk,1974,Unknown,,,jcartlidgemp,https://en.wikipedia.org/wiki/James_Cartlidge
4082,24831,Lisa Nandy,Lisa Nandy,TRUE,TRUE,,Female,,10-May,FALSE,Labour,Lisa-Nandy-194243072092,,,https://www.theyworkforyou.com/mp/24831/lisa_nandy/wigan,1979,Minority,British Bengali/White British (Mixed),,lisanandy,https://en.wikipedia.org/wiki/Lisa_Nandy
5270,26431,Darren Paffey,Darren Paffey,TRUE,TRUE,,Male,,,,Labour,,,,https://www.theyworkforyou.com/mp/26431/darren_paffey/southampton_itchen,,Unknown,,,darrenpaffey,https://en.wikipedia.org/wiki/Darren_Paffey
5241,26553,Aphra Brandreth,Aphra Brandreth,TRUE,TRUE,,Female,,24-Jul,FALSE,Conservative,,,,https://www.theyworkforyou.com/mp/26553/aphra_brandreth/chester_south_and_eddisbury,1978,Unknown,,,AphraBrandreth,https://en.wikipedia.org/wiki/Aphra_Brandreth
4382,25386,Daniel Zeichner,Daniel Zeichner,TRUE,TRUE,,Male,,,,Labour,Daniel-Zeichner-MP-373041482865096,,,https://www.theyworkforyou.com/mp/25386/daniel_zeichner/cambridge,1956,Unknown,,,danielzeichner,https://en.wikipedia.org/wiki/Daniel_Zeichner
5274,26590,Sonia Kumar,Sonia Kumar,FALSE,TRUE,,Female,,24-Jul,FALSE,Labour,,,,https://www.theyworkforyou.com/mp/26590/sonia_kumar/dudley,,Minority,British Indian,,SoniaKumarMP,https://en.wikipedia.org/wiki/Sonia_Kumar
5284,26518,David Chadwick,David Chadwick,FALSE,TRUE,,Male,,,,Liberal Democrat,,,,https://www.theyworkforyou.com/mp/26518/david_chadwick/brecon%2C_radnor_and_cwm_tawe,1991,Unknown,,,LibDemDavid,https://en.wikipedia.org/wiki/David_Chadwick_(Liberal_Democrat_politician)
5141,26395,Alex Mayer,Alex Mayer,FALSE,TRUE,,Female,,24-Jul,FALSE,Labour,,,,https://www.theyworkforyou.com/mp/26395/alex_mayer/dunstable_and_leighton_buzzard,1981,Unknown,,,alexlmayer,https://en.wikipedia.org/wiki/Alex_Mayer
4005,24945,Bob Blackman,Bob Blackman,FALSE,TRUE,,Male,,,,Conservative,bobblackmanofficial,,,https://www.theyworkforyou.com/mp/24945/bob_blackman/harrow_east,1956,Unknown,,,BobBlackman,https://en.wikipedia.org/wiki/Bob_Blackman
4029,24774,Lilian Greenwood,Lilian Greenwood,FALSE,TRUE,,Female,,10-May,FALSE,Labour,liliangreenwood4labour,,,https://www.theyworkforyou.com/mp/24774/lilian_greenwood/nottingham_south,1966,Unknown,,,LilianGreenwood,https://en.wikipedia.org/wiki/Lilian_Greenwood
4813,25893,Richard Holden,Richard Holden,FALSE,TRUE,,Male,,,,Conservative,,,,https://www.theyworkforyou.com/mp/25893/richard_holden/basildon_and_billericay,1985,Unknown,,,RicHolden,https://en.wikipedia.org/wiki/Richard_Holden_(British_politician)
4777,25823,Sarah Owen,Sarah Owen,FALSE,TRUE,,Female,,19-Dec,FALSE,Labour,,,,https://www.theyworkforyou.com/mp/25823/sarah_owen/luton_north,1983,Minority,British Chinese/White British (Mixed),sarahowen.org.uk,,https://en.wikipedia.org/wiki/Sarah_Owen
4742,25818,Stuart Anderson,Stuart Anderson,FALSE,TRUE,,Male,,,,Conservative,,,,https://www.theyworkforyou.com/mp/25818/stuart_anderson/south_shropshire,1976,Unknown,,,_AndersonStuart,https://en.wikipedia.org/wiki/Stuart_Anderson_(politician)
4780,25851,Laura Trott,Laura Trott,FALSE,TRUE,,Female,,19-Dec,FALSE,Conservative,,,,https://www.theyworkforyou.com/mp/25851/laura_trott/sevenoaks,1984,Unknown,,,LauraTrottMP,https://en.wikipedia.org/wiki/Laura_Trott_(politician)
4608,14026,John Lamont,John Lamont,FALSE,TRUE,,Male,,,,Conservative,JohnLamontBorders,,,https://www.theyworkforyou.com/mp/14026/john_lamont/berwickshire%2C_roxburgh_and_selkirk,1976,Unknown,,,John2Win,https://en.wikipedia.org/wiki/John_Lamont
4527,25398,Helen Whately,Helen Whately,TRUE,TRUE,,Female,,15-May,FALSE,Conservative,hwhately,,,https://www.theyworkforyou.com/mp/25398/helen_whately/faversham_and_mid_kent,1976,Unknown,,,helen_whately,https://en.wikipedia.org/wiki/Helen_Whately
152,10180,Iain Duncan Smith,Iain Duncan Smith,FALSE,TRUE,,Male,,,,Conservative,iainduncansmithmp,,,https://www.theyworkforyou.com/mp/10180/iain_duncan_smith/chingford_and_woodford_green,1954,Unknown,,,MPIainDS,https://en.wikipedia.org/wiki/Iain_Duncan_Smith
4805,25906,Alicia Kearns,Alicia Kearns,FALSE,TRUE,,Female,,19-Dec,FALSE,Conservative,,,,https://www.theyworkforyou.com/mp/25906/alicia_kearns/rutland_and_stamford,1987,Unknown,,,,https://en.wikipedia.org/wiki/Alicia_Kearns
4787,25866,James Wild,James Wild,FALSE,TRUE,,Male,,,,Conservative,,,,https://www.theyworkforyou.com/mp/25866/james_wild/north_west_norfolk,1977,Unknown,,,jamesowild,https://en.wikipedia.org/wiki/James_Wild_(politician)
5203,26536,Alison Griffiths,Alison Griffiths,FALSE,TRUE,,Female,,24-Jul,FALSE,Conservative,,,,https://www.theyworkforyou.com/mp/26536/alison_griffiths/bognor_regis_and_littlehampton,1969,Unknown,,,alisgriffithsmp,https://en.wikipedia.org/wiki/Alison_Griffiths_(politician)
529,10086,Alan Campbell,Alan Campbell,FALSE,TRUE,,Male,,,,Labour,AlanCampbellMP,,,https://www.theyworkforyou.com/mp/10086/alan_campbell/tynemouth,1957,Unknown,,,alancampbellmp,https://en.wikipedia.org/wiki/Alan_Campbell_(politician)
5142,26413,Abtisam Mohamed,Abtisam Mohamed,TRUE,TRUE,,Female,,24-Jul,FALSE,Labour,,,,https://www.theyworkforyou.com/mp/26413/abtisam_mohamed/sheffield_central,1980,Minority,British Yemeni,,Abtisam_Mohamed,https://en.wikipedia.org/wiki/Abtisam_Mohamed
1512,11970,David Mundell,David Mundell,TRUE,TRUE,,Male,,,,Conservative,DavidMundellMP,,,https://www.theyworkforyou.com/mp/11970/david_mundell/dumfriesshire%2C_clydesdale_and_tweeddale,1962,Unknown,,,davidmundelldct,https://en.wikipedia.org/wiki/David_Mundell
5123,26360,Polly Billington,Polly Billington,TRUE,TRUE,,Female,,24-Jul,FALSE,Labour,,,,https://www.theyworkforyou.com/mp/26360/polly_billington/east_thanet,1967,Unknown,,pollybillington.bsky.social,,https://en.wikipedia.org/wiki/Polly_Billington
345,10352,Edward Leigh,Edward Leigh,FALSE,TRUE,,Male,,,,Conservative,,,,https://www.theyworkforyou.com/mp/10352/edward_leigh/gainsborough,1950,Unknown,,,EdwardLeighGB,https://en.wikipedia.org/wiki/Edward_Leigh
4806,25890,Claire Coutinho,Claire Coutinho,FALSE,TRUE,,Female,,19-Dec,FALSE,Conservative,,,,https://www.theyworkforyou.com/mp/25890/claire_coutinho/east_surrey,1985,Minority,British Indian,,ClaireCoutinho,https://en.wikipedia.org/wiki/Claire_Coutinho
5237,26350,Chris Vince,Christopher Vince,FALSE,TRUE,,Male,,,,Labour (Co-op),,,,https://www.theyworkforyou.com/mp/26350/christopher_vince/harlow,1983,Unknown,,,ChrisVinceMP,https://en.wikipedia.org/wiki/Chris_Vince
5094,26403,Julie Minns,Julie Minns,TRUE,TRUE,,Female,,24-Jul,FALSE,Labour,,,,https://www.theyworkforyou.com/mp/26403/julie_minns/carlisle,1968,Unknown,,,,https://en.wikipedia.org/wiki/Julie_Minns
5030,26313,Simon Opher,Simon Opher,TRUE,TRUE,,Male,,,,Labour,,,,https://www.theyworkforyou.com/mp/26313/simon_opher/stroud,,Unknown,,simonforstroud.bsky.social,,https://en.wikipedia.org/wiki/Simon_Opher
4799,25885,Charlotte Nichols,Charlotte Nichols,FALSE,TRUE,,Female,,19-Dec,FALSE,Labour,,,,https://www.theyworkforyou.com/mp/25885/charlotte_nichols/warrington_north,1991,Unknown,,charlotte2153.bsky.social,,https://en.wikipedia.org/wiki/Charlotte_Nichols
632,10661,Douglas Alexander,Douglas Alexander,FALSE,TRUE,,Male,,,,Labour (Co-op),,,,https://www.theyworkforyou.com/mp/10661/douglas_alexander/lothian_east,1967,Unknown,,,D_G_Alexander,https://en.wikipedia.org/wiki/Douglas_Alexander
4597,25693,Kemi Badenoch,Kemi Badenoch,TRUE,TRUE,,Female,,17-Jun,FALSE,Conservative,,,,https://www.theyworkforyou.com/mp/25693/kemi_badenoch/north_west_essex,1980,Minority,Black British,,KemiBadenoch,https://en.wikipedia.org/wiki/Kemi_Badenoch
5205,26530,Ben Goldsborough,Ben Goldsborough,TRUE,TRUE,,Male,,,,Labour,,,,https://www.theyworkforyou.com/mp/26530/ben_goldsborough/south_norfolk,1990,Unknown,,bengoldsborough.bsky.social,,https://en.wikipedia.org/wiki/Ben_Goldsborough
3909,24737,Pamela Nash,Pamela Nash,FALSE,TRUE,,Female,,10-May,FALSE,Labour,,,,https://www.theyworkforyou.com/mp/24737/pamela_nash/motherwell%2C_wishaw_and_carluke,1984,Unknown,,,pamela_nash,https://en.wikipedia.org/wiki/Pamela_Nash
5246,26500,Torcuil Crichton,Torcuil Crichton,TRUE,TRUE,,Male,,,,Labour,,,,https://www.theyworkforyou.com/mp/26500/torcuil_crichton/na_h-eileanan_an_iar,1964,Unknown,,,Torcuil,https://en.wikipedia.org/wiki/Torcuil_Crichton
4616,25656,Rosie Duffield,Rosie Duffield,TRUE,TRUE,,Female,,17-Jun,FALSE,Independent,,,,https://www.theyworkforyou.com/mp/25656/rosie_duffield/canterbury,1971,Unknown,,,RosieDuffield1,https://en.wikipedia.org/wiki/Rosie_Duffield
4637,25622,James Frith,James Frith,FALSE,TRUE,,Male,,,,Labour,JamesFrithBury,,,https://www.theyworkforyou.com/mp/25622/james_frith/bury_north,1977,Unknown,,,JamesFrith,https://en.wikipedia.org/wiki/James_Frith
5297,26466,Rebecca Paul,Rebecca Paul,FALSE,TRUE,,Female,,24-Jul,FALSE,Conservative,,,,https://www.theyworkforyou.com/mp/26466/rebecca_paul/reigate,1979,Unknown,,,Rebecca_Spaul,https://en.wikipedia.org/wiki/Rebecca_Paul_(British_politician)
4613,25659,Alex Burghart,Alex Burghart,TRUE,TRUE,,Male,,,,Conservative,,,,https://www.theyworkforyou.com/mp/25659/alex_burghart/brentwood_and_ongar,1977,Unknown,,,alexburghart,https://en.wikipedia.org/wiki/Alex_Burghart
5340,26622,Jack Rankin,Jack Rankin,FALSE,TRUE,,Male,,,,Conservative,,,,https://www.theyworkforyou.com/mp/26622/jack_rankin/windsor,1992,Unknown,,,jackmrankin,https://en.wikipedia.org/wiki/Jack_Rankin
4441,25323,Oliver Dowden,Oliver Dowden,TRUE,TRUE,,Male,,,,Conservative,oliverdowdenhertsmere,,,https://www.theyworkforyou.com/mp/25323/oliver_dowden/hertsmere,1978,Unknown,,,OliverDowden,https://en.wikipedia.org/wiki/Oliver_Dowden
3957,24814,Martin Vickers,Martin Vickers,FALSE,TRUE,,Male,,,,Conservative,MartinVickersMP,,,https://www.theyworkforyou.com/mp/24814/martin_vickers/brigg_and_immingham,1950,Unknown,,,martinvickers,https://en.wikipedia.org/wiki/Martin_Vickers
4858,25913,Danny Kruger,Danny Kruger,FALSE,TRUE,,Male,,,,Reform UK,,,,https://www.theyworkforyou.com/mp/25913/danny_kruger/east_wiltshire,1974,Unknown,,,danny__kruger,https://en.wikipedia.org/wiki/Danny_Kruger
5054,26340,Calvin Bailey,Calvin Bailey,FALSE,TRUE,,Male,,,,Labour,,,,https://www.theyworkforyou.com/mp/26340/calvin_bailey/leyton_and_wanstead,1977,Minority,Black British/White British (Mixed),,CalvinBailey,https://en.wikipedia.org/wiki/Calvin_Bailey
4040,24721,Chris Evans,Chris Evans,FALSE,TRUE,,Male,,,,Labour (Co-op),ChrisEvansforIslwyn,,,https://www.theyworkforyou.com/mp/24721/chris_evans/caerphilly,1977,Unknown,,,Chris_EvansMP,https://en.wikipedia.org/wiki/Chris_Evans_(British_politician)
3973,24715,Grahame Morris,Grahame Morris,FALSE,TRUE,,Male,,,,Labour,grahame.morris,,,https://www.theyworkforyou.com/mp/24715/grahame_morris/easington,1961,Unknown,,,grahamemorris,https://en.wikipedia.org/wiki/Grahame_Morris
3928,24728,Nick Smith,Nick Smith,FALSE,TRUE,,Male,,,,Labour,NickSmithforBlaenauGwent,,,https://www.theyworkforyou.com/mp/24728/nick_smith/blaenau_gwent_and_rhymney,1960,Unknown,,,BlaenauGwentMP,https://en.wikipedia.org/wiki/Nick_Smith_(British_politician)
4032,24864,Stuart Andrew,Stuart Andrew,FALSE,TRUE,,Male,,,,Conservative,StuartAndrewPudsey,,,https://www.theyworkforyou.com/mp/24864/stuart_andrew/daventry,1971,Unknown,,,StuartAndrew,https://en.wikipedia.org/wiki/Stuart_Andrew
5010,26287,Damien Egan,Damien Egan,FALSE,TRUE,,Male,,,,Labour,,,,https://www.theyworkforyou.com/mp/26287/damien_egan/bristol_north_east,1982,Unknown,,,damienegan,https://en.wikipedia.org/wiki/Damien_Egan
4932,26055,Louie French,Louie French,FALSE,TRUE,,Male,,,,Conservative,,,,https://www.theyworkforyou.com/mp/26055/louie_french/old_bexley_and_sidcup,1988,Unknown,,,louie_french,https://en.wikipedia.org/wiki/Louie_French
5332,26573,Lincoln Jopp,Lincoln Jopp,TRUE,TRUE,,Male,,,,Conservative,,,,https://www.theyworkforyou.com/mp/26573/lincoln_jopp/spelthorne,1968,Unknown,,,LincolnJopp,https://en.wikipedia.org/wiki/Lincoln_Jopp
5052,26463,Patrick Hurley,Patrick Hurley,FALSE,TRUE,,Male,,,,Labour,,,,https://www.theyworkforyou.com/mp/26463/patrick_hurley/southport,1976,Unknown,,patrickhurley.bsky.social,,https://en.wikipedia.org/wiki/Patrick_Hurley_(British_politician)
4483,25428,Rishi Sunak,Rishi Sunak,TRUE,TRUE,,Male,,,,Conservative,rishisunak,,,https://www.theyworkforyou.com/mp/25428/rishi_sunak/richmond_and_northallerton,1980,Minority,British Indian,,RishiSunak,https://en.wikipedia.org/wiki/Rishi_Sunak
5361,26636,James McMurdock,James McMurdock,TRUE,TRUE,,Male,,,,Independent,,,,https://www.theyworkforyou.com/mp/26636/james_mcmurdock/south_basildon_and_east_thurrock,1986,Unknown,,,JMcMurdockMP,https://en.wikipedia.org/wiki/James_McMurdock
5135,26381,Oliver Ryan,Oliver Ryan,FALSE,TRUE,,Male,,,,Labour (Co-op),,,,https://www.theyworkforyou.com/mp/26381/oliver_ryan/burnley,1995,Unknown,,,OliverRyanUK,https://en.wikipedia.org/wiki/Oliver_Ryan_(politician)
242,10103,Christopher Chope,Christopher Chope,TRUE,TRUE,,Male,,,,Conservative,,,,https://www.theyworkforyou.com/mp/10103/christopher_chope/christchurch,1947,Unknown,,,,https://en.wikipedia.org/wiki/Christopher_Chope
4861,25922,Robbie Moore,Robbie Moore,FALSE,TRUE,,Male,,,,Conservative,,,,https://www.theyworkforyou.com/mp/25922/robbie_moore/keighley_and_ilkley,1984,Unknown,,,_RobbieMoore,https://en.wikipedia.org/wiki/Robbie_Moore_(politician)
146,10220,Barry Gardiner,Barry Gardiner,FALSE,TRUE,,Male,,,,Labour,,,,https://www.theyworkforyou.com/mp/10220/barry_gardiner/brent_west,1957,Unknown,,,BarryGardiner,https://en.wikipedia.org/wiki/Barry_Gardiner
4119,24929,Jonathan Reynolds,Jonathan Reynolds,FALSE,TRUE,,Male,,,,Labour (Co-op),JonathanreynoldsMP,,,https://www.theyworkforyou.com/mp/24929/jonathan_reynolds/stalybridge_and_hyde,1980,Unknown,,,jreynoldsMP,https://en.wikipedia.org/wiki/Jonathan_Reynolds
5326,26604,Edward Morello,Edward Morello,FALSE,TRUE,,Male,,,,Liberal Democrat,,,,https://www.theyworkforyou.com/mp/26604/edward_morello/west_dorset,,Unknown,,,EdwardMorelloWD,https://en.wikipedia.org/wiki/Edward_Morello
249,10119,Geoffrey Clifton-Brown,Geoffrey Clifton-Brown,FALSE,TRUE,,Male,,,,Conservative,geoffreycliftonbrown,,,https://www.theyworkforyou.com/mp/10119/geoffrey_clifton-brown/north_cotswolds,1953,Unknown,,,Clifton_BrownG,https://en.wikipedia.org/wiki/Geoffrey_Clifton-Brown
4803,25808,Paul Holmes,Paul Holmes,FALSE,TRUE,,Male,,,,Conservative,,,,https://www.theyworkforyou.com/mp/25808/paul_holmes/hamble_valley,1988,Unknown,,,pauljholmes,https://en.wikipedia.org/wiki/Paul_Holmes_(Conservative_politician)
5126,26374,Dave Robertson,Dave Robertson,FALSE,TRUE,,Male,,,,Labour,,,,https://www.theyworkforyou.com/mp/26374/dave_robertson/lichfield,,Unknown,,,DaveR_Lichfield,https://en.wikipedia.org/wiki/Dave_Robertson_(British_politician)
5076,26490,Blair McDougall,Blair McDougall,FALSE,TRUE,,Male,,,,Labour,,,,https://www.theyworkforyou.com/mp/26490/blair_mcdougall/east_renfrewshire,1978,Unknown,,blairmcdougall.com,,https://en.wikipedia.org/wiki/Blair_McDougall
1576,11946,Mark Pritchard,Mark Pritchard,FALSE,TRUE,,Male,,,,Conservative,,,,https://www.theyworkforyou.com/mp/11946/mark_pritchard/the_wrekin,1966,Unknown,,,MPritchardUK,https://en.wikipedia.org/wiki/Mark_Pritchard_(politician)
4823,25821,John Finucane,John Finucane,TRUE,TRUE,,Male,,,,Sinn Féin,,,,https://www.theyworkforyou.com/mp/25821/john_finucane/belfast_north,1980,Unknown,,,johnfinucane,https://en.wikipedia.org/wiki/John_Finucane
1508,11541,Geoffrey Cox,Geoffrey Cox,FALSE,TRUE,,Male,,,,Conservative,,,,https://www.theyworkforyou.com/mp/11541/geoffrey_cox/torridge_and_tavistock,1960,Unknown,,,Geoffrey_Cox,https://en.wikipedia.org/wiki/Geoffrey_Cox_(British_politician)
1593,11374,Sammy Wilson,Sammy Wilson,FALSE,TRUE,,Male,,,,Democratic Unionist Party,SammyWilsonMP,,,https://www.theyworkforyou.com/mp/11374/sammy_wilson/east_antrim,1953,Unknown,,,eastantrimmp,https://en.wikipedia.org/wiki/Sammy_Wilson_(politician)
5357,26631,Ayoub Khan,Ayoub Khan,TRUE,TRUE,,Male,,,,Independent,,,,https://www.theyworkforyou.com/mp/26631/ayoub_khan/birmingham_perry_barr,1973,Minority,British Pakistani,,AyoubKhanMP,https://en.wikipedia.org/wiki/Ayoub_Khan
4850,25858,Gareth Davies,Gareth Davies,FALSE,TRUE,,Male,,,,Conservative,,,,https://www.theyworkforyou.com/mp/25858/gareth_davies/grantham_and_bourne,1984,Unknown,,,GarethDavies_MP,https://en.wikipedia.org/wiki/Gareth_Davies_(English_politician)
5153,26365,Cathal Mallaghan,Cathal Mallaghan,TRUE,TRUE,,Male,,,,Sinn Féin,,,,https://www.theyworkforyou.com/mp/26365/cathal_mallaghan/mid_ulster,1982,Unknown,,,CathalMall,https://en.wikipedia.org/wiki/Cathal_Mallaghan
4747,25888,Tahir Ali,Tahir Ali,FALSE,TRUE,,Male,,,,Labour,,,,https://www.theyworkforyou.com/mp/25888/tahir_ali/birmingham_hall_green_and_moseley,1971,Minority,British Pakistani,,TahirAliMP,https://en.wikipedia.org/wiki/Tahir_Ali
54,10358,Julian Lewis,Julian Lewis,FALSE,TRUE,,Male,,,,Conservative,,,,https://www.theyworkforyou.com/mp/10358/julian_lewis/new_forest_east,1951,Unknown,,,,https://en.wikipedia.org/wiki/Julian_Lewis
4853,25875,Neil Hudson,Neil Hudson,FALSE,TRUE,,Male,,,,Conservative,,,,https://www.theyworkforyou.com/mp/25875/neil_hudson/epping_forest,1969,Unknown,,,DrNeilHudson,https://en.wikipedia.org/wiki/Neil_Hudson_(politician)
4778,25925,Greg Smith,Greg Smith,FALSE,TRUE,,Male,,,,Conservative,,,,https://www.theyworkforyou.com/mp/25925/greg_smith/mid_buckinghamshire,1979,Unknown,,,gregsmith_uk,https://en.wikipedia.org/wiki/Greg_Smith_(British_politician)
1409,10780,Gregory Campbell,Gregory Campbell,FALSE,TRUE,,Male,,,,Democratic Unionist Party,gregory.campbell.549,,,https://www.theyworkforyou.com/mp/10780/gregory_campbell/east_londonderry,1953,Unknown,,,,https://en.wikipedia.org/wiki/Gregory_Campbell_(politician)
4118,24961,Julian Smith,Julian Smith,FALSE,TRUE,,Male,,,,Conservative,juliansmithofficial,,,https://www.theyworkforyou.com/mp/24961/julian_smith/skipton_and_ripon,1971,Unknown,,,JulianSmithuk,https://en.wikipedia.org/wiki/Julian_Smith_(politician)
5251,26575,Martin Rhodes,Martin Rhodes,FALSE,TRUE,,Male,,,,Labour,,,,https://www.theyworkforyou.com/mp/26575/martin_rhodes/glasgow_north,,Unknown,,,MartinRhodes21,https://en.wikipedia.org/wiki/Martin_Rhodes
5197,26437,Neil Shastri-Hurst,Neil Shastri-Hurst,TRUE,TRUE,,Male,,,,Conservative,,,,https://www.theyworkforyou.com/mp/26437/neil_shastri-hurst/solihull_west_and_shirley,1984,Minority,Anglo-Indian,,DrNShastriHurst,https://en.wikipedia.org/wiki/Neil_Shastri-Hurst
4872,25892,David Simmonds,David Simmonds,FALSE,TRUE,,Male,,,,Conservative,,,,https://www.theyworkforyou.com/mp/25892/david_simmonds/ruislip%2C_northwood_and_pinner,1976,Unknown,,,DSimmonds_RNP,https://en.wikipedia.org/wiki/David_Simmonds
4743,25894,Lee Anderson,Lee Anderson,FALSE,TRUE,,Male,,,,Reform UK,,,,https://www.theyworkforyou.com/mp/25894/lee_anderson/ashfield,1967,Unknown,,,LeeAndersonMP_,https://en.wikipedia.org/wiki/Lee_Anderson
5092,26565,David Baines,David Baines,FALSE,TRUE,,Male,,,,Labour,,,,https://www.theyworkforyou.com/mp/26565/david_baines/st_helens_north,1979,Unknown,,davidbainesmp.bsky.social,,https://en.wikipedia.org/wiki/David_Baines
206,10678,David Lammy,David Lammy,TRUE,TRUE,,Male,,,,Labour,DavidLammyTottenham,,,https://www.theyworkforyou.com/mp/10678/david_lammy/tottenham,1972,Minority,Black British,,DavidLammy,https://en.wikipedia.org/wiki/David_Lammy
5356,25122,Jim Allister,Jim Allister,TRUE,TRUE,,Male,,,,Traditional Unionist Voice,,,,https://www.theyworkforyou.com/mp/25122/jim_allister/north_antrim,1953,Unknown,,,JimAllister,https://en.wikipedia.org/wiki/Jim_Allister
5074,26487,Paul Foster,Paul Foster,FALSE,TRUE,,Male,,,,Labour,,,,https://www.theyworkforyou.com/mp/26487/paul_foster/south_ribble,1973,Unknown,,,PaulFosterMP,https://en.wikipedia.org/wiki/Paul_Foster_(bowls)
4371,25370,Brendan O'Hara,Brendan O'Hara,FALSE,TRUE,,Male,,,,Scottish National Party,BrendanOHaraSNP,,,https://www.theyworkforyou.com/mp/25370/brendan_o%27hara/argyll%2C_bute_and_south_lochaber,1963,Unknown,,,BrendanOHaraMP,https://en.wikipedia.org/wiki/Brendan_O%27Hara
5222,26467,Tom Rutland,Tom Rutland,FALSE,TRUE,,Male,,,,Labour,,,,https://www.theyworkforyou.com/mp/26467/tom_rutland/east_worthing_and_shoreham,1992,Unknown,,,Tom4EWAS,https://en.wikipedia.org/wiki/Tom_Rutland
5315,26554,Lee Barron,Lee Barron,FALSE,TRUE,,Male,,,,Labour,,,,https://www.theyworkforyou.com/mp/26554/lee_barron/corby_and_east_northamptonshire,1970,Unknown,,,LeeBarronMP,https://en.wikipedia.org/wiki/Lee_Barron_(politician)
449,10576,Graham Stringer,Graham Stringer,FALSE,TRUE,,Male,,,,Labour,,,,https://www.theyworkforyou.com/mp/10576/graham_stringer/blackley_and_middleton_south,1950,Unknown,,,,https://en.wikipedia.org/wiki/Graham_Stringer
5039,26333,Kanishka Narayan,Kanishka Narayan,TRUE,TRUE,,Male,,,,Labour,,,,https://www.theyworkforyou.com/mp/26333/kanishka_narayan/vale_of_glamorgan,,Minority,British Indian,,KanishkaNarayan,https://en.wikipedia.org/wiki/Kanishka_Narayan
5050,26316,Lewis Cocking,Lewis Cocking,FALSE,TRUE,,Male,,,,Conservative,,,,https://www.theyworkforyou.com/mp/26316/lewis_cocking/broxbourne,1992,Unknown,,,_lewiscocking,https://en.wikipedia.org/wiki/Lewis_Cocking
4403,25270,Chris Law,Chris Law,FALSE,TRUE,,Male,,,,Scottish National Party,ChrisLawSNP,,,https://www.theyworkforyou.com/mp/25270/chris_law/dundee_central,1969,Unknown,,,chrislawsnp,https://en.wikipedia.org/wiki/Chris_Law
1447,11199,Andrew Rosindell,Andrew Rosindell,TRUE,TRUE,,Male,,,,Reform UK,AndrewRosindellofficial,,,https://www.theyworkforyou.com/mp/11199/andrew_rosindell/romford,1966,Unknown,,,AndrewRosindell,https://en.wikipedia.org/wiki/Andrew_Rosindell
4831,25816,Ian Byrne,Ian Byrne,FALSE,TRUE,,Male,,,,Labour,,,,https://www.theyworkforyou.com/mp/25816/ian_byrne/liverpool_west_derby,1972,Unknown,,,IanByrneMP,https://en.wikipedia.org/wiki/Ian_Byrne
1510,11545,Ed Miliband,Ed Miliband,FALSE,TRUE,,Male,,,,Labour,edmiliband,,,https://www.theyworkforyou.com/mp/11545/ed_miliband/doncaster_north,1969,Unknown,,,Ed_Miliband,https://en.wikipedia.org/wiki/Ed_Miliband
221,10458,Dan Norris,Dan Norris,FALSE,TRUE,,Male,,,,Independent,,,,https://www.theyworkforyou.com/mp/10458/dan_norris/north_east_somerset_and_hanham,1960,Unknown,,,,https://en.wikipedia.org/wiki/Dan_Norris
5200,26535,Kenneth Stevenson,Kenneth Stevenson,FALSE,TRUE,,Male,,,,Labour,,,,https://www.theyworkforyou.com/mp/26535/kenneth_stevenson/airdrie_and_shotts,1963,Unknown,,kennethstevenson.bsky.social,,https://en.wikipedia.org/wiki/Kenneth_Stevenson_(politician)
3912,24787,Richard Fuller,Richard Fuller,FALSE,TRUE,,Male,,,,Conservative,,,,https://www.theyworkforyou.com/mp/24787/richard_fuller/north_bedfordshire,,Unknown,,,,https://en.wikipedia.org/wiki/Richard_Fuller
4797,25801,James Murray,James Murray,FALSE,TRUE,,Male,,,,Labour (Co-op),,,,https://www.theyworkforyou.com/mp/25801/james_murray/ealing_north,1983,Unknown,,,jamesmurray_ldn,https://en.wikipedia.org/wiki/James_Murray_(Ealing_North_MP)
163,10596,Stephen Timms,Stephen Timms,TRUE,TRUE,,Male,,,,Labour,stephenctimms,,,https://www.theyworkforyou.com/mp/10596/stephen_timms/east_ham,1955,Unknown,,,stephenctimms,https://en.wikipedia.org/wiki/Stephen_Timms
413,10669,Hilary Benn,Hilary Benn,FALSE,TRUE,,Male,,,,Labour,hilarybenn4leedscentral,,,https://www.theyworkforyou.com/mp/10669/hilary_benn/leeds_south,1953,Unknown,,,hilarybennmp,https://en.wikipedia.org/wiki/Hilary_Benn
4494,25427,Simon Hoare,Simon Hoare,FALSE,TRUE,,Male,,,,Conservative,simonhoarenorthdorset,,,https://www.theyworkforyou.com/mp/25427/simon_hoare/north_dorset,1969,Unknown,,,simon4ndorset,https://en.wikipedia.org/wiki/Simon_Hoare
5062,26335,Nick Timothy,Nick Timothy,FALSE,TRUE,,Male,,,,Conservative,,,,https://www.theyworkforyou.com/mp/26335/nick_timothy/west_suffolk,1980,Unknown,,,NJ_Timothy,https://en.wikipedia.org/wiki/Nick_Timothy
5097,26422,Bayo Alaba,Bayo Alaba,TRUE,TRUE,,Male,,,,Labour,,,,https://www.theyworkforyou.com/mp/26422/bayo_alaba/southend_east_and_rochford,,Minority,Black British,,BayoAlaba,https://en.wikipedia.org/wiki/Bayo_Alaba
5217,26471,Lloyd Hatton,Lloyd Hatton,FALSE,TRUE,,Male,,,,Labour,,,,https://www.theyworkforyou.com/mp/26471/lloyd_hatton/south_dorset,,Unknown,,,mrhattonMP,https://en.wikipedia.org/wiki/Lloyd_Hatton
4739,25904,Jerome Mayhew,Jerome Mayhew,FALSE,TRUE,,Male,,,,Conservative,,,,https://www.theyworkforyou.com/mp/25904/jerome_mayhew/broadland_and_fakenham,,Unknown,,,JeromeMayhew,https://en.wikipedia.org/wiki/Jerome_Mayhew
4360,25280,Gavin Robinson,Gavin Robinson,FALSE,TRUE,,Male,,,,Democratic Unionist Party,GRobinsonDUP,,,https://www.theyworkforyou.com/mp/25280/gavin_robinson/belfast_east,1984,Unknown,,,grobinsondup,https://en.wikipedia.org/wiki/Gavin_Robinson
4397,25309,Peter Dowd,Peter Dowd,FALSE,TRUE,,Male,,,,Labour,PeterDowdBootle,,,https://www.theyworkforyou.com/mp/25309/peter_dowd/bootle,1957,Unknown,,,peter_dowd,https://en.wikipedia.org/wiki/Peter_Dowd
5033,26321,Josh MacAlister,Josh MacAlister,TRUE,TRUE,,Male,,,,Labour,,,,https://www.theyworkforyou.com/mp/26321/josh_macalister/whitehaven_and_workington,1987,Unknown,,,JoshMacAlister,https://en.wikipedia.org/wiki/Josh_MacAlister
5219,26398,Mike Martin,Mike Martin,FALSE,TRUE,,Male,,,,Liberal Democrat,,,,https://www.theyworkforyou.com/mp/26398/mike_martin/tunbridge_wells,,Unknown,,,ThreshedThought,https://en.wikipedia.org/wiki/Mike_Martin_(British_politician)
1444,10901,Mark Francois,Mark Francois,FALSE,TRUE,,Male,,,,Conservative,,,,https://www.theyworkforyou.com/mp/10901/mark_francois/rayleigh_and_wickford,1965,Unknown,,,,https://en.wikipedia.org/wiki/Mark_Francois
4874,25927,Andrew Griffith,Andrew Griffith,FALSE,TRUE,,Male,,,,Conservative,,,,https://www.theyworkforyou.com/mp/25927/andrew_griffith/arundel_and_south_downs,1970,Unknown,,,griffitha,https://en.wikipedia.org/wiki/Andrew_Griffiths_(politician)
5354,26532,Cameron Thomas,Cameron Thomas,FALSE,TRUE,,Male,,,,Liberal Democrat,,,,https://www.theyworkforyou.com/mp/26532/cameron_thomas/tewkesbury,1982,Unknown,,libdemcam.bsky.social,,https://en.wikipedia.org/wiki/Cameron_Thomas_(politician)
4601,25703,Andrew Bowie,Andrew Bowie,FALSE,TRUE,,Male,,,,Conservative,,,,https://www.theyworkforyou.com/mp/25703/andrew_bowie/west_aberdeenshire_and_kincardine,1987,Unknown,,,AndrewBowie_MP,https://en.wikipedia.org/wiki/Andrew_Bowie
4131,13864,Jim Shannon,Jim Shannon,FALSE,TRUE,,Male,,,,Democratic Unionist Party,Jim-Shannon-MP-477928115581090,,,https://www.theyworkforyou.com/mp/13864/jim_shannon/strangford,1955,Unknown,,,JimShannonMP,https://en.wikipedia.org/wiki/Jim_Shannon
5302,26513,Noah Law,Noah Law,FALSE,TRUE,,Male,,,,Labour,,,,https://www.theyworkforyou.com/mp/26513/noah_law/st_austell_and_newquay,1994,Unknown,,noahlawmp.bsky.social,,https://en.wikipedia.org/wiki/Noah_Law
5158,26361,Rupert Lowe,Rupert Lowe,FALSE,TRUE,,Male,,,,Restore Britain,,,,https://www.theyworkforyou.com/mp/26361/rupert_lowe/great_yarmouth,1957,Unknown,,,RupertLowe10,https://en.wikipedia.org/wiki/Rupert_Lowe
4366,25376,James Cleverly,James Cleverly,FALSE,TRUE,,Male,,,,Conservative,james.cleverly,,,https://www.theyworkforyou.com/mp/25376/james_cleverly/braintree,1969,Minority,Black British/White British (Mixed),,jamescleverly,https://en.wikipedia.org/wiki/James_Cleverly
5230,26533,Warinder Juss,Warinder Juss,TRUE,TRUE,,Male,,,,Labour,,,,https://www.theyworkforyou.com/mp/26533/warinder_juss/wolverhampton_west,,Minority,British Indian,warinderjussmp.bsky.social,,https://en.wikipedia.org/wiki/Warinder_Juss
1383,11267,Mark Tami,Mark Tami,FALSE,TRUE,,Male,,,,Labour,alynanddeesidelabourparty,,,https://www.theyworkforyou.com/mp/11267/mark_tami/alyn_and_deeside,1962,Unknown,,,MarkTamiMP,https://en.wikipedia.org/wiki/Mark_Tami
5347,26628,David Reed,David Reed,FALSE,TRUE,,Male,,,,Conservative,,,,https://www.theyworkforyou.com/mp/26628/david_reed/exmouth_and_exeter_east,1989,Unknown,,,David__Reed,https://en.wikipedia.org/wiki/David_Reed_(Conservative_politician)
,26348,Gurinder Josan,Gurinder Josan,TRUE,TRUE,,Male,,,,Labour,,,,https://www.theyworkforyou.com/mp/26348/gurinder_josan/smethwick,1972,Minority,British Indian,,gsjosan,https://en.wikipedia.org/wiki/Gurinder_Josan
5060,26328,Josh Simons,Josh Simons,FALSE,TRUE,,Male,,,,Labour,,,,https://www.theyworkforyou.com/mp/26328/josh_simons/makerfield,1993,Unknown,,joshsimonsmp.bsky.social,,https://en.wikipedia.org/wiki/Josh_Simons
5348,26576,David Taylor,David Taylor,FALSE,TRUE,,Male,,,,Labour,,,,https://www.theyworkforyou.com/mp/26576/david_taylor/hemel_hempstead,,Unknown,,,DavidTaylor85,https://en.wikipedia.org/wiki/David_Taylor_(Hemel_Hempstead_MP)
429,10610,Derek Twigg,Derek Twigg,TRUE,TRUE,,Male,,,,Labour,DerekTwiggMP,,,https://www.theyworkforyou.com/mp/10610/derek_twigg/widnes_and_halewood,1959,Unknown,,,,https://en.wikipedia.org/wiki/Derek_Twigg
5170,26426,John Grady,John Grady,FALSE,TRUE,,Male,,,,Labour,,,,https://www.theyworkforyou.com/mp/26426/john_grady/glasgow_east,,Unknown,,,johnadgrady,https://en.wikipedia.org/wiki/John_Grady_(politician)
5264,26522,Jonathan Hinder,Jonathan Hinder,FALSE,TRUE,,Male,,,,Labour,,,,https://www.theyworkforyou.com/mp/26522/jonathan_hinder/pendle_and_clitheroe,1991,Unknown,,,Jonathan_Hinder,https://en.wikipedia.org/wiki/Jonathan_Hinder
1211,11115,Andrew Mitchell,Andrew Mitchell,FALSE,TRUE,,Male,,,,Conservative,,,,https://www.theyworkforyou.com/mp/11115/andrew_mitchell/sutton_coldfield,1956,Unknown,,,AndrewmitchMP,https://en.wikipedia.org/wiki/Andrew_Mitchell
4030,24767,Karl Turner,Karl Turner,FALSE,TRUE,,Male,,,,Independent,karlturner4easthull,,,https://www.theyworkforyou.com/mp/24767/karl_turner/kingston_upon_hull_east,1971,Unknown,,,KarlTurnerMP,https://en.wikipedia.org/wiki/Karl_Turner_(British_politician)
3969,24782,Damian Hinds,Damian Hinds,FALSE,TRUE,,Male,,,,Conservative,damian.hinds,,,https://www.theyworkforyou.com/mp/24782/damian_hinds/east_hampshire,1969,Unknown,,,DamianHinds,https://en.wikipedia.org/wiki/Damian_Hinds
4514,25353,Keir Starmer,Keir Starmer,TRUE,TRUE,,Male,,,,Labour,KeirStarmerLabour,,,https://www.theyworkforyou.com/mp/25353/keir_starmer/holborn_and_st_pancras,1962,Unknown,,,keir_starmer,https://en.wikipedia.org/wiki/Keir_Starmer
5330,26625,Peter Bedford,Peter Bedford,FALSE,TRUE,,Male,,,,Conservative,,,,https://www.theyworkforyou.com/mp/26625/peter_bedford/mid_leicestershire,1986,Minority,Anglo-Indian,,PeterABedford,https://en.wikipedia.org/wiki/Peter_Bedford_(politician)
373,10162,David Davis,David Davis,FALSE,TRUE,,Male,,,,Conservative,,,,https://www.theyworkforyou.com/mp/10162/david_davis/goole_and_pocklington,1948,Unknown,,,DavidDavisMP,https://en.wikipedia.org/wiki/David_Davis_(British_politician)
4268,25170,Steve Reed,Steve Reed,FALSE,TRUE,,Male,,,,Labour (Co-op),stevereedmp,,,https://www.theyworkforyou.com/mp/25170/steve_reed/streatham_and_croydon_north,1963,Unknown,,,SteveReedMP,https://en.wikipedia.org/wiki/Steve_Reed_(politician)
4245,13904,Paul Maskey,Paul Maskey,TRUE,TRUE,,Male,,,,Sinn Féin,sfpaulmaskeymp,,,https://www.theyworkforyou.com/mp/13904/paul_maskey/belfast_west,1967,Unknown,,,PaulMaskeyMP,https://en.wikipedia.org/wiki/Paul_Maskey
3935,24914,Mel Stride,Mel Stride,FALSE,TRUE,,Male,,,,Conservative,,,,https://www.theyworkforyou.com/mp/24914/mel_stride/central_devon,1961,Unknown,,,meljstride,https://en.wikipedia.org/wiki/Mel_Stride
5100,26355,Blake Stephenson,Blake Stephenson,FALSE,TRUE,,Male,,,,Conservative,,,,https://www.theyworkforyou.com/mp/26355/blake_stephenson/mid_bedfordshire,,Unknown,,,Blake_MidBeds,https://en.wikipedia.org/wiki/Blake_Stephenson
