parliament_id,theyworkforyou_id,parliament_name,theyworkforyou_name,is_rare_name,is_current_mp,date_of_birth,gender,religion,first_elected,is_by_election,party,facebook_handle,instagram_handle,youtube_handle,theyworkforyou_url,wiki_birth_year,minority_status,ethnicity,bluesky_handle,twitter_handle
172,10001,Diane Abbott,Diane Abbott,False,True,,Female,,Jun-87,False,Independent,Dianeabbott,,,https://www.theyworkforyou.com/mp/10001/diane_abbott/hackney_north_and_stoke_newington,1953,Minority,Black British,hackneyabbott.bsky.social,HackneyAbbott
491,10182,Angela Eagle,Angela Eagle,False,True,,Female,,Apr-92,False,Labour,angela4labour,,,https://www.theyworkforyou.com/mp/10182/angela_eagle/wallasey,1961,Unknown,,angelaeagle1.bsky.social,angelaeagle
193,10381,Siobhain McDonagh,Siobhain McDonagh,True,True,,Female,,May-97,False,Labour,Siobhain-McDonagh-MP-1485922148331912,,,https://www.theyworkforyou.com/mp/10381/siobhain_mcdonagh/mitcham_and_morden,1960,Unknown,,,Siobhain_Mc
483,10183,Maria Eagle,Maria Eagle,False,True,,Female,,May-97,False,Labour,Maria-Eagle-103693786335432,,,https://www.theyworkforyou.com/mp/10183/maria_eagle/liverpool_garston,1961,Unknown,,,meaglemp
420,10131,Yvette Cooper,Yvette Cooper,False,True,,Female,,May-97,False,Labour,YvetteCooperMP,,,https://www.theyworkforyou.com/mp/10131/yvette_cooper/pontefract%2C_castleford_and_knottingley,1969,Unknown,,yvettecooper-mp.bsky.social,YvetteCooperMP
1579,11898,Mary Creagh,Mary Creagh,True,True,,Female,,May-05,False,Labour,marycreaghwakefield,,,https://www.theyworkforyou.com/mp/11898/mary_creagh/coventry_east,1967,Unknown,,marycreagh.bsky.social,MaryCreagh_
1524,11605,Meg Hillier,Meg Hillier,True,True,,Female,,May-05,False,Labour (Co-op),Meg4Hackney,,,https://www.theyworkforyou.com/mp/11605/meg_hillier/hackney_south_and_shoreditch,1969,Unknown,,,Meg_HillierMP
,11455,Kerry Mccarthy,Kerry McCarthy,False,True,,Female,,May-05,False,Labour,kerry4mp,,,https://www.theyworkforyou.com/mp/11455/kerry_mccarthy/bristol_east,1965,Unknown,,kerrymp.bsky.social,KerryMP
1548,11732,Jessica Morden,Jessica Morden,True,True,,Female,,May-05,False,Labour,JessicaMorden4NewportEast,,,https://www.theyworkforyou.com/mp/11732/jessica_morden/newport_east,1968,Unknown,,,jessicamordenmp
1533,11647,Diana Johnson,Diana R. Johnson,False,True,,Female,,May-05,False,Labour,DianaJohnsonHullNorth,,,https://www.theyworkforyou.com/mp/11647/diana_r._johnson/kingston_upon_hull_north_and_cottingham,1966,Unknown,,damedianajohnson.bsky.social,DianaJohnsonMP
1489,11447,Dawn Butler,Dawn Butler,False,True,,Female,,May-05,False,Labour,DawnButlerBrent,,,https://www.theyworkforyou.com/mp/11447/dawn_butler/brent_east,1969,Minority,Black British,dawnbutlerbrent.bsky.social,dawnbutlerbrent
1536,11656,Emily Thornberry,Emily Thornberry,True,True,,Female,,May-05,False,Labour,Emily-Thornberry-142202379163151,,,https://www.theyworkforyou.com/mp/11656/emily_thornberry/islington_south_and_finsbury,1960,Unknown,,emilythornberry.bsky.social,EmilyThornberry
1521,11592,Sharon Hodgson,Sharon Hodgson,False,True,,Female,,May-05,False,Labour,Sharon.Hodgson.MP,,,https://www.theyworkforyou.com/mp/11592/sharon_hodgson/washington_and_gateshead_south,1966,Unknown,,sharonhodgsonmp.bsky.social,SharonHodgsonMP
1541,11692,Nia Griffith,Nia Griffith,False,True,,Female,,May-05,False,Labour,Nia-Griffith-MP-154165864657660,,,https://www.theyworkforyou.com/mp/11692/nia_griffith/llanelli,1956,Unknown,,niagriffith.bsky.social,NiaGriffithMP
4076,24852,Valerie Vaz,Valerie Vaz,False,True,,Female,,May-10,False,Labour,ValerieVazMP,,,https://www.theyworkforyou.com/mp/24852/valerie_vaz/walsall_and_bloxwich,1954,Minority,British Indian,valerievazmp.bsky.social,Valerie_VazMP
,24818,Catherine Mckinnell,Catherine McKinnell,True,True,,Female,,May-10,False,Labour,CatMcKinnell,,,https://www.theyworkforyou.com/mp/24818/catherine_mckinnell/newcastle_upon_tyne_north,1976,Unknown,,cmckinnellmp.bsky.social,CMcKinnellMP
4066,24778,Priti Patel,Priti Patel,True,True,,Female,,May-10,False,Conservative,,,,https://www.theyworkforyou.com/mp/24778/priti_patel/witham,1972,Minority,British Indian,,pritipatel
,24882,Esther Mcvey,Esther McVey,True,True,,Female,,May-10,False,Conservative,,,,https://www.theyworkforyou.com/mp/24882/esther_mcvey/tatton,1967,Unknown,,,EstherMcVey1
4126,24927,Mary Glindon,Mary Glindon,True,True,,Female,,May-10,False,Labour,,,,https://www.theyworkforyou.com/mp/24927/mary_glindon/newcastle_upon_tyne_east_and_wallsend,1957,Unknown,,,GlindonMary
4048,24809,Caroline Nokes,Caroline Nokes,True,True,,Female,,May-10,False,Conservative,carolinenokes4RSN,,,https://www.theyworkforyou.com/mp/24809/caroline_nokes/romsey_and_southampton_north,1972,Unknown,,,carolinenokes
4008,24873,Caroline Dinenage,Caroline Dinenage,True,True,,Female,,May-10,False,Conservative,Caroline4Gosport,,,https://www.theyworkforyou.com/mp/24873/caroline_dinenage/gosport,1971,Unknown,,,cj_dinenage
3924,24775,Yasmin Qureshi,Yasmin Qureshi,True,True,,Female,,May-10,False,Labour,yasminqureshiuk,,,https://www.theyworkforyou.com/mp/24775/yasmin_qureshi/bolton_south_and_walkden,1963,Minority,British Pakistani,yasminqureshimp.bsky.social,YasminQureshiMP
4031,24851,Rachel Reeves,Rachel Reeves,False,True,,Female,,May-10,False,Labour,rachelreeves10,,,https://www.theyworkforyou.com/mp/24851/rachel_reeves/leeds_west_and_pudsey,1979,Unknown,,,RachelReevesMP
4029,24774,Lilian Greenwood,Lilian Greenwood,False,True,,Female,,May-10,False,Labour,liliangreenwood4labour,,,https://www.theyworkforyou.com/mp/24774/lilian_greenwood/nottingham_south,1966,Unknown,,,LilianGreenwood
4046,24709,Bridget Phillipson,Bridget Phillipson,True,True,,Female,,May-10,False,Labour,bridgetphillipson,,,https://www.theyworkforyou.com/mp/24709/bridget_phillipson/houghton_and_sunderland_south,1983,Unknown,,bphillipsonmp.bsky.social,bphillipsonMP
4124,24807,Chi Onwurah,Chi Onwurah,True,True,,Female,,May-10,False,Labour,,,,https://www.theyworkforyou.com/mp/24807/chi_onwurah/newcastle_upon_tyne_central_and_west,1965,Minority,Black British/White British (Mixed),chionwurah.bsky.social,ChiOnwurah
4038,24953,Heidi Alexander,Heidi Alexander,False,True,,Female,,May-10,False,Labour,Heidi-Alexander-MP-460236504027731,,,https://www.theyworkforyou.com/mp/24953/heidi_alexander/swindon_south,1975,Unknown,,heidialexander.bsky.social,Heidi_Labour
4026,24816,Liz Kendall,Liz Kendall,False,True,,Female,,May-10,False,Labour,2.38615E+11,,,https://www.theyworkforyou.com/mp/24816/liz_kendall/leicester_west,1971,Unknown,,lizforleicester.bsky.social,leicesterliz
4018,24796,Helen Grant,Helen Grant,False,True,,Female,,May-10,False,Conservative,,,,https://www.theyworkforyou.com/mp/24796/helen_grant/maidstone_and_malling,1961,Minority,Black British/White British (Mixed),,HelenGrantMP
4107,24785,Harriett Baldwin,Harriett Baldwin,True,True,,Female,,May-10,False,Conservative,harriettbaldwin,,,https://www.theyworkforyou.com/mp/24785/harriett_baldwin/west_worcestershire,1960,Unknown,,,hbaldwin
4082,24831,Lisa Nandy,Lisa Nandy,True,True,,Female,,May-10,False,Labour,Lisa-Nandy-194243072092,,,https://www.theyworkforyou.com/mp/24831/lisa_nandy/wigan,1979,Minority,British Bengali/White British (Mixed),,lisanandy
3948,24731,Rebecca Harris,Rebecca Harris,False,True,,Female,,May-10,False,Conservative,rebeccaharris4castlepoint,,,https://www.theyworkforyou.com/mp/24731/rebecca_harris/castle_point,1967,Unknown,,,RebeccaHarrisMP
3909,24737,Pamela Nash,Pamela Nash,False,True,,Female,,May-10,False,Labour,,,,https://www.theyworkforyou.com/mp/24737/pamela_nash/motherwell%2C_wishaw_and_carluke,1984,Unknown,,,pamela_nash
4138,24958,Rushanara Ali,Rushanara Ali,True,True,,Female,,May-10,False,Labour,Rushanara-Ali-37684209618,,,https://www.theyworkforyou.com/mp/24958/rushanara_ali/bethnal_green_and_stepney,1975,Minority,British Bangladeshi,rushanaraalibgs.bsky.social,rushanaraali
3914,24788,Shabana Mahmood,Shabana Mahmood,True,True,,Female,,May-10,False,Labour,,,,https://www.theyworkforyou.com/mp/24788/shabana_mahmood/birmingham_ladywood,1980,Minority,British Pakistani,,ShabanaMahmood
4077,24868,Emma Reynolds,Emma Reynolds,False,True,,Female,,May-10,False,Labour,EmmaReynoldsMP,,,https://www.theyworkforyou.com/mp/24868/emma_reynolds/wycombe,1977,Unknown,,,EmmaforWycombe
4089,24942,Tessa Munt,Tessa Munt,True,True,,Female,,May-10,False,Liberal Democrat,,,,https://www.theyworkforyou.com/mp/24942/tessa_munt/wells_and_mendip_hills,1959,Unknown,,tessamunt.bsky.social,tessamunt
4110,24725,Karen Bradley,Karen Bradley,False,True,,Female,,May-10,False,Conservative,votekarenbradley,,,https://www.theyworkforyou.com/mp/24725/karen_bradley/staffordshire_moorlands,1970,Unknown,,,
4088,24949,Stella Creasy,Stella Creasy,True,True,,Female,,May-10,False,Labour (Co-op),stellacreasy,,,https://www.theyworkforyou.com/mp/24949/stella_creasy/walthamstow,1977,Unknown,,stellacreasy.bsky.social,stellacreasy
,24897,Alison Mcgovern,Alison McGovern,False,True,,Female,,May-10,False,Labour,alisonmcgovernforwirralsouth,,,https://www.theyworkforyou.com/mp/24897/alison_mcgovern/birkenhead,1980,Unknown,,allymcgovern.bsky.social,Alison_McGovern
4212,25034,Debbie Abrahams,Debbie Abrahams,False,True,,Female,,Jan-11,True,Labour,,,,https://www.theyworkforyou.com/mp/25034/debbie_abrahams/oldham_east_and_saddleworth,1960,Unknown,,debbieabrahamsmp.bsky.social,Debbie_abrahams
4253,25150,Seema Malhotra,Seema Malhotra,True,True,,Female,,Dec-11,True,Labour (Co-op),SeemaMalhotraMP,,,https://www.theyworkforyou.com/mp/25150/seema_malhotra/feltham_and_heston,1972,Minority,British Indian,seemamalhotra-mp.bsky.social,SeemaMalhotra1
4263,25165,Lucy Powell,Lucy Powell,False,True,,Female,,Nov-12,True,Labour (Co-op),lucy4mcr,,,https://www.theyworkforyou.com/mp/25165/lucy_powell/manchester_central,1974,Unknown,,lucympowell.bsky.social,LucyMPowell
4267,25168,Sarah Champion,Sarah Champion,False,True,,Female,,Nov-12,True,Labour,sarahforrotherham,,,https://www.theyworkforyou.com/mp/25168/sarah_champion/rotherham,1969,Unknown,,,SarahChampionMP
4277,25181,Emma Lewell,Emma Lewell,True,True,,Female,,May-13,True,Labour,emma.lewellbuckmp,,,https://www.theyworkforyou.com/mp/25181/emma_lewell/south_shields,1978,Unknown,,emmalewellmp.bsky.social,EmmaLewell
4391,25393,Judith Cummins,Judith Cummins,False,True,,Female,,May-15,False,Labour,JudithCumminsMP,,,https://www.theyworkforyou.com/mp/25393/judith_cummins/bradford_south,1967,Unknown,,judithcummins.bsky.social,judithcummins
,25302,Liz Saville-Roberts,Liz Saville-Roberts,False,True,,Female,,May-15,False,Plaid Cymru,LizSavilleRoberts,,,https://www.theyworkforyou.com/mp/25302/liz_saville-roberts/dwyfor_meirionnydd,1964,Unknown,,lsrplaid.bsky.social,lsrplaid
4460,25354,Nusrat Ghani,Nusrat Ghani,True,True,,Female,,May-15,False,Conservative,NusGhaniofficial,,,https://www.theyworkforyou.com/mp/25354/nusrat_ghani/sussex_weald,1972,Minority,British Pakistani,,nus_ghani
4513,25330,Mims Davies,Mims Davies,True,True,,Female,,May-15,False,Conservative,Mims4Eastleigh,,,https://www.theyworkforyou.com/mp/25330/mims_davies/east_grinstead_and_uckfield,1975,Unknown,,,mimsdavies
4356,25429,Angela Rayner,Angela Rayner,False,True,,Female,,May-15,False,Labour,Angela-Rayner,,,https://www.theyworkforyou.com/mp/25429/angela_rayner/ashton-under-lyne,1980,Unknown,,,angelarayner
4511,25284,Rupa Huq,Rupa Huq,True,True,,Female,,May-15,False,Labour,rupa4labour,,,https://www.theyworkforyou.com/mp/25284/rupa_huq/ealing_central_and_acton,1972,Minority,British Bangladeshi,rupahuq.bsky.social,rupahuq
4475,25272,Suella Braverman,Suella Braverman,True,True,,Female,,May-15,False,Reform UK,SuellaBravermanOfficial,,,https://www.theyworkforyou.com/mp/25272/suella_braverman/fareham_and_waterlooville,1980,Minority,British Indian,,suellabraverman
4464,25317,Melanie Onn,Melanie Onn,False,True,,Female,,May-15,False,Labour,Melanie4Grimsby,,,https://www.theyworkforyou.com/mp/25317/melanie_onn/great_grimsby_and_cleethorpes,1979,Unknown,,melanieonnmp.bsky.social,melanie_onn
4523,25328,Catherine West,Catherine West,False,True,,Female,,May-15,False,Labour,Catherine-West-for-Hornsey-Wood-Green-522395934483552,,,https://www.theyworkforyou.com/mp/25328/catherine_west/hornsey_and_friern_barnet,1966,Unknown,,catherinewestmp.bsky.social,catherinewest1
4515,25365,Kate Osamor,Kate Osamor,True,True,,Female,,May-15,False,Labour (Co-op),KateOsamor,,,https://www.theyworkforyou.com/mp/25365/kate_osamor/edmonton_and_winchmore_hill,1968,Minority,Black British,kateosamormp.bsky.social,kateosamor
,25385,Naseem Shah,Naseem Shah,True,True,,Female,,May-15,False,Labour,NazShahMP,,,https://www.theyworkforyou.com/mp/25385/naseem_shah/bradford_west,1973,Minority,British Pakistani,nazshahbfd.bsky.social,nazshahbfd
4510,25310,Helen Hayes,Helen Hayes,False,True,,Female,,May-15,False,Labour,,,,https://www.theyworkforyou.com/mp/25310/helen_hayes/dulwich_and_west_norwood,1974,Unknown,,helenhayes.bsky.social,helenhayes_
4491,25380,Vicky Foxcroft,Vicky Foxcroft,True,True,,Female,,May-15,False,Labour,VickyFoxcroftLabour,,,https://www.theyworkforyou.com/mp/25380/vicky_foxcroft/lewisham_north,1977,Unknown,,vickyfoxcroftmp.bsky.social,vickyfoxcroft
4457,25321,Marie Rimmer,Marie Rimmer,False,True,,Female,,May-15,False,Labour,MarieRimmer,,,https://www.theyworkforyou.com/mp/25321/marie_rimmer/st_helens_south_and_whiston,1947,Unknown,,,MarieRimmer
4357,25314,Kirsty Blackman,Kirsty Blackman,False,True,,Female,,May-15,False,Scottish National Party,aberdeennorth,,,https://www.theyworkforyou.com/mp/25314/kirsty_blackman/aberdeen_north,1986,Unknown,,kirstysnp.bsky.social,KirstySNP
4370,25364,Jess Phillips,Jess Phillips,False,True,,Female,,May-15,False,Labour,jessphillipsyardley,,,https://www.theyworkforyou.com/mp/25364/jess_phillips/birmingham_yardley,1981,Unknown,,jessphillipsmp.bsky.social,jessphillips
4436,25432,Cat Smith,Cat Smith,False,True,,Female,,May-15,False,Labour,catsmithmp,,,https://www.theyworkforyou.com/mp/25432/cat_smith/lancaster_and_wyre,1985,Unknown,,catsmithmp.bsky.social,CatSmithMP
4396,25368,Rebecca Long Bailey,Rebecca Long-Bailey,False,True,,Female,,May-15,False,Labour,Rebecca4salford,,,https://www.theyworkforyou.com/mp/25368/rebecca_long-bailey/salford,1979,Unknown,,rebeccalongbailey.com,rlong_bailey
4471,25433,Rachael Maskell,Rachael Maskell,True,True,,Female,,May-15,False,Labour (Co-op),rachaelmaskell4york,,,https://www.theyworkforyou.com/mp/25433/rachael_maskell/york_central,1972,Unknown,,rachaelmaskell.bsky.social,rachaelmaskell
4473,25357,Louise Haigh,Louise Haigh,True,True,,Female,,May-15,False,Labour,Haigh4Heeley,,,https://www.theyworkforyou.com/mp/25357/louise_haigh/sheffield_heeley,,Unknown,,louisehaighmp.bsky.social,
4425,25304,Jo Stevens,Jo Stevens,False,True,,Female,,May-15,False,Labour,JoStevensLabour,,,https://www.theyworkforyou.com/mp/25304/jo_stevens/cardiff_east,1966,Unknown,,jostevenslabour.bsky.social,jostevenslabour
4399,25424,Victoria Atkins,Victoria Atkins,False,True,,Female,,May-15,False,Conservative,VoteVictoriaAtkins,,,https://www.theyworkforyou.com/mp/25424/victoria_atkins/louth_and_horncastle,1976,Unknown,,,vmatkins
4444,25390,Karin Smyth,Karin Smyth,False,True,,Female,,May-15,False,Labour,KarinSmythMP,,,https://www.theyworkforyou.com/mp/25390/karin_smyth/bristol_south,1964,Unknown,,karinsmythmp.bsky.social,karinsmyth
4358,25342,Wendy Morton,Wendy Morton,False,True,,Female,,May-15,False,Conservative,morton.wendy,,,https://www.theyworkforyou.com/mp/25342/wendy_morton/aldridge-brownhills,1967,Unknown,,wendymorton.bsky.social,morton_wendy
4527,25398,Helen Whately,Helen Whately,True,True,,Female,,May-15,False,Conservative,hwhately,,,https://www.theyworkforyou.com/mp/25398/helen_whately/faversham_and_mid_kent,1976,Unknown,,,helen_whately
4518,25344,Tulip Siddiq,Tulip Siddiq,True,True,,Female,,May-15,False,Labour,tulipsiddiq,,,https://www.theyworkforyou.com/mp/25344/tulip_siddiq/hampstead_and_highgate,1982,Minority,British Bangladeshi,,tulipsiddiq
4449,25313,Anna Turley,Anna Turley,True,True,,Female,,May-15,False,Labour (Co-op),Anna4Redcar,,,https://www.theyworkforyou.com/mp/25313/anna_turley/redcar,1978,Unknown,,annaturley.bsky.social,annaturley
4389,25343,Ruth Cadbury,Ruth Cadbury,False,True,,Female,,May-15,False,Labour,RuthCadburywin2017,,,https://www.theyworkforyou.com/mp/25343/ruth_cadbury/brentford_and_isleworth,1959,Unknown,,ruthcadbury.bsky.social,ruthcadbury
4480,25308,Carolyn Harris,Carolyn Harris,False,True,,Female,,May-15,False,Labour,CarolynHarrisMPSwanseaEast,,,https://www.theyworkforyou.com/mp/25308/carolyn_harris/neath_and_swansea_east,1960,Unknown,,carolynharris.bsky.social,carolynharris24
4571,25489,Gill Furniss,Gill Furniss,True,True,,Female,,May-16,True,Labour,,,,https://www.theyworkforyou.com/mp/25489/gill_furniss/sheffield_brightside_and_hillsborough,1957,Unknown,,gillfurnissmp.bsky.social,gillfurnissmp
4573,25579,Dr Rosena Allin-Khan,Rosena Allin-Khan,True,True,,Female,,Jun-16,True,Labour,DrRosena,,,https://www.theyworkforyou.com/mp/25579/rosena_allin-khan/tooting,1978,Minority,British Pakistani/Other White (Mixed),drrosena.bsky.social,DrRosena
4591,25596,Sarah Olney,Sarah Olney,False,True,,Female,,Dec-16,True,Liberal Democrat,,,,https://www.theyworkforyou.com/mp/25596/sarah_olney/richmond_park,1977,Unknown,,,sarahjolney1
4592,25597,Dr Caroline Johnson,Dr Caroline Johnson,False,True,,Female,,Dec-16,True,Conservative,,,,https://www.theyworkforyou.com/mp/25597/caroline_johnson/sleaford_and_north_hykeham,1977,Unknown,,,drcarolinej
4676,25620,Marsha De Cordova,Marsha de Cordova,False,True,,Female,,Jun-17,False,Labour,marsha4battersea,,,https://www.theyworkforyou.com/mp/25620/marsha_de_cordova/battersea,1976,Minority,Black British,marshadecordova.bsky.social,Marshadecordova
4602,25648,Wera Hobhouse,Wera Hobhouse,True,True,,Female,,Jun-17,False,Liberal Democrat,WeraHobhouse,,,https://www.theyworkforyou.com/mp/25648/wera_hobhouse/bath,1960,Unknown,,werahobhouse.org.uk,Wera_Hobhouse
4673,25611,Jo Platt,Jo Platt,False,True,,Female,,Jun-17,False,Labour (Co-op),JoPlattMP,,,https://www.theyworkforyou.com/mp/25611/jo_platt/leigh_and_atherton,1973,Unknown,,joplatt.bsky.social,JoPlattLeigh
4623,25634,Tonia Antoniazzi,Tonia Antoniazzi,True,True,,Female,,Jun-17,False,Labour,ToniaForGower,,,https://www.theyworkforyou.com/mp/25634/tonia_antoniazzi/gower,1971,Unknown,,tonia-antoniazzi.bsky.social,ToniaAntoniazzi
4634,25675,Christine Jardine,Christine Jardine,False,True,,Female,,Jun-17,False,Liberal Democrat,CJLibDem,,,https://www.theyworkforyou.com/mp/25675/christine_jardine/edinburgh_west,1960,Unknown,,cajardinemp.bsky.social,CajardineMP
4657,25618,Anneliese Dodds,Anneliese Dodds,True,True,,Female,,Jun-17,False,Labour (Co-op),,,,https://www.theyworkforyou.com/mp/25618/anneliese_dodds/oxford_east,1978,Unknown,,anneliesedoddsmp.bsky.social,AnnelieseDodds
4645,25646,Emma Hardy,Emma Hardy,False,True,,Female,,Jun-17,False,Labour,EmmaHardyHullWestandHessle,,,https://www.theyworkforyou.com/mp/25646/emma_hardy/kingston_upon_hull_west_and_haltemprice,1979,Unknown,,emmahardymp.bsky.social,
4620,25681,Ellie Reeves,Ellie Reeves,False,True,,Female,,Jun-17,False,Labour,,,,https://www.theyworkforyou.com/mp/25681/ellie_reeves/lewisham_west_and_east_dulwich,1980,Unknown,,elliereeves.bsky.social,elliereeves
4607,25617,Stephanie Peacock,Stephanie Peacock,False,True,,Female,,Jun-17,False,Labour,,,,https://www.theyworkforyou.com/mp/25617/stephanie_peacock/barnsley_south,1986,Unknown,,stephanie-peacock.bsky.social,Steph_Peacock
4618,25623,Liz Twist,Liz Twist,False,True,,Female,,Jun-17,False,Labour,,,,https://www.theyworkforyou.com/mp/25623/liz_twist/blaydon_and_consett,1956,Unknown,,,LizTwistMP
4647,25652,Julia Lopez,Julia Lopez,False,True,,Female,,Jun-17,False,Conservative,,,,https://www.theyworkforyou.com/mp/25652/julia_lopez/hornchurch_and_upminster,1984,Unknown,,,JuliaLopezMP
,25647,Anna Mcmorrin,Anna McMorrin,True,True,,Female,,Jun-17,False,Labour,AnnaMcMorrinMP,,,https://www.theyworkforyou.com/mp/25647/anna_mcmorrin/cardiff_north,1971,Unknown,,annamcmorrin.bsky.social,annamcmorrin
,25666,Preet Gill,Preet Kaur Gill,True,True,,Female,,Jun-17,False,Labour (Co-op),PreetKaurGillMP,,,https://www.theyworkforyou.com/mp/25666/preet_kaur_gill/birmingham_edgbaston,1972,Minority,British Indian,preetkgillmp.bsky.social,PreetKGillMP
4597,25693,Kemi Badenoch,Kemi Badenoch,True,True,,Female,,Jun-17,False,Conservative,,,,https://www.theyworkforyou.com/mp/25693/kemi_badenoch/north_west_essex,1980,Minority,Black British,,KemiBadenoch
4656,25689,Layla Moran,Layla Moran,False,True,,Female,,Jun-17,False,Liberal Democrat,LaylaMoranUK,,,https://www.theyworkforyou.com/mp/25689/layla_moran/oxford_west_and_abingdon,1982,Minority,British Palestinian/White British (Mixed),laylamoran.bsky.social,laylamoran
4631,25673,Sarah Jones,Sarah Jones,False,True,,Female,,Jun-17,False,Labour,CroydonSarah,,,https://www.theyworkforyou.com/mp/25673/sarah_jones/croydon_west,1972,Unknown,,sarahjonesmp.bsky.social,LabourSJ
4616,25656,Rosie Duffield,Rosie Duffield,True,True,,Female,,Jun-17,False,Independent,,,,https://www.theyworkforyou.com/mp/25656/rosie_duffield/canterbury,1971,Unknown,,,RosieDuffield1
4697,25726,Órfhlaith Begley,Órfhlaith Begley,True,True,,Female,,May-18,True,Sinn Féin,,,,https://www.theyworkforyou.com/mp/25726/orfhlaith_begley/west_tyrone,1991,Unknown,,,OrfhlaithBegley
4698,25727,Janet Daby,Janet Daby,True,True,,Female,,Jun-18,True,Labour,jdaby1,,,https://www.theyworkforyou.com/mp/25727/janet_daby/lewisham_east,1970,Minority,Black British,janetdaby.bsky.social,JanetDaby
4716,25746,Ruth Jones,Ruth Jones,False,True,,Female,,Apr-19,True,Labour,RuthNewportWest,,,https://www.theyworkforyou.com/mp/25746/ruth_jones/newport_west_and_islwyn,1962,Unknown,,ruthjoneslabour.bsky.social,RuthJonesLabour
4822,25896,Feryal Clark,Feryal Clark,True,True,,Female,,Dec-19,False,Labour,,,,https://www.theyworkforyou.com/mp/25896/feryal_clark/enfield_north,1979,Minority,British Kurdish,feryalclark.bsky.social,FeryalClark
4769,25901,Daisy Cooper,Daisy Cooper,False,True,,Female,,Dec-19,False,Liberal Democrat,,,,https://www.theyworkforyou.com/mp/25901/daisy_cooper/st_albans,1981,Unknown,,libdemdaisy.bsky.social,libdemdaisy
4765,25872,Wendy Chamberlain,Wendy Chamberlain,False,True,,Female,,Dec-19,False,Liberal Democrat,,,,https://www.theyworkforyou.com/mp/25872/wendy_chamberlain/north_east_fife,1976,Unknown,,wendychambld.bsky.social,wendychambLD
4827,25447,Claire Hanna,Claire Hanna,False,True,,Female,,Dec-19,False,Social Democratic & Labour Party,,,,https://www.theyworkforyou.com/mp/25447/claire_hanna/belfast_south_and_mid_down,1980,Unknown,,clairehanna.bsky.social,ClaireHanna
4805,25906,Alicia Kearns,Alicia Kearns,False,True,,Female,,Dec-19,False,Conservative,,,,https://www.theyworkforyou.com/mp/25906/alicia_kearns/rutland_and_stamford,1987,Unknown,,,
4759,25878,Joy Morrissey,Joy Morrissey,False,True,,Female,,Dec-19,False,Conservative,,,,https://www.theyworkforyou.com/mp/25878/joy_morrissey/beaconsfield,1981,Unknown,,aliciakearns.bsky.social,aliciakearns
4786,25909,Zarah Sultana,Zarah Sultana,True,True,,Female,,Dec-19,False,Your Party,,,,https://www.theyworkforyou.com/mp/25909/zarah_sultana/coventry_south,1993,Minority,British Pakistani,zarahsultana.bsky.social,zarahsultana
4790,25914,Apsana Begum,Apsana Begum,True,True,,Female,,Dec-19,False,Labour,,,,https://www.theyworkforyou.com/mp/25914/apsana_begum/poplar_and_limehouse,1990,Minority,British Bangladeshi,,ApsanaBegumMP
4776,25820,Munira Wilson,Munira Wilson,True,True,,Female,,Dec-19,False,Liberal Democrat,,,,https://www.theyworkforyou.com/mp/25820/munira_wilson/twickenham,1978,Minority,British Indian,munirawilson.bsky.social,munirawilson
4806,25890,Claire Coutinho,Claire Coutinho,False,True,,Female,,Dec-19,False,Conservative,,,,https://www.theyworkforyou.com/mp/25890/claire_coutinho/east_surrey,1985,Minority,British Indian,,ClaireCoutinho
4820,25846,Abena Oppong-Asare,Abena Oppong-Asare,True,True,,Female,,Dec-19,False,Labour,,,,https://www.theyworkforyou.com/mp/25846/abena_oppong-asare/erith_and_thamesmead,1983,Minority,Black British,abenaoppongasare.bsky.social,abenaopp
4764,25856,Bell Ribeiro-Addy,Bell Ribeiro-Addy,True,True,,Female,,Dec-19,False,Labour,,,,https://www.theyworkforyou.com/mp/25856/bell_ribeiro-addy/clapham_and_brixton_hill,1985,Minority,Black British,bellribeiroaddy.bsky.social,BellRibeiroAddy
,25833,Mary Foy,Mary Foy,False,True,,Female,,Dec-19,False,Labour,,,,https://www.theyworkforyou.com/mp/25833/mary_foy/city_of_durham,1968,Unknown,,marykfoymp.bsky.social,marykfoy
4828,25819,Paula Barker,Paula Barker,False,True,,Female,,Dec-19,False,Labour,,,,https://www.theyworkforyou.com/mp/25819/paula_barker/liverpool_wavertree,1972,Unknown,,paulabarkermp.bsky.social,PaulaBarkerMP
4824,25803,Kim Johnson,Kim Johnson,False,True,,Female,,Dec-19,False,Labour,,,,https://www.theyworkforyou.com/mp/25803/kim_johnson/liverpool_riverside,1966,Minority,Black British/White British (Mixed),,KimJohnsonMP
4857,25562,Carla Lockhart,Carla Lockhart,False,True,,Female,,Dec-19,False,Democratic Unionist Party,,,,https://www.theyworkforyou.com/mp/25562/carla_lockhart/upper_bann,1985,Unknown,,,carlalockhart
4849,25824,Alex Davies-Jones,Alex Davies-Jones,False,True,,Female,,Dec-19,False,Labour,,,,https://www.theyworkforyou.com/mp/25824/alex_davies-jones/pontypridd,1989,Unknown,,alexdaviesjones.bsky.social,AlexDaviesJones
4873,25809,Rachel Hopkins,Rachel Hopkins,False,True,,Female,,Dec-19,False,Labour,,,,https://www.theyworkforyou.com/mp/25809/rachel_hopkins/luton_south_and_south_bedfordshire,1972,Unknown,,rachelhopkins.bsky.social,rach_hopkins
4783,25794,Kate Osborne,Kate Osborne,False,True,,Female,,Dec-19,False,Labour,,,,https://www.theyworkforyou.com/mp/25794/kate_osborne/jarrow_and_gateshead_east,,Unknown,,kateosbornemp.bsky.social,KateOsborneMP
4869,25845,Nadia Whittome,Nadia Whittome,True,True,,Female,,Dec-19,False,Labour,,,,https://www.theyworkforyou.com/mp/25845/nadia_whittome/nottingham_east,1996,Minority,Anglo-Indian,nadiawhittomemp.bsky.social,NadiaWhittomeMP
4779,25915,Taiwo Owatemi,Taiwo Owatemi,True,True,,Female,,Dec-19,False,Labour,,,,https://www.theyworkforyou.com/mp/25915/taiwo_owatemi/coventry_north_west,1992,Minority,Black British,taiwoowatemi.bsky.social,TaiwoOwatemi
4788,25813,Fleur Anderson,Fleur Anderson,False,True,,Female,,Dec-19,False,Labour,,,,https://www.theyworkforyou.com/mp/25813/fleur_anderson/putney,1971,Unknown,,fleuranderson.bsky.social,PutneyFleur
4870,25759,Florence Eshalomi,Florence Eshalomi,True,True,,Female,,Dec-19,False,Labour (Co-op),,,,https://www.theyworkforyou.com/mp/25759/florence_eshalomi/vauxhall_and_camberwell_green,1980,Minority,Black British,florenceeshalomi.bsky.social,FloEshalomi
4777,25823,Sarah Owen,Sarah Owen,False,True,,Female,,Dec-19,False,Labour,,,,https://www.theyworkforyou.com/mp/25823/sarah_owen/luton_north,1983,Minority,British Chinese/White British (Mixed),sarahowen.org.uk,
4864,25908,Olivia Blake,Olivia Blake,False,True,,Female,,Dec-19,False,Labour,,,,https://www.theyworkforyou.com/mp/25908/olivia_blake/sheffield_hallam,1990,Unknown,,,_OliviaBlake
4799,25885,Charlotte Nichols,Charlotte Nichols,False,True,,Female,,Dec-19,False,Labour,,,,https://www.theyworkforyou.com/mp/25885/charlotte_nichols/warrington_north,1991,Unknown,,charlotte2153.bsky.social,
4780,25851,Laura Trott,Laura Trott,False,True,,Female,,Dec-19,False,Conservative,,,,https://www.theyworkforyou.com/mp/25851/laura_trott/sevenoaks,1984,Unknown,,,LauraTrottMP
4918,26034,Sarah Green,Sarah Green,False,True,,Female,,Jun-21,True,Liberal Democrat,,,,https://www.theyworkforyou.com/mp/26034/sarah_green/chesham_and_amersham,1982,Unknown,,sarahgreenld.bsky.social,SarahGreenLD
4923,26040,Kim Leadbeater,Kim Leadbeater,True,True,,Female,,Jul-21,True,Labour,,,,https://www.theyworkforyou.com/mp/26040/kim_leadbeater/spen_valley,1976,Unknown,,kimleadbeatermp.bsky.social,kimleadbeater
4934,26056,Helen Morgan,Helen Morgan,False,True,,Female,,Dec-21,True,Liberal Democrat,,,,https://www.theyworkforyou.com/mp/26056/helen_morgan/north_shropshire,1975,Unknown,,helenmorganlibdem.bsky.social,HelenMorganMP
4938,26061,Paulette Hamilton,Paulette Hamilton,False,True,,Female,,Mar-22,True,Labour,,,,https://www.theyworkforyou.com/mp/26061/paulette_hamilton/birmingham_erdington,1962,Minority,Black British,paulettehamiltonmp.bsky.social,PauletteHamilto
4976,26118,Samantha Dixon,Samantha Dixon,False,True,,Female,,Dec-22,True,Labour,,,,https://www.theyworkforyou.com/mp/26118/samantha_dixon/chester_north_and_neston,,Unknown,,samanthadixonmp.bsky.social,SamanthaDixonMP
4981,26123,Ashley Dalton,Ashley Dalton,False,True,,Female,,Feb-23,True,Labour,,,,https://www.theyworkforyou.com/mp/26123/ashley_dalton/west_lancashire,1972,Unknown,,ashleydaltonmp.bsky.social,
4995,26270,Sarah Dyke,Sarah Dyke,False,True,,Female,,Jul-23,True,Liberal Democrat,,,,https://www.theyworkforyou.com/mp/26270/sarah_dyke/glastonbury_and_somerton,1971,Unknown,,sarahdykeld.bsky.social,SarahDykeLD
5001,26277,Sarah Edwards,Sarah Edwards,False,True,,Female,,Oct-23,True,Labour,,,,https://www.theyworkforyou.com/mp/26277/sarah_edwards/tamworth,1988,Unknown,,sarahedwardsmp.bsky.social,
5011,26288,Gen Kitchen,Gen Kitchen,False,True,,Female,,Feb-24,True,Labour,,,,https://www.theyworkforyou.com/mp/26288/gen_kitchen/wellingborough_and_rushden,1995,Unknown,,genkitchenmp.bsky.social,Gen_Kitchen_MP
5125,26071,Sorcha Eastwood,Sorcha Eastwood,True,True,,Female,,Jul-24,False,Alliance,,,,https://www.theyworkforyou.com/mp/26071/sorcha_eastwood/lagan_valley,1985,Unknown,,sorchaeastwood.bsky.social,SorchaEastwood
5058,26337,Juliet Campbell,Juliet Campbell,False,True,,Female,,Jul-24,False,Labour,,,,https://www.theyworkforyou.com/mp/26337/juliet_campbell/broxtowe,,Minority,Black British,julietcampbellmp.bsky.social,JOCampbellMP
5290,26392,Leigh Ingham,Leigh Ingham,False,True,,Female,,Jul-24,False,Labour,,,,https://www.theyworkforyou.com/mp/26392/leigh_ingham/stafford,,Unknown,,leighinghammp.bsky.social,LeighInghamMP
5228,26479,Maya Ellis,Maya Ellis,False,True,,Female,,Jul-24,False,Labour,,,,https://www.theyworkforyou.com/mp/26479/maya_ellis/ribble_valley,1988,Unknown,,mayaellismp.bsky.social,mayaellisuk
5269,26435,Dr Lauren Sullivan,Lauren Sullivan,False,True,,Female,,Jul-24,False,Labour,,,,https://www.theyworkforyou.com/mp/26435/lauren_sullivan/gravesham,,Unknown,,laurensullivanmp.bsky.social,drlsullivan
5141,26395,Alex Mayer,Alex Mayer,False,True,,Female,,Jul-24,False,Labour,,,,https://www.theyworkforyou.com/mp/26395/alex_mayer/dunstable_and_leighton_buzzard,1981,Unknown,,,alexlmayer
5327,26582,Vikki Slade,Vikki Slade,True,True,,Female,,Jul-24,False,Liberal Democrat,,,,https://www.theyworkforyou.com/mp/26582/vikki_slade/mid_dorset_and_north_poole,1990,Unknown,,vikkislademp.bsky.social,VikkiSlade72
5157,26429,Susan Murray,Susan Murray,False,True,,Female,,Jul-24,False,Liberal Democrat,,,,https://www.theyworkforyou.com/mp/26429/susan_murray/mid_dunbartonshire,1957,Unknown,,mpsusanmurray.bsky.social,mpsusanmurray
5105,26358,Jo White,Jo White,False,True,,Female,,Jul-24,False,Labour,,,,https://www.theyworkforyou.com/mp/26358/jo_white/bassetlaw,1964,Unknown,,jowhitemp.bsky.social,JoWhiteSays
5297,26466,Rebecca Paul,Rebecca Paul,False,True,,Female,,Jul-24,False,Conservative,,,,https://www.theyworkforyou.com/mp/26466/rebecca_paul/reigate,1979,Unknown,,,Rebecca_Spaul
5241,26553,Aphra Brandreth,Aphra Brandreth,True,True,,Female,,Jul-24,False,Conservative,,,,https://www.theyworkforyou.com/mp/26553/aphra_brandreth/chester_south_and_eddisbury,1978,Unknown,,,AphraBrandreth
5301,26512,Rebecca Smith,Rebecca Smith,False,True,,Female,,Jul-24,False,Conservative,,,,https://www.theyworkforyou.com/mp/26512/rebecca_smith/south_west_devon,1981,Unknown,,swdevonrebecca.bsky.social,SWDevonRebecca
5216,26511,Caroline Voaden,Caroline Voaden,True,True,,Female,,Jul-24,False,Liberal Democrat,,,,https://www.theyworkforyou.com/mp/26511/caroline_voaden/south_devon,1968,Unknown,,carolinevoadenmp.bsky.social,CarolineVoaden
5352,26603,Dr Roz Savage,Roz Savage,False,True,,Female,,Jul-24,False,Liberal Democrat,,,,https://www.theyworkforyou.com/mp/26603/roz_savage/south_cotswolds,1967,Unknown,,rozsavage.bsky.social,roz_savage
5239,26585,Sarah Gibson,Sarah Gibson,False,True,,Female,,Jul-24,False,Liberal Democrat,,,,https://www.theyworkforyou.com/mp/26585/sarah_gibson/chippenham,1966,Unknown,,sarahgibsonmp.bsky.social,SarahGibsonLD
5286,26497,Anna Sabine,Anna Sabine,False,True,,Female,,Jul-24,False,Liberal Democrat,,,,https://www.theyworkforyou.com/mp/26497/anna_sabine/frome_and_east_somerset,,Unknown,,,anna4fes
5029,26311,Emma Foody,Emma Foody,True,True,,Female,,Jul-24,False,Labour (Co-op),,,,https://www.theyworkforyou.com/mp/26311/emma_foody/cramlington_and_killingworth,,Unknown,,emmafoodymp.bsky.social,efoody
5070,26556,Lisa Smart,Lisa Smart,False,True,,Female,,Jul-24,False,Liberal Democrat,,,,https://www.theyworkforyou.com/mp/26556/lisa_smart/hazel_grove,,Unknown,,lisasmartmp.bsky.social,LisaSmartMP
5299,26516,Monica Harding,Monica Harding,False,True,,Female,,Jul-24,False,Liberal Democrat,,,,https://www.theyworkforyou.com/mp/26516/monica_harding/esher_and_walton,,Unknown,,monicaharding.bsky.social,monicabeharding
5355,26635,Sarah Bool,Sarah Bool,True,True,,Female,,Jul-24,False,Conservative,,,,https://www.theyworkforyou.com/mp/26635/sarah_bool/south_northamptonshire,1987,Unknown,,sarahbool.bsky.social,sarah_bool
5122,26569,Manuela Perteghella,Manuela Perteghella,True,True,,Female,,Jul-24,False,Liberal Democrat,,,,https://www.theyworkforyou.com/mp/26569/manuela_perteghella/stratford-on-avon,1973,Unknown,,mp4stratford.bsky.social,MP4Stratford
5139,26412,Emily Darlington,Emily Darlington,False,True,,Female,,Jul-24,False,Labour,,,,https://www.theyworkforyou.com/mp/26412/emily_darlington/milton_keynes_central,,Unknown,,emily4mk.bsky.social,emily4MK
5123,26360,Polly Billington,Polly Billington,True,True,,Female,,Jul-24,False,Labour,,,,https://www.theyworkforyou.com/mp/26360/polly_billington/east_thanet,1967,Unknown,,pollybillington.bsky.social,
5202,26567,Jessica Toale,Jessica Toale,True,True,,Female,,Jul-24,False,Labour,,,,https://www.theyworkforyou.com/mp/26567/jessica_toale/bournemouth_west,,Unknown,,jessicatoale.bsky.social,JessicaToale
5267,26600,Yuan Yang,Yuan Yang,False,True,,Female,,Jul-24,False,Labour,,,,https://www.theyworkforyou.com/mp/26600/yuan_yang/earley_and_woodley,1990,Minority,British Chinese,yuanfenyang.bsky.social,YuanfenYang
5232,26475,Lorraine Beavers,Lorraine Beavers,False,True,,Female,,Jul-24,False,Labour,,,,https://www.theyworkforyou.com/mp/26475/lorraine_beavers/blackpool_north_and_fleetwood,1962,Unknown,,,BeaversLorraine
5306,26496,Claire Hazelgrove,Claire Hazelgrove,True,True,,Female,,Jul-24,False,Labour,,,,https://www.theyworkforyou.com/mp/26496/claire_hazelgrove/filton_and_bradley_stoke,1988,Unknown,,chazelgrovemp.bsky.social,CHazelgroveMP
5102,26379,Carla Denyer,Carla Denyer,True,True,,Female,,Jul-24,False,Green Party,,,,https://www.theyworkforyou.com/mp/26379/carla_denyer/bristol_central,1985,Unknown,,carladenyer.bsky.social,carla_denyer
5249,26577,Ellie Chowns,Ellie Chowns,True,True,,Female,,Jul-24,False,Green Party,,,,https://www.theyworkforyou.com/mp/26577/ellie_chowns/north_herefordshire,1975,Unknown,,elliechowns.bsky.social,EllieChowns
5314,25752,Siân Berry,Siân Berry,True,True,,Female,,Jul-24,False,Green Party,,,,https://www.theyworkforyou.com/mp/25752/si%C3%A2n_berry/brighton_pavilion,1974,Unknown,,sianberry.bsky.social,sianberry
5240,26610,Melanie Ward,Melanie Ward,False,True,,Female,,Jul-24,False,Labour,,,,https://www.theyworkforyou.com/mp/26610/melanie_ward/cowdenbeath_and_kirkcaldy,1981,Unknown,,melanieward.bsky.social,melanie_ward
5341,26629,Laura Kyrke-Smith,Laura Kyrke-Smith,True,True,,Female,,Jul-24,False,Labour,,,,https://www.theyworkforyou.com/mp/26629/laura_kyrke-smith/aylesbury,1983,Unknown,,laurakyrkesmith.bsky.social,laurakyrkesmith
5307,26515,Dr Beccy Cooper,Beccy Cooper,True,True,,Female,,Jul-24,False,Labour,,,,https://www.theyworkforyou.com/mp/26515/beccy_cooper/worthing_west,,Unknown,,drbeccycoopermp.bsky.social,BeccyCooper4Lab
5225,26592,Lizzi Collinge,Lizzi Collinge,True,True,,Female,,Jul-24,False,Labour,,,,https://www.theyworkforyou.com/mp/26592/lizzi_collinge/morecambe_and_lunesdale,,Unknown,,lizzicollinge.bsky.social,LizziCollinge
5094,26403,Julie Minns,Julie Minns,True,True,,Female,,Jul-24,False,Labour,,,,https://www.theyworkforyou.com/mp/26403/julie_minns/carlisle,1968,Unknown,,,
5334,26621,Dr Allison Gardner,Allison Gardner,False,True,,Female,,Jul-24,False,Labour,,,,https://www.theyworkforyou.com/mp/26621/allison_gardner/stoke-on-trent_south,,Unknown,,allisongardner.bsky.social,AllisonCGardner
5143,26405,Catherine Atkinson,Catherine Atkinson,False,True,,Female,,Jul-24,False,Labour,,,,https://www.theyworkforyou.com/mp/26405/catherine_atkinson/derby_north,,Unknown,,catherineatkinson.bsky.social,catkinson80
5333,26596,Lucy Rigby,Lucy Rigby,False,True,,Female,,Jul-24,False,Labour,,,,https://www.theyworkforyou.com/mp/26596/lucy_rigby/northampton_north,1982,Unknown,,lucyrigby.bsky.social,LucyRigby
,26315,Lola Mcevoy,Lola McEvoy,True,True,,Female,,Jul-24,False,Labour,,,,https://www.theyworkforyou.com/mp/26315/lola_mcevoy/darlington,1987,Unknown,,,Lola__McEvoy
5260,26520,Katie White,Katie White,False,True,,Female,,Jul-24,False,Labour,,,,https://www.theyworkforyou.com/mp/26520/katie_white/leeds_north_west,1980,Unknown,,katiewhitemp.bsky.social,KatieJWhite
5063,26375,Johanna Baxter,Johanna Baxter,False,True,,Female,,Jul-24,False,Labour,,,,https://www.theyworkforyou.com/mp/26375/johanna_baxter/paisley_and_renfrewshire_south,1979,Unknown,,,JohannaBaxter
5190,13984,Patricia Ferguson,Patricia Ferguson,False,True,,Female,,Jul-24,False,Labour,,,,https://www.theyworkforyou.com/mp/13984/patricia_ferguson/glasgow_west,1958,Unknown,,pjferguson.bsky.social,PJFerguson18
5188,26526,Tracy Gilbert,Tracy Gilbert,False,True,,Female,,Jul-24,False,Labour,,,,https://www.theyworkforyou.com/mp/26526/tracy_gilbert/edinburgh_north_and_leith,,Unknown,,tracygilbertmp.bsky.social,tracygilbert72
5043,26327,Lillian Jones,Lillian Jones,False,True,,Female,,Jul-24,False,Labour,,,,https://www.theyworkforyou.com/mp/26327/lillian_jones/kilmarnock_and_loudoun,,Unknown,,,lillianjonesmp
5206,26598,Elaine Stewart,Elaine Stewart,False,True,,Female,,Jul-24,False,Labour,,,,https://www.theyworkforyou.com/mp/26598/elaine_stewart/ayr%2C_carrick_and_cumnock,,Unknown,,,ElaineStewartMP
5079,26418,Joani Reid,Joani Reid,True,True,,Female,,Jul-24,False,Independent,,,,https://www.theyworkforyou.com/mp/26418/joani_reid/east_kilbride_and_strathaven,1985,Unknown,,joanireid.com,JoaniReid
5038,26318,Anneliese Midgley,Anneliese Midgley,True,True,,Female,,Jul-24,False,Labour,,,,https://www.theyworkforyou.com/mp/26318/anneliese_midgley/knowsley,,Unknown,,anneliesemidgleymp.bsky.social,anneliese_midge
5272,26495,Margaret Mullane,Margaret Mullane,True,True,,Female,,Jul-24,False,Labour,,,,https://www.theyworkforyou.com/mp/26495/margaret_mullane/dagenham_and_rainham,,Unknown,,margaretmullanemp.bsky.social,Margaret4DR
5337,26609,Olivia Bailey,Olivia Bailey,False,True,,Female,,Jul-24,False,Labour,,,,https://www.theyworkforyou.com/mp/26609/olivia_bailey/reading_west_and_mid_berkshire,1986,Unknown,,oliviabailey.bsky.social,oliviabaileymp
5257,26546,Rachel Blake,Rachel Blake,False,True,,Female,,Jul-24,False,Labour (Co-op),,,,https://www.theyworkforyou.com/mp/26546/rachel_blake/cities_of_london_and_westminster,,Unknown,,rachelblakemp.bsky.social,RNBlake
5088,26452,Sarah Coombes,Sarah Coombes,True,True,,Female,,Jul-24,False,Labour,,,,https://www.theyworkforyou.com/mp/26452/sarah_coombes/west_bromwich,1991,Unknown,,,SarahCoombesWB
5285,26588,Katie Lam,Katie Lam,False,True,,Female,,Jul-24,False,Conservative,,,,https://www.theyworkforyou.com/mp/26588/katie_lam/weald_of_kent,1991,Unknown,,,Katie_Lam_MP
5075,26384,Deirdre Costigan,Deirdre Costigan,True,True,,Female,,Jul-24,False,Labour,,,,https://www.theyworkforyou.com/mp/26384/deirdre_costigan/ealing_southall,,Unknown,,deirdrecostiganmp.bsky.social,deirdrecostigan
5173,26444,Alex Baker,Alex Baker,False,True,,Female,,Jul-24,False,Labour,,,,https://www.theyworkforyou.com/mp/26444/alex_baker/aldershot,1982,Unknown,,msalexbaker.bsky.social,Ms_Alex_Baker
5152,26433,Sureena Brackenridge,Sureena Brackenridge,True,True,,Female,,Jul-24,False,Labour,,,,https://www.theyworkforyou.com/mp/26433/sureena_brackenridge/wolverhampton_north_east,1974,Minority,British Indian,sureenawne.bsky.social,Sureena4WNE
5160,26472,Jenny Riddell-Carpenter,Jenny Riddell-Carpenter,False,True,,Female,,Jul-24,False,Labour,,,,https://www.theyworkforyou.com/mp/26472/jenny_riddell-carpenter/suffolk_coastal,1986,Unknown,,jenny4suffcoast.bsky.social,Jenny4SuffCoast
,26460,Kirsty Mcneill,Kirsty McNeill,False,True,,Female,,Jul-24,False,Labour,,,,https://www.theyworkforyou.com/mp/26460/kirsty_mcneill/midlothian,,Unknown,,kirstymcneill.bsky.social,kirstyjmcneill
5311,26538,Harriet Cross,Harriet Cross,False,True,,Female,,Jul-24,False,Conservative,,,,https://www.theyworkforyou.com/mp/26538/harriet_cross/gordon_and_buchan,1990,Unknown,,,HarrietCross_MP
5068,26363,Shivani Raja,Shivani Raja,True,True,,Female,,Jul-24,False,Conservative,,,,https://www.theyworkforyou.com/mp/26363/shivani_raja/leicester_east,1994,Minority,British Indian,,ShivaniRaja_LE
5149,26449,Amanda Hack,Amanda Hack,False,True,,Female,,Jul-24,False,Labour,,,,https://www.theyworkforyou.com/mp/26449/amanda_hack/north_west_leicestershire,1976,Unknown,,,Hack4Labour
5279,26525,Jayne Kirkham,Jayne Kirkham,True,True,,Female,,Jul-24,False,Labour (Co-op),,,,https://www.theyworkforyou.com/mp/26525/jayne_kirkham/truro_and_falmouth,1972,Unknown,,jaynekirkhammp.bsky.social,JayneKirkham4
5048,26342,Antonia Bance,Antonia Bance,True,True,,Female,,Jul-24,False,Labour,,,,https://www.theyworkforyou.com/mp/26342/antonia_bance/tipton_and_wednesbury,,Unknown,,antoniabance.bsky.social,antoniabance
5142,26413,Abtisam Mohamed,Abtisam Mohamed,True,True,,Female,,Jul-24,False,Labour,,,,https://www.theyworkforyou.com/mp/26413/abtisam_mohamed/sheffield_central,1980,Minority,British Yemeni,,Abtisam_Mohamed
5095,26378,Kirith Entwistle,Kirith Entwistle,True,True,,Female,,Jul-24,False,Labour,,,,https://www.theyworkforyou.com/mp/26378/kirith_entwistle/bolton_north_east,1991,Minority,British Indian,kirithentwistle.bsky.social,kirith_ae
5084,26481,Elsie Blundell,Elsie Blundell,True,True,,Female,,Jul-24,False,Labour,,,,https://www.theyworkforyou.com/mp/26481/elsie_blundell/heywood_and_middleton_north,1990,Unknown,,elsieblundellmp.bsky.social,elsieblundell
5154,26416,Sarah Hall,Sarah Hall,False,True,,Female,,Jul-24,False,Labour (Co-op),,,,https://www.theyworkforyou.com/mp/26416/sarah_hall/warrington_south,,Unknown,,sarahhall-labour.bsky.social,Sarah_Hall81
5289,26508,Harpreet Uppal,Harpreet Uppal,True,True,,Female,,Jul-24,False,Labour,,,,https://www.theyworkforyou.com/mp/26508/harpreet_uppal/huddersfield,,Minority,British Indian,harpreetuppalmp.bsky.social,harpreetkuppal
5281,26524,Anna Dixon,Anna Dixon,False,True,,Female,,Jul-24,False,Labour,,,,https://www.theyworkforyou.com/mp/26524/anna_dixon/shipley,,Unknown,,annadixonmp.bsky.social,annalouisedixon
5085,26454,Llinos Medi,Llinos Medi,True,True,,Female,,Jul-24,False,Plaid Cymru,,,,https://www.theyworkforyou.com/mp/26454/llinos_medi/ynys_mon,1981,Unknown,,llinosmedi.bsky.social,llinos_medi
5177,26359,Ann Davies,Ann Davies,False,True,,Female,,Jul-24,False,Plaid Cymru,,,,https://www.theyworkforyou.com/mp/26359/ann_davies/caerfyrddin,1962,Unknown,,anndaviesplaid.bsky.social,AnnBremenda
5104,26394,Gill German,Gill German,False,True,,Female,,Jul-24,False,Labour,,,,https://www.theyworkforyou.com/mp/26394/gill_german/clwyd_north,,Unknown,,,
5113,26393,Claire Hughes,Claire Hughes,False,True,,Female,,Jul-24,False,Labour,,,,https://www.theyworkforyou.com/mp/26393/claire_hughes/bangor_aberconwy,,Unknown,,,clairehughesBA
5049,26322,Michelle Scrogham,Michelle Scrogham,True,True,,Female,,Jul-24,False,Labour,,,,https://www.theyworkforyou.com/mp/26322/michelle_scrogham/barrow_and_furness,1970,Unknown,,michellescrogham.bsky.social,MScroghamMP
5309,26494,Katrina Murray,Katrina Murray,False,True,,Female,,Jul-24,False,Labour,,,,https://www.theyworkforyou.com/mp/26494/katrina_murray/cumbernauld_and_kirkintilloch,,Unknown,,katrinamurraymp.bsky.social,katrinamurray71
5133,26450,Alice Macdonald,Alice Macdonald,False,True,,Female,,Jul-24,False,Labour (Co-op),,,,https://www.theyworkforyou.com/mp/26450/alice_macdonald/norwich_north,1983,Unknown,,alicemlabour.bsky.social,AliceMLabour
5107,26356,Linsey Farnsworth,Linsey Farnsworth,True,True,,Female,,Jul-24,False,Labour,,,,https://www.theyworkforyou.com/mp/26356/linsey_farnsworth/amber_valley,,Unknown,,linseyfarnsworthmp.bsky.social,Lfarnz
5252,26543,Rachel Gilmour,Rachel Gilmour,False,True,,Female,,Jul-24,False,Liberal Democrat,,,,https://www.theyworkforyou.com/mp/26543/rachel_gilmour/tiverton_and_minehead,1964,Unknown,,rachelgilmourld.bsky.social,RachelGilmourLD
5283,26498,Alison Bennett,Alison Bennett,False,True,,Female,,Jul-24,False,Liberal Democrat,,,,https://www.theyworkforyou.com/mp/26498/alison_bennett/mid_sussex,,Unknown,,alisonebennett.bsky.social,AlisonEBennett
5335,26372,Jess Brown-Fuller,Jessica Brown-Fuller,False,True,,Female,,Jul-24,False,Liberal Democrat,,,,https://www.theyworkforyou.com/mp/26372/jessica_brown-fuller/chichester,1990,Unknown,,jessbrownfullermp.bsky.social,JessBrownFuller
5078,26421,Pippa Heylings,Pippa Heylings,True,True,,Female,,Jul-24,False,Liberal Democrat,,,,https://www.theyworkforyou.com/mp/26421/pippa_heylings/south_cambridgeshire,,Unknown,,pippaheylings.bsky.social,pippaheylings
5073,26338,Marie Goldman,Marie Goldman,False,True,,Female,,Jul-24,False,Liberal Democrat,,,,https://www.theyworkforyou.com/mp/26338/marie_goldman/chelmsford,,Unknown,,mariecgoldman.bsky.social,
5313,26555,Zöe Franklin,Zöe Franklin,True,True,,Female,,Jul-24,False,Liberal Democrat,,,,https://www.theyworkforyou.com/mp/26555/zoe_franklin/guildford,1981,Unknown,,zoefranklinld.bsky.social,ZoeFranklinLD
5093,26563,Alison Taylor,Alison Taylor,False,True,,Female,,Jul-24,False,Labour,,,,https://www.theyworkforyou.com/mp/26563/alison_taylor/paisley_and_renfrewshire_north,,Unknown,,alisonstaylormp.bsky.social,Alison_S_Taylor
5098,26390,Dr Marie Tidball,Marie Tidball,True,True,,Female,,Jul-24,False,Labour,,,,https://www.theyworkforyou.com/mp/26390/marie_tidball/penistone_and_stocksbridge,,Unknown,,marietidball.bsky.social,MarieTidball
5203,26536,Alison Griffiths,Alison Griffiths,False,True,,Female,,Jul-24,False,Conservative,,,,https://www.theyworkforyou.com/mp/26536/alison_griffiths/bognor_regis_and_littlehampton,1969,Unknown,,,alisgriffithsmp
5324,26571,Sarah Russell,Sarah Russell,False,True,,Female,,Jul-24,False,Labour,,,,https://www.theyworkforyou.com/mp/26571/sarah_russell/congleton,,Unknown,,sarahrussellmp.bsky.social,S_A_Russell
5119,26404,Natasha Irons,Natasha Irons,False,True,,Female,,Jul-24,False,Labour,,,,https://www.theyworkforyou.com/mp/26404/natasha_irons/croydon_east,,Minority,Black British/White British (Mixed),ndironsmp.bsky.social,NDIronsMP
5156,26386,Jess Asato,Jessica Asato,True,True,,Female,,Jul-24,False,Labour,,,,https://www.theyworkforyou.com/mp/26386/jessica_asato/lowestoft,1981,Unknown,,jessasatomp.bsky.social,Jess4Lowestoft
5254,26523,Alison Hume,Alison Hume,False,True,,Female,,Jul-24,False,Labour,,,,https://www.theyworkforyou.com/mp/26523/alison_hume/scarborough_and_whitby,,Unknown,,,MsAlisonHume
5274,26590,Sonia Kumar,Sonia Kumar,False,True,,Female,,Jul-24,False,Labour,,,,https://www.theyworkforyou.com/mp/26590/sonia_kumar/dudley,,Minority,British Indian,,SoniaKumarMP
5178,26406,Sally Jameson,Sally Jameson,False,True,,Female,,Jul-24,False,Labour (Co-op),,,,https://www.theyworkforyou.com/mp/26406/sally_jameson/doncaster_central,,Unknown,,,
5201,26539,Victoria Collins,Victoria Collins,False,True,,Female,,Jul-24,False,Liberal Democrat,,,,https://www.theyworkforyou.com/mp/26539/victoria_collins/harpenden_and_berkhamsted,,Minority,British Chinese/White British (Mixed),victoria-collins.bsky.social,TweetingCollins
5040,26325,Liz Jarvis,Liz Jarvis,False,True,,Female,,Jul-24,False,Liberal Democrat,,,,https://www.theyworkforyou.com/mp/26325/liz_jarvis/eastleigh,,Unknown,,lizjarvis.bsky.social,LizJarvisUK
5263,26366,Alex Brewer,Alex Brewer,False,True,,Female,,Jul-24,False,Liberal Democrat,,,,https://www.theyworkforyou.com/mp/26366/alex_brewer/north_east_hampshire,,Unknown,,alexkbrewer.bsky.social,alexbrewer
5271,26451,Satvir Kaur,Satvir Kaur,True,True,,Female,,Jul-24,False,Labour,,,,https://www.theyworkforyou.com/mp/26451/satvir_kaur/southampton_test,,Minority,British Indian,laboursatvir.bsky.social,LabourSatvir
5182,26425,Charlotte Cane,Charlotte Cane,False,True,,Female,,Jul-24,False,Liberal Democrat,,,,https://www.theyworkforyou.com/mp/26425/charlotte_cane/ely_and_east_cambridgeshire,1958,Unknown,,charlotte-cane-mp.bsky.social,CharlotteCane8
5140,26458,Claire Young,Claire Young,False,True,,Female,,Jul-24,False,Liberal Democrat,,,,https://www.theyworkforyou.com/mp/26458/claire_young/thornbury_and_yate,1974,Unknown,,claireyoungmp.bsky.social,ClaireforTAY
5145,26419,Irene Campbell,Irene Campbell,False,True,,Female,,Jul-24,False,Labour,,,,https://www.theyworkforyou.com/mp/26419/irene_campbell/north_ayrshire_and_arran,1964,Unknown,,irenecampbellmp.bsky.social,lucydahlia
5137,26455,Maureen Burke,Maureen Burke,False,True,,Female,,Jul-24,False,Labour,,,,https://www.theyworkforyou.com/mp/26455/maureen_burke/glasgow_north_east,,Unknown,,maureenburke.bsky.social,MaureenBurkeMP
5291,26510,Catherine Fookes,Catherine Fookes,True,True,,Female,,Jul-24,False,Labour,,,,https://www.theyworkforyou.com/mp/26510/catherine_fookes/monmouthshire,1970,Unknown,,catherinefookesmp.bsky.social,CatherineFookes
5224,26548,Kate Dearden,Kate Dearden,True,True,,Female,,Jul-24,False,Labour (Co-op),,,,https://www.theyworkforyou.com/mp/26548/kate_dearden/halifax,1994,Unknown,,katedeardenmp.bsky.social,Kate_Dearden
5180,26474,Nesil Caliskan,Nesil Caliskan,True,True,,Female,,Jul-24,False,Labour,,,,https://www.theyworkforyou.com/mp/26474/nesil_caliskan/barking,1988,Minority,Turkish-Cypriot,,Nesil_Caliskan
5215,26562,Naushabah Khan,Naushabah Khan,True,True,,Female,,Jul-24,False,Labour,,,,https://www.theyworkforyou.com/mp/26562/naushabah_khan/gillingham_and_rainham,1986,Minority,British Pakistani,naushabahkhanmp.bsky.social,naushabah_khan
5298,26597,Lauren Edwards,Lauren Edwards,False,True,,Female,,Jul-24,False,Labour,,,,https://www.theyworkforyou.com/mp/26597/lauren_edwards/rochester_and_strood,,Unknown,,laurenedwardsmp.bsky.social,
5150,26414,Samantha Niblett,Samantha Niblett,True,True,,Female,,Jul-24,False,Labour,,,,https://www.theyworkforyou.com/mp/26414/samantha_niblett/south_derbyshire,1979,Unknown,,samanthaniblett.bsky.social,SamanthaNiblet4
,26586,Louise Jones,Louise Jones,False,True,,Female,,Jul-24,False,Labour,,,,https://www.theyworkforyou.com/mp/26586/louise_jones/north_east_derbyshire,,Unknown,,louisesandherjones.bsky.social,Louise_Jones_MP
5065,26478,Rachel Taylor,Rachel Taylor,False,True,,Female,,Jul-24,False,Labour,,,,https://www.theyworkforyou.com/mp/26478/rachel_taylor/north_warwickshire_and_bedworth,,Unknown,,racheltaylormp.bsky.social,RachelTaylorMP
5192,26507,Helena Dollimore,Helena Dollimore,True,True,,Female,,Jul-24,False,Labour (Co-op),,,,https://www.theyworkforyou.com/mp/26507/helena_dollimore/hastings_and_rye,1994,Unknown,,,helenadollimore
5179,26501,Kirsteen Sullivan,Kirsteen Sullivan,True,True,,Female,,Jul-24,False,Labour (Co-op),,,,https://www.theyworkforyou.com/mp/26501/kirsteen_sullivan/bathgate_and_linlithgow,1975,Unknown,,kittysull1.bsky.social,kittysull1
5331,26615,Rosie Wrighting,Rosie Wrighting,True,True,,Female,,Jul-24,False,Labour,,,,https://www.theyworkforyou.com/mp/26615/rosie_wrighting/kettering,1997,Unknown,,rosiewrightingmp.bsky.social,rosie_wrighting
5204,26438,Sarah Sackman,Sarah Sackman,True,True,,Female,,Jul-24,False,Labour,,,,https://www.theyworkforyou.com/mp/26438/sarah_sackman/finchley_and_golders_green,1984,Unknown,,sarahsackman.bsky.social,sarahsackman
5236,26465,Jade Botterill,Jade Botterill,True,True,,Female,,Jul-24,False,Labour,,,,https://www.theyworkforyou.com/mp/26465/jade_botterill/ossett_and_denby_dale,1990,Unknown,,,JadeBotterill
5136,26409,Imogen Walker,Imogen Walker,False,True,,Female,,Jul-24,False,Labour,,,,https://www.theyworkforyou.com/mp/26409/imogen_walker/hamilton_and_clyde_valley,,Unknown,,imogenwalker.bsky.social,imogenwalker
5353,26618,Anna Gelderd,Anna Gelderd,True,True,,Female,,Jul-24,False,Labour,,,,https://www.theyworkforyou.com/mp/26618/anna_gelderd/south_east_cornwall,1986,Unknown,,annagelderdmp.bsky.social,annagelderd
5171,26436,Julia Buckley,Julia Buckley,False,True,,Female,,Jul-24,False,Labour,,,,https://www.theyworkforyou.com/mp/26436/julia_buckley/shrewsbury,,Unknown,,juliabuckley.bsky.social,
5293,26587,Cat Eccles,Cat Eccles,False,True,,Female,,Jul-24,False,Labour,,,,https://www.theyworkforyou.com/mp/26587/cat_eccles/stourbridge,,Unknown,,cateccles.bsky.social,catecclesstour
5036,26314,Jodie Gosling,Jodie Gosling,False,True,,Female,,Jul-24,False,Labour,,,,https://www.theyworkforyou.com/mp/26314/jodie_gosling/nuneaton,1972,Unknown,,jodiegoslingmp.bsky.social,JodieGoslingMP
5336,26627,Helen Maguire,Helen Maguire,False,True,,Female,,Jul-24,False,Liberal Democrat,,,,https://www.theyworkforyou.com/mp/26627/helen_maguire/epsom_and_ewell,1977,Unknown,,helenmaguiremp.bsky.social,helenmaguiremp
5305,26528,Georgia Gould,Georgia Gould,False,True,,Female,,Jul-24,False,Labour,,,,https://www.theyworkforyou.com/mp/26528/georgia_gould/queen%27s_park_and_maida_vale,1986,Unknown,,georgiagould.bsky.social,Georgia_Gould
5181,26568,Becky Gittins,Becky Gittins,True,True,,Female,,Jul-24,False,Labour,,,,https://www.theyworkforyou.com/mp/26568/becky_gittins/clwyd_east,,Unknown,,,becky_gittins
5099,26389,Miatta Fahnbulleh,Miatta Fahnbulleh,True,True,,Female,,Jul-24,False,Labour (Co-op),,,,https://www.theyworkforyou.com/mp/26389/miatta_fahnbulleh/peckham,1979,Minority,Black British,miattafahnbulleh.bsky.social,Miatsf
5294,26430,Amanda Martin,Amanda Martin,False,True,,Female,,Jul-24,False,Labour,,,,https://www.theyworkforyou.com/mp/26430/amanda_martin/portsmouth_north,,Unknown,,amandamartinmp.bsky.social,AmandaMartinMP
5226,26550,Michelle Welsh,Michelle Welsh,False,True,,Female,,Jul-24,False,Labour,,,,https://www.theyworkforyou.com/mp/26550/michelle_welsh/sherwood_forest,,Unknown,,michellewelshmp.bsky.social,MichelleWelshMP
5056,26341,Jen Craft,Jennifer Craft,False,True,,Female,,Jul-24,False,Labour,thurrockjen,thurrockjen,,https://www.theyworkforyou.com/mp/26341/jennifer_craft/thurrock,1985,Unknown,,thurrockjen.bsky.social,ThurrockJen
5117,26410,Sarah Smith,Sarah Smith,False,True,,Female,,Jul-24,False,Labour,SarahSmithForHH,sarah_smith_mp ,,https://www.theyworkforyou.com/mp/26410/sarah_smith/hyndburn,1986,Unknown,,sarahsmithlab.bsky.social,sarahsmithlab
5053,26343,Natalie Fleet,Natalie Fleet,False,True,,Female,,Jul-24,False,Labour,,nataliefleetmp ,,https://www.theyworkforyou.com/mp/26343/natalie_fleet/bolsover,1984,Unknown,,natalie-fleet-mp.bsky.social,NatalieFleetMP
5042,26324,Pam Cox,Pam Cox,False,True,,Female,,Jul-24,False,Labour,,,,https://www.theyworkforyou.com/mp/26324/pam_cox/colchester,,Unknown,,,
5278,26542,Uma Kumaran,Uma Kumaran,True,True,,Female,,Jul-24,False,Labour,UmaKumaranMP,uma.kumaran.mp,UmaKumaranMP,https://www.theyworkforyou.com/mp/26542/uma_kumaran/stratford_and_bow,,Minority,British Sri Lankan,umakumaran.bsky.social,Uma_Kumaran
5261,26614,Pat Cullen,Pat Cullen,False,True,,Female,,Jul-24,False,Sinn Féin,,,,https://www.theyworkforyou.com/mp/26614/pat_cullen/fermanagh_and_south_tyrone,1965,Unknown,,,patcullen9
5403,26683,Sarah Pochin,Sarah Pochin,True,True,,Female,,May-25,True,Reform UK,,,,https://www.theyworkforyou.com/mp/26683/sarah_pochin/runcorn_and_helsby,1969,Unknown,,,SarahForRuncorn
5131,26385,Jack Abbott,Jack Abbott,False,True,,Male,,,,Labour (Co-op),,,,https://www.theyworkforyou.com/mp/26385/jack_abbott/ipswich,1990,Unknown,,jackabbott.bsky.social,jackabbott90
5120,26364,Shockat Adam,Shockat Adam,True,True,,Male,,,,Independent,,,,https://www.theyworkforyou.com/mp/26364/shockat_adam/leicester_south,1972,Minority,British Indian,shockatadam.bsky.social,ShockatAdam
5213,26483,Zubir Ahmed,Zubir Ahmed,True,True,,Male,,,,Labour,,,,https://www.theyworkforyou.com/mp/26483/zubir_ahmed/glasgow_south_west,1981,Minority,British Pakistani,zubirahmed.bsky.social,zubirahmed
5112,26420,Luke Akehurst,Luke Akehurst,True,True,,Male,,,,Labour,,,,https://www.theyworkforyou.com/mp/26420/luke_akehurst/north_durham,1972,Unknown,,luke-akehurstmp.bsky.social,lukeakehurst
5312,26527,Sadik Al-Hassan,Sadik Al-Hassan,True,True,,Male,,,,Labour,,,,https://www.theyworkforyou.com/mp/26527/sadik_al-hassan/north_somerset,1984,Minority,British Syrian/White Irish (Mixed),sadikal-hassanmp.bsky.social,SadikAlHassanMP
5097,26422,Bayo Alaba,Bayo Alaba,True,True,,Male,,,,Labour,,,,https://www.theyworkforyou.com/mp/26422/bayo_alaba/southend_east_and_rochford,,Minority,Black British,,BayoAlaba
5172,26453,Dan Aldridge,Dan Aldridge,False,True,,Male,,,,Labour,,,,https://www.theyworkforyou.com/mp/26453/dan_aldridge/weston-super-mare,1984,Unknown,,danaldridgemp.bsky.social,DanAldridgeWSM
632,10661,Douglas Alexander,Douglas Alexander,False,True,,Male,,,,Labour (Co-op),,,,https://www.theyworkforyou.com/mp/10661/douglas_alexander/lothian_east,1967,Unknown,,,D_G_Alexander
4747,25888,Tahir Ali,Tahir Ali,False,True,,Male,,,,Labour,,,,https://www.theyworkforyou.com/mp/25888/tahir_ali/birmingham_hall_green_and_moseley,1971,Minority,British Pakistani,,TahirAliMP
5356,25122,Jim Allister,Jim Allister,True,True,,Male,,,,Traditional Unionist Voice,,,,https://www.theyworkforyou.com/mp/25122/jim_allister/north_antrim,1953,Unknown,,,JimAllister
5250,26531,Gideon Amos,Gideon Amos,False,True,,Male,,,,Liberal Democrat,,,,https://www.theyworkforyou.com/mp/26531/gideon_amos/taunton_and_wellington,,Unknown,,gideonamos.bsky.social,GideonJAmos
5193,26380,Callum Anderson,Callum Anderson,False,True,,Male,,,,Labour,,,,https://www.theyworkforyou.com/mp/26380/callum_anderson/buckingham_and_bletchley,1991,Minority,Black British/White British (Mixed),callumandersonmp.bsky.social,_CallumAnderson
4743,25894,Lee Anderson,Lee Anderson,False,True,,Male,,,,Reform UK,,,,https://www.theyworkforyou.com/mp/25894/lee_anderson/ashfield,1967,Unknown,,,LeeAndersonMP_
4742,25818,Stuart Anderson,Stuart Anderson,False,True,,Male,,,,Conservative,,,,https://www.theyworkforyou.com/mp/25818/stuart_anderson/south_shropshire,1976,Unknown,,,_AndersonStuart
4032,24864,Stuart Andrew,Stuart Andrew,False,True,,Male,,,,Conservative,StuartAndrewPudsey,,,https://www.theyworkforyou.com/mp/24864/stuart_andrew/daventry,1971,Unknown,,,StuartAndrew
5164,26491,Steff Aquarone,Steffan Aquarone,True,True,,Male,,,,Liberal Democrat,,,,https://www.theyworkforyou.com/mp/26491/steffan_aquarone/north_norfolk,1984,Unknown,,steffanaquarone.bsky.social,Steffanaquarone
4362,25396,Edward Argar,Edward Argar,True,True,,Male,,,,Conservative,,,,https://www.theyworkforyou.com/mp/25396/edward_argar/melton_and_syston,1977,Unknown,,,
5212,26591,Scott Arthur,Scott Arthur,False,True,,Male,,,,Labour,,,,https://www.theyworkforyou.com/mp/26591/scott_arthur/edinburgh_south_west,1969,Unknown,,drscottarthurmp.bsky.social,DrScottArthurMP
5211,26594,James Asser,James Asser,True,True,,Male,,,,Labour,,,,https://www.theyworkforyou.com/mp/26594/james_asser/west_ham_and_beckton,1975,Unknown,,jamesasser.bsky.social,JamesAsser
5227,26439,Jas Athwal,Jas Athwal,True,True,,Male,,,,Labour,,,,https://www.theyworkforyou.com/mp/26439/jas_athwal/ilford_south,1963,Minority,British Indian,jasathwal.bsky.social,Jas_Athwal
5028,26309,Lewis Atkinson,Lewis Atkinson,False,True,,Male,,,,Labour,,,,https://www.theyworkforyou.com/mp/26309/lewis_atkinson/sunderland_central,1982,Unknown,,lewisatkinson.bsky.social,LewisAtkinson
5086,26353,Josh Babarinde,Josh Babarinde,True,True,,Male,,,,Liberal Democrat,,,,https://www.theyworkforyou.com/mp/26353/josh_babarinde/eastbourne,1993,Minority,Black British/White British (Mixed),joshbabarinde.bsky.social,JoshBabarinde
4798,25750,Gareth Bacon,Gareth Bacon,False,True,,Male,,,,Conservative,,,,https://www.theyworkforyou.com/mp/25750/gareth_bacon/orpington,1972,Unknown,,,GarethBaconMP
5054,26340,Calvin Bailey,Calvin Bailey,False,True,,Male,,,,Labour,,,,https://www.theyworkforyou.com/mp/26340/calvin_bailey/leyton_and_wanstead,1977,Minority,Black British/White British (Mixed),,CalvinBailey
5092,26565,David Baines,David Baines,False,True,,Male,,,,Labour,,,,https://www.theyworkforyou.com/mp/26565/david_baines/st_helens_north,1979,Unknown,,davidbainesmp.bsky.social,
5253,13952,Richard Baker,Richard Baker,False,True,,Male,,,,Labour,,,,https://www.theyworkforyou.com/mp/13952/richard_baker/glenrothes_and_mid_fife,,Unknown,,richardbakermp.bsky.social,RichardBakerMP
5238,26580,Alex Ballinger,Alex Ballinger,True,True,,Male,,,,Labour,,,,https://www.theyworkforyou.com/mp/26580/alex_ballinger/halesowen,,Unknown,,alexballingermp.bsky.social,AlexBallingerMP
4095,24916,Steve Barclay,Steve Barclay,False,True,,Male,,,,Conservative,stevebarclaymp,,,https://www.theyworkforyou.com/mp/24916/steve_barclay/north_east_cambridgeshire,1972,Unknown,,stevebarclay.bsky.social,SteveBarclay
5315,26554,Lee Barron,Lee Barron,False,True,,Male,,,,Labour,,,,https://www.theyworkforyou.com/mp/26554/lee_barron/corby_and_east_northamptonshire,1970,Unknown,,,LeeBarronMP
5175,26402,Alex Barros-Curtis,Alex Barros-Curtis,True,True,,Male,,,,Labour,,,,https://www.theyworkforyou.com/mp/26402/alex_barros-curtis/cardiff_west,1986,Unknown,,abarroscurtis.bsky.social,ABarrosCurtis
5339,26619,Danny Beales,Danny Beales,True,True,,Male,,,,Labour,,,,https://www.theyworkforyou.com/mp/26619/danny_beales/uxbridge_and_south_ruislip,1988,Unknown,,dannybealesmp.bsky.social,DannyBeales
5330,26625,Peter Bedford,Peter Bedford,False,True,,Male,,,,Conservative,,,,https://www.theyworkforyou.com/mp/26625/peter_bedford/mid_leicestershire,1986,Minority,Anglo-Indian,,PeterABedford
5069,26331,Torsten Bell,Torsten Bell,True,True,,Male,,,,Labour,,,,https://www.theyworkforyou.com/mp/26331/torsten_bell/swansea_west,1982,Unknown,,torstenbell.bsky.social,TorstenBell
413,10669,Hilary Benn,Hilary Benn,False,True,,Male,,,,Labour,hilarybenn4leedscentral,,,https://www.theyworkforyou.com/mp/10669/hilary_benn/leeds_south,1953,Unknown,,,hilarybennmp
394,10045,Clive Betts,Clive Betts,False,True,,Male,,,,Labour,clive.betts.sheffieldse,,,https://www.theyworkforyou.com/mp/10045/clive_betts/sheffield_south_east,1950,Unknown,,,
4818,25847,Saqib Bhatti,Saqib Bhatti,True,True,,Male,,,,Conservative,,,,https://www.theyworkforyou.com/mp/25847/saqib_bhatti/meriden_and_solihull_east,1985,Minority,British Pakistani,saqibbhattimp.bsky.social,bhatti_saqib
5323,26574,Matt Bishop,Matt Bishop,False,True,,Male,,,,Labour,,,,https://www.theyworkforyou.com/mp/26574/matt_bishop/forest_of_dean,,Unknown,,mattbishopmp.bsky.social,MattBishopMP
4005,24945,Bob Blackman,Bob Blackman,False,True,,Male,,,,Conservative,bobblackmanofficial,,,https://www.theyworkforyou.com/mp/24945/bob_blackman/harrow_east,1956,Unknown,,,BobBlackman
5109,26357,Chris Bloore,Christopher Bloore,True,True,,Male,,,,Labour,,,,https://www.theyworkforyou.com/mp/26357/christopher_bloore/redditch,,Unknown,,chrisbloore.bsky.social,ChrisBloore
5051,26330,Kevin Bonavia,Kevin Bonavia,True,True,,Male,,,,Labour,,,,https://www.theyworkforyou.com/mp/26330/kevin_bonavia/stevenage,1977,Unknown,,kevinbonavia.bsky.social,kevinbonavia
4601,25703,Andrew Bowie,Andrew Bowie,False,True,,Male,,,,Conservative,,,,https://www.theyworkforyou.com/mp/25703/andrew_bowie/west_aberdeenshire_and_kincardine,1987,Unknown,,,AndrewBowie_MP
5045,26339,Jonathan Brash,Jonathan Brash,False,True,,Male,,,,Labour,,,,https://www.theyworkforyou.com/mp/26339/jonathan_brash/hartlepool,,Unknown,,jonathanbrashmp.bsky.social,JonathanBrash
5128,26368,Phil Brickell,Phil Brickell,True,True,,Male,,,,Labour,,,,https://www.theyworkforyou.com/mp/26368/phil_brickell/bolton_west,1986,Unknown,,philbrickellmp.bsky.social,Phil_Brickell
1446,10761,Chris Bryant,Chris Bryant,False,True,,Male,,,,Labour,Chris4Rhondda,,,https://www.theyworkforyou.com/mp/10761/chris_bryant/rhondda_and_ogmore,1962,Unknown,,chrisbryant1962.bsky.social,RhonddaBryant
4613,25659,Alex Burghart,Alex Burghart,True,True,,Male,,,,Conservative,,,,https://www.theyworkforyou.com/mp/25659/alex_burghart/brentwood_and_ongar,1977,Unknown,,,alexburghart
4493,25391,Richard Burgon,Richard Burgon,True,True,,Male,,,,Labour,RichardBurgonForEastLeeds,,,https://www.theyworkforyou.com/mp/25391/richard_burgon/leeds_east,1980,Unknown,,richardburgon.bsky.social,richardburgon
5106,26442,David Burton-Sampson,David Burton-Sampson,False,True,,Male,,,,Labour,,,,https://www.theyworkforyou.com/mp/26442/david_burton-sampson/southend_west_and_leigh,1977,Minority,Black British/White British (Mixed),davidbsampson.bsky.social,DavidBSampson
4831,25816,Ian Byrne,Ian Byrne,False,True,,Male,,,,Labour,,,,https://www.theyworkforyou.com/mp/25816/ian_byrne/liverpool_west_derby,1972,Unknown,,,IanByrneMP
1171,11360,Liam Byrne,Liam Byrne,False,True,,Male,,,,Labour,LiamByrneHodgeHill,,,https://www.theyworkforyou.com/mp/11360/liam_byrne/birmingham_hodge_hill_and_solihull_north,1970,Unknown,,liambyrnemp.bsky.social,LiamByrneMP
529,10086,Alan Campbell,Alan Campbell,False,True,,Male,,,,Labour,AlanCampbellMP,,,https://www.theyworkforyou.com/mp/10086/alan_campbell/tynemouth,1957,Unknown,,,alancampbellmp
1409,10780,Gregory Campbell,Gregory Campbell,False,True,,Male,,,,Democratic Unionist Party,gregory.campbell.549,,,https://www.theyworkforyou.com/mp/10780/gregory_campbell/east_londonderry,1953,Unknown,,,
5124,26485,Markus Campbell-Savours,Markus Campbell-Savours,True,True,,Male,,,,Labour,,,,https://www.theyworkforyou.com/mp/26485/markus_campbell-savours/penrith_and_solway,1981,Unknown,,campbellsavours.bsky.social,MCSavours
4651,25642,Dan Carden,Dan Carden,True,True,,Male,,,,Labour,,,,https://www.theyworkforyou.com/mp/25642/dan_carden/liverpool_walton,1986,Unknown,,dancardenmp.bsky.social,DanCardenMP
5308,26558,Sam Carling,Sam Carling,False,True,,Male,,,,Labour,,,,https://www.theyworkforyou.com/mp/26558/sam_carling/north_west_cambridgeshire,2002,Unknown,,samcarling.bsky.social,sam_carling_
1442,10785,Alistair Carmichael,Alistair Carmichael,False,True,,Male,,,,Liberal Democrat,AlistairForOrkneyandShetland,,,https://www.theyworkforyou.com/mp/10785/alistair_carmichael/orkney_and_shetland,1965,Unknown,,amcarmichaelmp.bsky.social,amcarmichaelMP
5235,26599,Al Carns,Alistair Carns,True,True,,Male,,,,Labour,,,,https://www.theyworkforyou.com/mp/26599/alistair_carns/birmingham_selly_oak,1980,Unknown,,alcarns.bsky.social,AlistairCarns
4519,25414,James Cartlidge,James Cartlidge,True,True,,Male,,,,Conservative,james4southsuffolk,,,https://www.theyworkforyou.com/mp/25414/james_cartlidge/south_suffolk,1974,Unknown,,,jcartlidgemp
5284,26518,David Chadwick,David Chadwick,False,True,,Male,,,,Liberal Democrat,,,,https://www.theyworkforyou.com/mp/26518/david_chadwick/brecon%2C_radnor_and_cwm_tawe,1991,Unknown,,,LibDemDavid
5304,26607,Danny Chambers,Danny Chambers,False,True,,Male,,,,Liberal Democrat,,,,https://www.theyworkforyou.com/mp/26607/danny_chambers/winchester,1982,Unknown,,dannychambers.bsky.social,DannyVet
4610,25676,Bambos Charalambous,Bambos Charalambous,True,True,,Male,,,,Labour,,,,https://www.theyworkforyou.com/mp/25676/bambos_charalambous/southgate_and_wood_green,1967,Minority,British Cypriot,bambosmp.bsky.social,BambosMP
5199,26480,Luke Charters,Luke Charters,False,True,,Male,,,,Labour,,,,https://www.theyworkforyou.com/mp/26480/luke_charters/york_outer,1995,Unknown,,lukecharters.bsky.social,lukejcr
242,10103,Christopher Chope,Christopher Chope,True,True,,Male,,,,Conservative,,,,https://www.theyworkforyou.com/mp/10103/christopher_chope/christchurch,1947,Unknown,,,
4366,25376,James Cleverly,James Cleverly,False,True,,Male,,,,Conservative,james.cleverly,,,https://www.theyworkforyou.com/mp/25376/james_cleverly/braintree,1969,Minority,Black British/White British (Mixed),,jamescleverly
249,10119,Geoffrey Clifton-Brown,Geoffrey Clifton-Brown,False,True,,Male,,,,Conservative,geoffreycliftonbrown,,,https://www.theyworkforyou.com/mp/10119/geoffrey_clifton-brown/north_cotswolds,1953,Unknown,,,Clifton_BrownG
5050,26316,Lewis Cocking,Lewis Cocking,False,True,,Male,,,,Conservative,,,,https://www.theyworkforyou.com/mp/26316/lewis_cocking/broxbourne,1992,Unknown,,,_lewiscocking
5198,26445,Chris Coghlan,Chris Coghlan,True,True,,Male,,,,Liberal Democrat,,,,https://www.theyworkforyou.com/mp/26445/chris_coghlan/dorking_and_horley,,Unknown,,chriscoghlanmp.bsky.social,_Chris_Coghlan
5344,26602,Ben Coleman,Ben Coleman,False,True,,Male,,,,Labour,,,,https://www.theyworkforyou.com/mp/26602/ben_coleman/chelsea_and_fulham,,Unknown,,chelfulhamben.bsky.social,ChelFulhamBen
5077,26382,Jacob Collier,Jacob Collier,False,True,,Male,,,,Labour,,,,https://www.theyworkforyou.com/mp/26382/jacob_collier/burton_and_uttoxeter,1997,Unknown,,jacobcolliermp.bsky.social,JacobCollierMP
5087,26351,Tom Collins,Tom Collins,False,True,,Male,,,,Labour,,,,https://www.theyworkforyou.com/mp/26351/tom_collins/worcester,,Unknown,,tomcollinsworcs.bsky.social,tomcollinsworcs
5132,26401,Liam Conlon,Liam Conlon,False,True,,Male,,,,Labour,,,,https://www.theyworkforyou.com/mp/26401/liam_conlon/beckenham_and_penge,1988,Unknown,,liamconlon.bsky.social,LiamConlon2
5195,26447,Andrew Cooper,Andrew Cooper,False,True,,Male,,,,Labour,,,,https://www.theyworkforyou.com/mp/26447/andrew_cooper/mid_cheshire,1984,Unknown,,andrewcooper.net,GoAndrCoop
5358,26634,John Cooper,John Cooper,False,True,,Male,,,,Conservative,,,,https://www.theyworkforyou.com/mp/26634/john_cooper/dumfries_and_galloway,1966,Unknown,,john-cooper-mp.bsky.social,JohnCooperDG
185,10133,Jeremy Corbyn,Jeremy Corbyn,False,True,,Male,,,,Independent,JeremyCorbynMP,,,https://www.theyworkforyou.com/mp/10133/jeremy_corbyn/islington_north,1949,Unknown,,jeremycorbyn.bsky.social,jeremycorbyn
4439,25413,Alberto Costa,Alberto Costa,False,True,,Male,,,,Conservative,AlbertoCostaOfficial,,,https://www.theyworkforyou.com/mp/25413/alberto_costa/south_leicestershire,1971,Unknown,,,albertocostamp
1508,11541,Geoffrey Cox,Geoffrey Cox,False,True,,Male,,,,Conservative,,,,https://www.theyworkforyou.com/mp/11541/geoffrey_cox/torridge_and_tavistock,1960,Unknown,,,Geoffrey_Cox
4368,25326,Neil Coyle,Neil Coyle,False,True,,Male,,,,Labour,NeilCoyleMP,,,https://www.theyworkforyou.com/mp/25326/neil_coyle/bermondsey_and_old_southwark,1978,Unknown,,coyleneil.bsky.social,coyleneil
5246,26500,Torcuil Crichton,Torcuil Crichton,True,True,,Male,,,,Labour,,,,https://www.theyworkforyou.com/mp/26500/torcuil_crichton/na_h-eileanan_an_iar,1964,Unknown,,,Torcuil
5118,26396,Chris Curtis,Chris Curtis,False,True,,Male,,,,Labour,,,,https://www.theyworkforyou.com/mp/26396/chris_curtis/milton_keynes_north,1994,Unknown,,chriscurtis94.bsky.social,
4056,24798,Nicholas Dakin,Nicholas Dakin,True,True,,Male,,,,Labour,Nic-Dakin-186874346397,,,https://www.theyworkforyou.com/mp/24798/nicholas_dakin/scunthorpe,1955,Unknown,,,NicDakin55
5191,26459,Adam Dance,Adam Dance,False,True,,Male,,,,Liberal Democrat,,,,https://www.theyworkforyou.com/mp/26459/adam_dance/yeovil,1992,Unknown,,adamjamesdance.bsky.social,Adamjamesdance
5066,26349,Steve Darling,Steve Darling,False,True,,Male,,,,Liberal Democrat,,,,https://www.theyworkforyou.com/mp/26349/steve_darling/torbay,1969,Unknown,,stevedarlingmp.bsky.social,SteveDarlingMP
188,10155,Ed Davey,Edward Davey,False,True,,Male,,,,Liberal Democrat,,,,https://www.theyworkforyou.com/mp/10155/edward_davey/kingston_and_surbiton,1965,Unknown,,eddavey.libdems.org.uk,EdwardJDavey
4850,25858,Gareth Davies,Gareth Davies,False,True,,Male,,,,Conservative,,,,https://www.theyworkforyou.com/mp/25858/gareth_davies/grantham_and_bourne,1984,Unknown,,,GarethDavies_MP
5256,26557,Jonathan Davies,Jonathan Davies,False,True,,Male,,,,Labour,,,,https://www.theyworkforyou.com/mp/26557/jonathan_davies/mid_derbyshire,,Unknown,,jonathandaviesmp.bsky.social,Jonathan4MD
5317,26537,Paul Davies,Paul Davies,False,True,,Male,,,,Labour,,,,https://www.theyworkforyou.com/mp/26537/paul_davies/colne_valley,1957,Unknown,,pauldaviesmp.bsky.social,PaulDaviesPembs
5041,26332,Shaun Davies,Shaun Davies,False,True,,Male,,,,Labour,,,,https://www.theyworkforyou.com/mp/26332/shaun_davies/telford,,Unknown,,shaundaviesmp.bsky.social,ShaunDaviesMP
373,10162,David Davis,David Davis,False,True,,Male,,,,Conservative,,,,https://www.theyworkforyou.com/mp/10162/david_davis/goole_and_pocklington,1948,Unknown,,,DavidDavisMP
5083,26371,Bobby Dean,Bobby Dean,False,True,,Male,,,,Liberal Democrat,,,,https://www.theyworkforyou.com/mp/26371/bobby_dean/carshalton_and_wallington,1989,Unknown,,bobbywdean.bsky.social,Bobby_Dean
5187,26456,Josh Dean,Josh Dean,False,True,,Male,,,,Labour,,,,https://www.theyworkforyou.com/mp/26456/josh_dean/hertford_and_stortford,1999,Unknown,,joshdeanmp.bsky.social,JoshDeanMP
5169,26461,Charlie Dewhirst,Charlie Dewhirst,True,True,,Male,,,,Conservative,,,,https://www.theyworkforyou.com/mp/26461/charlie_dewhirst/bridlington_and_the_wolds,1980,Unknown,,,charliedewhirst
,25695,Tan Dhesi,Tan Dhesi,True,True,,Male,,,,Labour,tandhesi,,,https://www.theyworkforyou.com/mp/25695/tan_dhesi/slough,1978,Minority,British Indian,tandhesi.bsky.social,TanDhesi
5223,26547,Jim Dickson,Jim Dickson,False,True,,Male,,,,Labour,,,,https://www.theyworkforyou.com/mp/26547/jim_dickson/dartford,1964,Unknown,,jimdickson.bsky.social,Jim4Dartford
5310,26584,Lee Dillon,Lee Dillon,False,True,,Male,,,,Liberal Democrat,,,,https://www.theyworkforyou.com/mp/26584/lee_dillon/newbury,1983,Unknown,,leedillonmp.bsky.social,LeeRJdillon
4736,25796,Dave Doogan,Dave Doogan,True,True,,Male,,,,Scottish National Party,,,,https://www.theyworkforyou.com/mp/25796/dave_doogan/angus_and_perthshire_glens,1973,Unknown,,davedooganmp.bsky.social,DaveDooganSNP
4264,25166,Stephen Doughty,Stephen Doughty,False,True,,Male,,,,Labour (Co-op),StephenDoughtyMP,,,https://www.theyworkforyou.com/mp/25166/stephen_doughty/cardiff_south_and_penarth,1980,Unknown,,sdoughtymp.bsky.social,SDoughtyMP
4397,25309,Peter Dowd,Peter Dowd,False,True,,Male,,,,Labour,PeterDowdBootle,,,https://www.theyworkforyou.com/mp/25309/peter_dowd/bootle,1957,Unknown,,,peter_dowd
4441,25323,Oliver Dowden,Oliver Dowden,True,True,,Male,,,,Conservative,oliverdowdenhertsmere,,,https://www.theyworkforyou.com/mp/25323/oliver_dowden/hertsmere,1978,Unknown,,,OliverDowden
5275,26503,Graeme Downie,Graeme Downie,True,True,,Male,,,,Labour,,,,https://www.theyworkforyou.com/mp/26503/graeme_downie/dunfermline_and_dollar,1980,Unknown,,graemedowniemp.bsky.social,GraemeDownieMP
152,10180,Iain Duncan Smith,Iain Duncan Smith,False,True,,Male,,,,Conservative,iainduncansmithmp,,,https://www.theyworkforyou.com/mp/10180/iain_duncan_smith/chingford_and_woodford_green,1954,Unknown,,,MPIainDS
5359,26633,Neil Duncan-Jordan,Neil Duncan-Jordan,False,True,,Male,,,,Labour,,,,https://www.theyworkforyou.com/mp/26633/neil_duncan-jordan/poole,,Unknown,,neilduncanjordan.bsky.social,NeilForPoole
5262,13780,Alex Easton,Alex Easton,False,True,,Male,,,,Independent,,,,https://www.theyworkforyou.com/mp/13780/alex_easton/north_down,1969,Unknown,,,
4846,25130,Colum Eastwood,Colum Eastwood,True,True,,Male,,,,Social Democratic & Labour Party,,,,https://www.theyworkforyou.com/mp/25130/colum_eastwood/foyle,1983,Unknown,,columeastwood.ie,columeastwood
165,10185,Clive Efford,Clive Efford,True,True,,Male,,,,Labour,clive.efford,,,https://www.theyworkforyou.com/mp/10185/clive_efford/eltham_and_chislehurst,1958,Unknown,,cliveefford.bsky.social,CliveEfford
5010,26287,Damien Egan,Damien Egan,False,True,,Male,,,,Labour,,,,https://www.theyworkforyou.com/mp/26287/damien_egan/bristol_north_east,1982,Unknown,,,damienegan
4572,25490,Chris Elmore,Chris Elmore,False,True,,Male,,,,Labour,ChrisElmoreMP,,,https://www.theyworkforyou.com/mp/25490/chris_elmore/bridgend,1983,Unknown,,chriselmoremp.bsky.social,cpjelmore
4061,24905,Bill Esterson,Bill Esterson,True,True,,Male,,,,Labour,BillEsterson4SeftonCentral,,,https://www.theyworkforyou.com/mp/24905/bill_esterson/sefton_central,1966,Unknown,,billesterson.bsky.social,Bill_Esterson
4040,24721,Chris Evans,Chris Evans,False,True,,Male,,,,Labour (Co-op),ChrisEvansforIslwyn,,,https://www.theyworkforyou.com/mp/24721/chris_evans/caerphilly,1977,Unknown,,,Chris_EvansMP
4781,25805,Luke Evans,Luke Evans,False,True,,Male,,,,Conservative,,,,https://www.theyworkforyou.com/mp/25805/luke_evans/hinckley_and_bosworth,1983,Unknown,,drlukeevans.org.uk,drlukeevans
5148,26446,Hamish Falconer,Hamish Falconer,False,True,,Male,,,,Labour,,,,https://www.theyworkforyou.com/mp/26446/hamish_falconer/lincoln,1985,Unknown,,mphamishfalconer.bsky.social,HFalconerMP
5091,26352,Nigel Farage,Nigel Farage,False,True,,Male,,,,Reform UK,,,,https://www.theyworkforyou.com/mp/26352/nigel_farage/clacton,1964,Unknown,,,Nigel_Farage
1591,11923,Tim Farron,Tim Farron,True,True,,Male,,,,Liberal Democrat,timfarronmp,,,https://www.theyworkforyou.com/mp/11923/tim_farron/westmorland_and_lonsdale,1970,Unknown,,timfarron.bsky.social,timfarron
5295,26545,Josh Fenton-Glynn,Josh Fenton-Glynn,False,True,,Male,,,,Labour,,,,https://www.theyworkforyou.com/mp/26545/josh_fenton-glynn/calder_valley,,Unknown,,joshfg.bsky.social,JoshFG
5031,26310,Mark Ferguson,Mark Ferguson,False,True,,Male,,,,Labour,,,,https://www.theyworkforyou.com/mp/26310/mark_ferguson/gateshead_central_and_whickham,1985,Unknown,,markfergusonmp.bsky.social,MarkFergusonMP
4823,25821,John Finucane,John Finucane,True,True,,Male,,,,Sinn Féin,,,,https://www.theyworkforyou.com/mp/25821/john_finucane/belfast_north,1980,Unknown,,,johnfinucane
4735,25867,Stephen Flynn,Stephen Flynn,False,True,,Male,,,,Scottish National Party,,,,https://www.theyworkforyou.com/mp/25867/stephen_flynn/aberdeen_south,1988,Unknown,,,StephenFlynnSNP
4942,26086,Richard Foord,Richard Foord,True,True,,Male,,,,Liberal Democrat,,,,https://www.theyworkforyou.com/mp/26086/richard_foord/honiton_and_sidmouth,1978,Unknown,,richardfoordld.bsky.social,RichardFoordLD
5322,26560,Will Forster,Will Forster,False,True,,Male,,,,Liberal Democrat,,,,https://www.theyworkforyou.com/mp/26560/will_forster/woking,1986,Unknown,,willforster.bsky.social,WillForster
5209,26027,Peter Fortune,Peter Fortune,False,True,,Male,,,,Conservative,,,,https://www.theyworkforyou.com/mp/26027/peter_fortune/bromley_and_biggin_hill,1978,Unknown,,,PeterTFortune
5074,26487,Paul Foster,Paul Foster,False,True,,Male,,,,Labour,,,,https://www.theyworkforyou.com/mp/26487/paul_foster/south_ribble,1973,Unknown,,,PaulFosterMP
5101,26370,Ashley Fox,Ashley Fox,False,True,,Male,,,,Conservative,,,,https://www.theyworkforyou.com/mp/26370/ashley_fox/bridgwater,1969,Unknown,,,Ashley7Fox
5184,26493,Daniel Francis,Daniel Francis,False,True,,Male,,,,Labour,,,,https://www.theyworkforyou.com/mp/26493/daniel_francis/bexleyheath_and_crayford,,Unknown,,danfrancis02.bsky.social,danfrancis02
1444,10901,Mark Francois,Mark Francois,False,True,,Male,,,,Conservative,,,,https://www.theyworkforyou.com/mp/10901/mark_francois/rayleigh_and_wickford,1965,Unknown,,,
4020,24817,George Freeman,George Freeman,False,True,,Male,,,,Conservative,GeorgeFreemanMidNorfolk,,,https://www.theyworkforyou.com/mp/24817/george_freeman/mid_norfolk,1967,Unknown,,georgefreemanmp.bsky.social,MPGeorgeFreeman
4932,26055,Louie French,Louie French,False,True,,Male,,,,Conservative,,,,https://www.theyworkforyou.com/mp/26055/louie_french/old_bexley_and_sidcup,1988,Unknown,,,louie_french
4637,25622,James Frith,James Frith,False,True,,Male,,,,Labour,JamesFrithBury,,,https://www.theyworkforyou.com/mp/25622/james_frith/bury_north,1977,Unknown,,,JamesFrith
3912,24787,Richard Fuller,Richard Fuller,False,True,,Male,,,,Conservative,,,,https://www.theyworkforyou.com/mp/24787/richard_fuller/north_bedfordshire,,Unknown,,,
87,10217,Roger Gale,Roger Gale,False,True,,Male,,,,Conservative,north.thanet.roger.gale,,,https://www.theyworkforyou.com/mp/10217/roger_gale/herne_bay_and_sandwich,1943,Unknown,,,SirRogerGale
146,10220,Barry Gardiner,Barry Gardiner,False,True,,Male,,,,Labour,,,,https://www.theyworkforyou.com/mp/10220/barry_gardiner/brent_west,1957,Unknown,,,BarryGardiner
4074,24824,Mark Garnier,Mark Garnier,False,True,,Male,,,,Conservative,markrtgarnier,,,https://www.theyworkforyou.com/mp/24824/mark_garnier/wyre_forest,1963,Unknown,,,Mark4WyreForest
5185,26476,Alan Gemmell,Alan Gemmell,True,True,,Male,,,,Labour,,,,https://www.theyworkforyou.com/mp/26476/alan_gemmell/central_ayrshire,1978,Unknown,,alangemmell.bsky.social,alangemmell
227,10222,Andrew George,Andrew George,False,True,,Male,,,,Liberal Democrat,Andrew.George.Cornwall,,,https://www.theyworkforyou.com/mp/10222/andrew_george/st_ives,1958,Unknown,,,AndrewGeorge_
4434,25324,Stephen Gethins,Stephen Gethins,True,True,,Male,,,,Scottish National Party,StephenGethinsSNP,,,https://www.theyworkforyou.com/mp/25324/stephen_gethins/arbroath_and_broughty_ferry,1976,Unknown,,stephengethins.bsky.social,stephengethins
4051,24839,John Glen,John Glen,False,True,,Male,,,,Conservative,johnglenmp,,,https://www.theyworkforyou.com/mp/24839/john_glen/salisbury,1974,Unknown,,,JohnGlenUK
5318,26572,Olly Glover,Olly Glover,False,True,,Male,,,,Liberal Democrat,,,,https://www.theyworkforyou.com/mp/26572/olly_glover/didcot_and_wantage,,Unknown,,ollyglover.bsky.social,OllyGloverLD
5205,26530,Ben Goldsborough,Ben Goldsborough,True,True,,Male,,,,Labour,,,,https://www.theyworkforyou.com/mp/26530/ben_goldsborough/south_norfolk,1990,Unknown,,bengoldsborough.bsky.social,
5032,26312,Tom Gordon,Tom Gordon,False,True,,Male,,,,Liberal Democrat,,,,https://www.theyworkforyou.com/mp/26312/tom_gordon/harrogate_and_knaresborough,,Unknown,,tomgordonld.bsky.social,tomgordonLD
5170,26426,John Grady,John Grady,False,True,,Male,,,,Labour,,,,https://www.theyworkforyou.com/mp/26426/john_grady/glasgow_east,,Unknown,,,johnadgrady
4874,25927,Andrew Griffith,Andrew Griffith,False,True,,Male,,,,Conservative,,,,https://www.theyworkforyou.com/mp/25927/andrew_griffith/arundel_and_south_downs,1970,Unknown,,,griffitha
415,10256,Fabian Hamilton,Fabian Hamilton,False,True,,Male,,,,Labour,fabiancampaign,,,https://www.theyworkforyou.com/mp/10256/fabian_hamilton/leeds_north_east,1955,Unknown,,fabianhamilton.bsky.social,FabianLeedsNE
5217,26471,Lloyd Hatton,Lloyd Hatton,False,True,,Male,,,,Labour,,,,https://www.theyworkforyou.com/mp/26471/lloyd_hatton/south_dorset,,Unknown,,,mrhattonMP
350,10265,John Hayes,John Hayes,False,True,,Male,,,,Conservative,,,,https://www.theyworkforyou.com/mp/10265/john_hayes/south_holland_and_the_deepings,1958,Unknown,,,
5210,26566,Tom Hayes,Tom Hayes,False,True,,Male,,,,Labour,,,,https://www.theyworkforyou.com/mp/26566/tom_hayes/bournemouth_east,1983,Unknown,,tomhayesmp.bsky.social,TomHayesBmouth
4636,25154,Chris Hazzard,Christopher Hazzard,False,True,,Male,,,,Sinn Féin,chris.hazzard.77,,,https://www.theyworkforyou.com/mp/25154/christopher_hazzard/south_down,1984,Unknown,,,ChrisHazzardSF
400,10268,John Healey,John Healey,False,True,,Male,,,,Labour,JohnHealeyRotherham,,,https://www.theyworkforyou.com/mp/10268/john_healey/rawmarsh_and_conisbrough,1960,Unknown,,,JohnHealey_MP
473,10682,Mark Hendrick,Mark Hendrick,False,True,,Male,,,,Labour (Co-op),hendrick4preston,,,https://www.theyworkforyou.com/mp/10682/mark_hendrick/preston,1958,Minority,Somali/White British (Mixed),markhendrickmp.bsky.social,MarkHendrick_
5244,26505,Chris Hinchliff,Chris Hinchliff,True,True,,Male,,,,Labour,,,,https://www.theyworkforyou.com/mp/26505/chris_hinchliff/north_east_hertfordshire,1993,Unknown,,chrishinchliff.bsky.social,CHinchliffMP
5264,26522,Jonathan Hinder,Jonathan Hinder,False,True,,Male,,,,Labour,,,,https://www.theyworkforyou.com/mp/26522/jonathan_hinder/pendle_and_clitheroe,1991,Unknown,,,Jonathan_Hinder
3969,24782,Damian Hinds,Damian Hinds,False,True,,Male,,,,Conservative,damian.hinds,,,https://www.theyworkforyou.com/mp/24782/damian_hinds/east_hampshire,1969,Unknown,,,DamianHinds
4494,25427,Simon Hoare,Simon Hoare,False,True,,Male,,,,Conservative,simonhoarenorthdorset,,,https://www.theyworkforyou.com/mp/25427/simon_hoare/north_dorset,1969,Unknown,,,simon4ndorset
4813,25893,Richard Holden,Richard Holden,False,True,,Male,,,,Conservative,,,,https://www.theyworkforyou.com/mp/25893/richard_holden/basildon_and_billericay,1985,Unknown,,,RicHolden
4474,25415,Kevin Hollinrake,Kevin Hollinrake,True,True,,Male,,,,Conservative,kevin.hollinrake,,,https://www.theyworkforyou.com/mp/25415/kevin_hollinrake/thirsk_and_malton,1963,Unknown,,,kevinhollinrake
4803,25808,Paul Holmes,Paul Holmes,False,True,,Male,,,,Conservative,,,,https://www.theyworkforyou.com/mp/25808/paul_holmes/hamble_valley,1988,Unknown,,,pauljholmes
467,10295,Lindsay Hoyle,Lindsay Hoyle,False,True,,Male,,,,Speaker,LindsayHoyle4Chorley,,,https://www.theyworkforyou.com/mp/10295/lindsay_hoyle/chorley,1957,Unknown,,commonsspeaker.parliament.uk,LindsayHoyle_MP
4407,25381,Nigel Huddleston,Nigel Huddleston,True,True,,Male,,,,Conservative,NigelHuddlestonPPC,,,https://www.theyworkforyou.com/mp/25381/nigel_huddleston/droitwich_and_evesham,1970,Unknown,,,huddlestonnigel
4853,25875,Neil Hudson,Neil Hudson,False,True,,Male,,,,Conservative,,,,https://www.theyworkforyou.com/mp/25875/neil_hudson/epping_forest,1969,Unknown,,,DrNeilHudson
5292,26470,Dáire Hughes,Dáire Hughes,True,True,,Male,,,,Sinn Féin,,,,https://www.theyworkforyou.com/mp/26470/daire_hughes/newry_and_armagh,1989,Unknown,,,DaireHughesSF
1572,11859,Jeremy Hunt,Jeremy Hunt,False,True,,Male,,,,Conservative,jeremyhuntsws,,,https://www.theyworkforyou.com/mp/11859/jeremy_hunt/godalming_and_ash,1966,Unknown,,jeremyhuntmp.bsky.social,Jeremy_Hunt
5052,26463,Patrick Hurley,Patrick Hurley,False,True,,Male,,,,Labour,,,,https://www.theyworkforyou.com/mp/26463/patrick_hurley/southport,1976,Unknown,,patrickhurley.bsky.social,
5231,26595,Adnan Hussain,Adnan Hussain,False,True,,Male,,,,Independent,,,,https://www.theyworkforyou.com/mp/26595/adnan_hussain/blackburn,1989,Minority,British Pakistani,,AdnanHussainMP
4394,25375,Imran Hussain,Imran Hussain,False,True,,Male,,,,Labour,Imran-Hussain-MP,,,https://www.theyworkforyou.com/mp/25375/imran_hussain/bradford_east,,Minority,British Pakistani,imranhussainmp.bsky.social,Imran_HussainMP
4243,25067,Dan Jarvis,Dan Jarvis,False,True,,Male,,,,Labour,dowjarvis,,,https://www.theyworkforyou.com/mp/25067/dan_jarvis/barnsley_north,1972,Unknown,,danjarvismp.bsky.social,DanJarvisMBE
40,10312,Bernard Jenkin,Bernard Jenkin,True,True,,Male,,,,Conservative,bernardjenkin,,,https://www.theyworkforyou.com/mp/10312/bernard_jenkin/harwich_and_north_essex,1959,Unknown,,,bernardjenkin
4320,25227,Robert Jenrick,Robert Jenrick,True,True,,Male,,,,Reform UK,RobertJenrickNewark,,,https://www.theyworkforyou.com/mp/25227/robert_jenrick/newark,1982,Unknown,,,RobertJenrick
5338,26616,Terry Jermy,Terry Jermy,True,True,,Male,,,,Labour,,,,https://www.theyworkforyou.com/mp/26616/terry_jermy/south_west_norfolk,1985,Unknown,,terryjermymp.bsky.social,TerryJermyMP
5168,26541,Adam Jogee,Adam Jogee,True,True,,Male,,,,Labour,,,,https://www.theyworkforyou.com/mp/26541/adam_jogee/newcastle-under-lyme,,Minority,Black British/White British (Mixed),adamjogee.bsky.social,Ajogee
5207,26377,Clive Jones,Clive Jones,False,True,,Male,,,,Liberal Democrat,,,,https://www.theyworkforyou.com/mp/26377/clive_jones/wokingham,,Unknown,,clivejonesmp.bsky.social,CliveJonesMP
4621,25637,Darren Jones,Darren Jones,False,True,,Male,,,,Labour,darrenjonesmp,,,https://www.theyworkforyou.com/mp/25637/darren_jones/bristol_north_west,1986,Unknown,,darrenpjones.bsky.social,darrenpjones
4501,25289,Gerald Jones,Gerald Jones,False,True,,Male,,,,Labour,GeraldJonesLabour,,,https://www.theyworkforyou.com/mp/25289/gerald_jones/merthyr_tydfil_and_aberdare,1970,Unknown,,geraldjoneslabour.bsky.social,geraldjoneslab
5332,26573,Lincoln Jopp,Lincoln Jopp,True,True,,Male,,,,Conservative,,,,https://www.theyworkforyou.com/mp/26573/lincoln_jopp/spelthorne,1968,Unknown,,,LincolnJopp
,26348,Gurinder Josan,Gurinder Josan,True,True,,Male,,,,Labour,,,,https://www.theyworkforyou.com/mp/26348/gurinder_josan/smethwick,1972,Minority,British Indian,,gsjosan
5247,26578,Sojan Joseph,Sojan Joseph,True,True,,Male,,,,Labour,,,,https://www.theyworkforyou.com/mp/26578/sojan_joseph/ashford,,Minority,British Indian,sojanjosephmp.bsky.social,sojanuk
5230,26533,Warinder Juss,Warinder Juss,True,True,,Male,,,,Labour,,,,https://www.theyworkforyou.com/mp/26533/warinder_juss/wolverhampton_west,,Minority,British Indian,warinderjussmp.bsky.social,
4316,25220,Mike Kane,Mike Kane,False,True,,Male,,,,Labour,mikekanemp,,,https://www.theyworkforyou.com/mp/25220/mike_kane/wythenshawe_and_sale_east,1969,Unknown,,mikekanemp.bsky.social,MikeKaneMP
4671,25662,Afzal Khan,Afzal Khan,True,True,,Male,,,,Labour,,,,https://www.theyworkforyou.com/mp/25662/afzal_khan/manchester_rusholme,,Minority,British Pakistani,afzalkhanmcr.bsky.social,
5357,26631,Ayoub Khan,Ayoub Khan,True,True,,Male,,,,Independent,,,,https://www.theyworkforyou.com/mp/26631/ayoub_khan/birmingham_perry_barr,1973,Minority,British Pakistani,,AyoubKhanMP
4359,25297,Stephen Kinnock,Stephen Kinnock,True,True,,Male,,,,Labour,stephenkinnock,,,https://www.theyworkforyou.com/mp/25297/stephen_kinnock/aberafan_maesteg,1970,Unknown,,skinnock.bsky.social,skinnock
5321,26570,Paul Kohler,Paul Kohler,False,True,,Male,,,,Liberal Democrat,,,,https://www.theyworkforyou.com/mp/26570/paul_kohler/wimbledon,1959,Unknown,,paulkohlersw19.bsky.social,PaulKohlerSW19
4858,25913,Danny Kruger,Danny Kruger,False,True,,Male,,,,Reform UK,,,,https://www.theyworkforyou.com/mp/25913/danny_kruger/east_wiltshire,1974,Unknown,,,danny__kruger
4505,25418,Peter Kyle,Peter Kyle,False,True,,Male,,,,Labour,hoveandportslade,,,https://www.theyworkforyou.com/mp/25418/peter_kyle/hove_and_portslade,1970,Unknown,,,peterkyle
4630,25669,Ben Lake,Ben Lake,False,True,,Male,,,,Plaid Cymru,,,,https://www.theyworkforyou.com/mp/25669/ben_lake/ceredigion_preseli,1993,Unknown,,benlake.bsky.social,
5345,26612,Peter Lamb,Peter Lamb,False,True,,Male,,,,Labour,,,,https://www.theyworkforyou.com/mp/26612/peter_lamb/crawley,,Unknown,,delivering4crawley.bsky.social,PeterKLamb
206,10678,David Lammy,David Lammy,True,True,,Male,,,,Labour,DavidLammyTottenham,,,https://www.theyworkforyou.com/mp/10678/david_lammy/tottenham,1972,Minority,Black British,,DavidLammy
4608,14026,John Lamont,John Lamont,False,True,,Male,,,,Conservative,JohnLamontBorders,,,https://www.theyworkforyou.com/mp/14026/john_lamont/berwickshire%2C_roxburgh_and_selkirk,1976,Unknown,,,John2Win
4139,24963,Ian Lavery,Ian Lavery,True,True,,Male,,,,Labour,IanLaveryMP,,,https://www.theyworkforyou.com/mp/24963/ian_lavery/blyth_and_ashington,1963,Unknown,,laverymp.bsky.social,IanLaveryMP
4403,25270,Chris Law,Chris Law,False,True,,Male,,,,Scottish National Party,ChrisLawSNP,,,https://www.theyworkforyou.com/mp/25270/chris_law/dundee_central,1969,Unknown,,,chrislawsnp
5302,26513,Noah Law,Noah Law,False,True,,Male,,,,Labour,,,,https://www.theyworkforyou.com/mp/26513/noah_law/st_austell_and_newquay,1994,Unknown,,noahlawmp.bsky.social,
5277,26499,Graham Leadbitter,Graham Leadbitter,True,True,,Male,,,,Scottish National Party,,,,https://www.theyworkforyou.com/mp/26499/graham_leadbitter/moray_west%2C_nairn_and_strathspey,,Unknown,,grahamleadbitter.bsky.social,GrahamSNP
345,10352,Edward Leigh,Edward Leigh,False,True,,Male,,,,Conservative,,,,https://www.theyworkforyou.com/mp/10352/edward_leigh/gainsborough,1950,Unknown,,,EdwardLeighGB
5196,26492,Brian Leishman,Brian Leishman,True,True,,Male,,,,Labour,,,,https://www.theyworkforyou.com/mp/26492/brian_leishman/alloa_and_grangemouth,1982,Unknown,,brianleishmanmp.bsky.social,BrianLeishmanMP
5061,26376,Andrew Lewin,Andrew Lewin,False,True,,Male,,,,Labour,,,,https://www.theyworkforyou.com/mp/26376/andrew_lewin/welwyn_hatfield,1987,Unknown,,andrewlewinmp.bsky.social,
4500,25356,Clive Lewis,Clive Lewis,False,True,,Male,,,,Labour,labourclivelewis,,,https://www.theyworkforyou.com/mp/25356/clive_lewis/norwich_south,1971,Minority,Black British/White British (Mixed),labourlewis.bsky.social,labourlewis
54,10358,Julian Lewis,Julian Lewis,False,True,,Male,,,,Conservative,,,,https://www.theyworkforyou.com/mp/10358/julian_lewis/new_forest_east,1951,Unknown,,,
4943,26085,Simon Lightwood,Simon Lightwood,True,True,,Male,,,,Labour (Co-op),,,,https://www.theyworkforyou.com/mp/26085/simon_lightwood/wakefield_and_rothwell,1980,Unknown,,simonlightwood.org.uk,simonlightwood
5280,26534,Seamus Logan,Seamus Logan,False,True,,Male,,,,Scottish National Party,,,,https://www.theyworkforyou.com/mp/26534/seamus_logan/aberdeenshire_north_and_moray_east,1958,Unknown,,,SeamusLoganMP
5158,26361,Rupert Lowe,Rupert Lowe,False,True,,Male,,,,Restore Britain,,,,https://www.theyworkforyou.com/mp/26361/rupert_lowe/great_yarmouth,1957,Unknown,,,RupertLowe10
5033,26321,Josh MacAlister,Josh MacAlister,True,True,,Male,,,,Labour,,,,https://www.theyworkforyou.com/mp/26321/josh_macalister/whitehaven_and_workington,1987,Unknown,,,JoshMacAlister
5265,26581,James MacCleary,James MacCleary,True,True,,Male,,,,Liberal Democrat,,,,https://www.theyworkforyou.com/mp/26581/james_maccleary/lewes,,Unknown,,jamesmaccleary.bsky.social,JamesMacCleary
5362,26637,Angus MacDonald,Angus MacDonald,False,True,,Male,,,,Liberal Democrat,,,,https://www.theyworkforyou.com/mp/26637/angus_macdonald/inverness%2C_skye_and_west_ross-shire,1962,Unknown,,angusmacdonaldld.bsky.social,
5134,26391,Andy MacNae,Andy MacNae,True,True,,Male,,,,Labour,,,,https://www.theyworkforyou.com/mp/26391/andy_macnae/rossendale_and_darwen,1965,Unknown,,andymacnaemp.bsky.social,AndyMacNaeMP
4418,25378,Justin Madders,Justin Madders,True,True,,Male,,,,Labour,justinmaddersforepn,,,https://www.theyworkforyou.com/mp/25378/justin_madders/ellesmere_port_and_bromborough,1972,Unknown,,justinmadders.bsky.social,justinmadders
5350,26623,Ben Maguire,Ben Maguire,False,True,,Male,,,,Liberal Democrat,,,,https://www.theyworkforyou.com/mp/26623/ben_maguire/north_cornwall,1991,Unknown,,benmaguiremp.bsky.social,BenMaguireMP
4484,25285,Alan Mak,Alan Mak,False,True,,Male,,,,Conservative,AlanMakHavant,,,https://www.theyworkforyou.com/mp/25285/alan_mak/havant,1983,Minority,British Chinese,alanmakmp.bsky.social,AlanMakMP
5153,26365,Cathal Mallaghan,Cathal Mallaghan,True,True,,Male,,,,Sinn Féin,,,,https://www.theyworkforyou.com/mp/26365/cathal_mallaghan/mid_ulster,1982,Unknown,,,CathalMall
4495,25346,Kit Malthouse,Kit Malthouse,True,True,,Male,,,,Conservative,kit.malthouse,,,https://www.theyworkforyou.com/mp/25346/kit_malthouse/north_west_hampshire,1966,Unknown,,kitmalthouse.bsky.social,kitmalthouse
5219,26398,Mike Martin,Mike Martin,False,True,,Male,,,,Liberal Democrat,,,,https://www.theyworkforyou.com/mp/26398/mike_martin/tunbridge_wells,,Unknown,,,ThreshedThought
4245,13904,Paul Maskey,Paul Maskey,True,True,,Male,,,,Sinn Féin,sfpaulmaskeymp,,,https://www.theyworkforyou.com/mp/13904/paul_maskey/belfast_west,1967,Unknown,,,PaulMaskeyMP
4993,26271,Keir Mather,Keir Mather,True,True,,Male,,,,Labour,,,,https://www.theyworkforyou.com/mp/26271/keir_mather/selby,1998,Unknown,,keirmathermp.bsky.social,Mather_Keir
5214,26509,Brian Mathew,Brian Mathew,False,True,,Male,,,,Liberal Democrat,,,,https://www.theyworkforyou.com/mp/26509/brian_mathew/melksham_and_devizes,,Unknown,,ldbrianmathewmp.bsky.social,BrianMathewLD
4739,25904,Jerome Mayhew,Jerome Mayhew,False,True,,Male,,,,Conservative,,,,https://www.theyworkforyou.com/mp/25904/jerome_mayhew/broadland_and_fakenham,,Unknown,,,JeromeMayhew
5325,26544,Charlie Maynard,Charlie Maynard,False,True,,Male,,,,Liberal Democrat,,,,https://www.theyworkforyou.com/mp/26544/charlie_maynard/witney,1971,Unknown,,charliemaynard.bsky.social,cammaynard
5057,26334,Douglas McAllister,Douglas McAllister,False,True,,Male,,,,Labour,,,,https://www.theyworkforyou.com/mp/26334/douglas_mcallister/west_dunbartonshire,,Unknown,,douglasmcallister.bsky.social,Labour_Douglas
5129,26427,Martin McCluskey,Martin McCluskey,False,True,,Male,,,,Labour,,,,https://www.theyworkforyou.com/mp/26427/martin_mccluskey/inverclyde_and_renfrewshire_west,1986,Unknown,,martinmccluskey.bsky.social,martinmccluskey
4269,25169,Andy McDonald,Andy McDonald,False,True,,Male,,,,Labour,AndyMcDonaldMP,,,https://www.theyworkforyou.com/mp/25169/andy_mcdonald/middlesbrough_and_thornaby_east,1958,Unknown,,andymcdonaldmp.bsky.social,AndyMcDonaldMP
5116,26367,Chris McDonald,Chris McDonald,False,True,,Male,,,,Labour,,,,https://www.theyworkforyou.com/mp/26367/chris_mcdonald/stockton_north,1976,Unknown,,chrismcdonaldmp.bsky.social,ChrisMcDonaldMP
178,10383,John McDonnell,John Martin McDonnell,False,True,,Male,,,,Labour,johnmcdonnellmp,,,https://www.theyworkforyou.com/mp/10383/john_martin_mcdonnell/hayes_and_harlington,1951,Unknown,,johnmcdonnellmp.bsky.social,johnmcdonnellMP
5076,26490,Blair McDougall,Blair McDougall,False,True,,Male,,,,Labour,,,,https://www.theyworkforyou.com/mp/26490/blair_mcdougall/east_renfrewshire,1978,Unknown,,blairmcdougall.com,
1587,11936,Pat McFadden,Pat McFadden,False,True,,Male,,,,Labour,,,,https://www.theyworkforyou.com/mp/11936/pat_mcfadden/wolverhampton_south_east,1965,Unknown,,patmcfaddenmp.bsky.social,patmcfaddenmp
5349,26434,Alex McIntyre,Alex McIntyre,False,True,,Male,,,,Labour,,,,https://www.theyworkforyou.com/mp/26434/alex_mcintyre/gloucester,,Unknown,,alexmclabour.bsky.social,alexmclabour
5189,26462,Gordon McKee,Gordon McKee,False,True,,Male,,,,Labour,,,,https://www.theyworkforyou.com/mp/26462/gordon_mckee/glasgow_south,1994,Unknown,,gordonmckee.bsky.social,GordonMcKeeMP
5300,26529,Kevin McKenna,Kevin McKenna,False,True,,Male,,,,Labour,,,,https://www.theyworkforyou.com/mp/26529/kevin_mckenna/sittingbourne_and_sheppey,1974,Unknown,,kevinmckenna.co.uk,
4569,25475,Jim McMahon,Jim McMahon,False,True,,Male,,,,Labour (Co-op),,,,https://www.theyworkforyou.com/mp/25475/jim_mcmahon/oldham_west%2C_chadderton_and_royton,1980,Unknown,,jimmcmahon.co.uk,JimfromOldham
5361,26636,James McMurdock,James McMurdock,True,True,,Male,,,,Independent,,,,https://www.theyworkforyou.com/mp/26636/james_mcmurdock/south_basildon_and_east_thurrock,1986,Unknown,,,JMcMurdockMP
5183,26424,Frank McNally,Frank McNally,False,True,,Male,,,,Labour,,,,https://www.theyworkforyou.com/mp/26424/frank_mcnally/coatbridge_and_bellshill,,Unknown,,frankmcnallymp.bsky.social,FJMcNally
1510,11545,Ed Miliband,Ed Miliband,False,True,,Male,,,,Labour,edmiliband,,,https://www.theyworkforyou.com/mp/11545/ed_miliband/doncaster_north,1969,Unknown,,,Ed_Miliband
5346,26617,Calum Miller,Calum Miller,False,True,,Male,,,,Liberal Democrat,,,,https://www.theyworkforyou.com/mp/26617/calum_miller/bicester_and_woodstock,,Unknown,,calummillerld.bsky.social,CalumMillerLD
5329,26624,John Milne,John Milne,False,True,,Male,,,,Liberal Democrat,,,,https://www.theyworkforyou.com/mp/26624/john_milne/horsham,1960,Unknown,,johnmilnehorsham.bsky.social,JohnMilneLD
4811,25836,Navendu Mishra,Navendu Mishra,True,True,,Male,,,,Labour,,,,https://www.theyworkforyou.com/mp/25836/navendu_mishra/stockport,1989,Minority,British Indian,,NavPMishra
1211,11115,Andrew Mitchell,Andrew Mitchell,False,True,,Male,,,,Conservative,,,,https://www.theyworkforyou.com/mp/11115/andrew_mitchell/sutton_coldfield,1956,Unknown,,,AndrewmitchMP
5268,26620,Iqbal Mohamed,Iqbal Mohamed,False,True,,Male,,,,Independent,,,,https://www.theyworkforyou.com/mp/26620/iqbal_mohamed/dewsbury_and_batley,1970,Minority,British Indian,iqbalmohamedmp.bsky.social,iqbalmohamedMP
4804,25920,Gagan Mohindra,Gagan Mohindra,True,True,,Male,,,,Conservative,,,,https://www.theyworkforyou.com/mp/25920/gagan_mohindra/south_west_hertfordshire,1978,Minority,British Indian<ref name=hindustantimes/>,,gaganmohindra
5208,26482,Perran Moon,Perran Moon,True,True,,Male,,,,Labour,,,,https://www.theyworkforyou.com/mp/26482/perran_moon/camborne_and_redruth,1970,Unknown,,perranmoonmp.bsky.social,Perran4CRH
4861,25922,Robbie Moore,Robbie Moore,False,True,,Male,,,,Conservative,,,,https://www.theyworkforyou.com/mp/25922/robbie_moore/keighley_and_ilkley,1984,Unknown,,,_RobbieMoore
5326,26604,Edward Morello,Edward Morello,False,True,,Male,,,,Liberal Democrat,,,,https://www.theyworkforyou.com/mp/26604/edward_morello/west_dorset,,Unknown,,,EdwardMorelloWD
4653,25658,Stephen Morgan,Stephen Morgan,False,True,,Male,,,,Labour,StephenMorganMP,,,https://www.theyworkforyou.com/mp/25658/stephen_morgan/portsmouth_south,1981,Unknown,,stephenmorganmp.bsky.social,stephenmorganmp
3973,24715,Grahame Morris,Grahame Morris,False,True,,Male,,,,Labour,grahame.morris,,,https://www.theyworkforyou.com/mp/24715/grahame_morris/easington,1961,Unknown,,,grahamemorris
5081,26468,Joe Morris,Joe Morris,False,True,,Male,,,,Labour,,,,https://www.theyworkforyou.com/mp/26468/joe_morris/hexham,,Unknown,,joemorrismp.bsky.social,JoeMorrisMP
5090,26400,Tom Morrison,Tom Morrison,False,True,,Male,,,,Liberal Democrat,,,,https://www.theyworkforyou.com/mp/26400/tom_morrison/cheadle,,Unknown,,tommorrisonmp.bsky.social,ThomasMorrison
4860,25883,Kieran Mullan,Kieran Mullan,True,True,,Male,,,,Conservative,,,,https://www.theyworkforyou.com/mp/25883/kieran_mullan/bexhill_and_battle,1984,Unknown,,,KieranMullanUK
1512,11970,David Mundell,David Mundell,True,True,,Male,,,,Conservative,DavidMundellMP,,,https://www.theyworkforyou.com/mp/11970/david_mundell/dumfriesshire%2C_clydesdale_and_tweeddale,1962,Unknown,,,davidmundelldct
5248,26488,Luke Murphy,Luke Murphy,False,True,,Male,,,,Labour,,,,https://www.theyworkforyou.com/mp/26488/luke_murphy/basingstoke,,Unknown,,lukemurphy.bsky.social,LukeMLabour
5245,26611,Chris Murray,Chris Murray,False,True,,Male,,,,Labour,,,,https://www.theyworkforyou.com/mp/26611/chris_murray/edinburgh_east_and_musselburgh,1987,Unknown,,chrismurraymp.bsky.social,ChrisMurrayMP
3966,24872,Ian Murray,Ian Murray,False,True,,Male,,,,Labour,IanMurrayMP,,,https://www.theyworkforyou.com/mp/24872/ian_murray/edinburgh_south,1976,Unknown,,ianmurraymp.bsky.social,IanMurrayMP
4797,25801,James Murray,James Murray,False,True,,Male,,,,Labour (Co-op),,,,https://www.theyworkforyou.com/mp/25801/james_murray/ealing_north,1983,Unknown,,,jamesmurray_ldn
1466,11132,Andrew Murrison,Andrew Murrison,True,True,,Male,,,,Conservative,andrew.murrison,,,https://www.theyworkforyou.com/mp/11132/andrew_murrison/south_west_wiltshire,1961,Unknown,,,AWMurrison
5147,26411,Luke Myer,Luke Myer,False,True,,Male,,,,Labour,,,,https://www.theyworkforyou.com/mp/26411/luke_myer/middlesbrough_south_and_east_cleveland,1995,Unknown,,,
5047,26329,James Naish,James Naish,True,True,,Male,,,,Labour,,,,https://www.theyworkforyou.com/mp/26329/james_naish/rushcliffe,1988,Unknown,,jamesnaish.bsky.social,jameswnaish
5273,26506,Connor Naismith,Connor Naismith,False,True,,Male,,,,Labour,,,,https://www.theyworkforyou.com/mp/26506/connor_naismith/crewe_and_nantwich,,Unknown,,connornaismithmp.bsky.social,connor_naismith
5039,26333,Kanishka Narayan,Kanishka Narayan,True,True,,Male,,,,Labour,,,,https://www.theyworkforyou.com/mp/26333/kanishka_narayan/vale_of_glamorgan,,Minority,British Indian,,KanishkaNarayan
5034,26317,Josh Newbury,Josh Newbury,False,True,,Male,,,,Labour,,,,https://www.theyworkforyou.com/mp/26317/josh_newbury/cannock_chase,,Unknown,,joshnewburymp.bsky.social,JoshNewburyMP
3991,24827,Jesse Norman,Jesse Norman,False,True,,Male,,,,Conservative,jesse.norman.hereford,,,https://www.theyworkforyou.com/mp/24827/jesse_norman/hereford_and_south_herefordshire,1962,Unknown,,,Jesse_Norman
4641,25687,Alex Norris,Alex Norris,False,True,,Male,,,,Labour (Co-op),,,,https://www.theyworkforyou.com/mp/25687/alex_norris/nottingham_north_and_kimberley,1984,Unknown,,alexjjnorris.bsky.social,AlexJJNorris
221,10458,Dan Norris,Dan Norris,False,True,,Male,,,,Independent,,,,https://www.theyworkforyou.com/mp/10458/dan_norris/north_east_somerset_and_hanham,1960,Unknown,,,
4679,25679,Neil O'Brien,Neil O'Brien,False,True,,Male,,,,Conservative,neil4harborough,,,https://www.theyworkforyou.com/mp/25679/neil_o%27brien/harborough%2C_oadby_and_wigston,1978,Unknown,,neildotobrien.bsky.social,NeilDotObrien
4371,25370,Brendan O'Hara,Brendan O'Hara,False,True,,Male,,,,Scottish National Party,BrendanOHaraSNP,,,https://www.theyworkforyou.com/mp/25370/brendan_o%27hara/argyll%2C_bute_and_south_lochaber,1963,Unknown,,,BrendanOHaraMP
5089,26354,Ben Obese-Jecty,Ben Obese-Jecty,True,True,,Male,,,,Conservative,,,,https://www.theyworkforyou.com/mp/26354/ben_obese-jecty/huntingdon,1979,Minority,Black British/White British (Mixed),benobesejecty.bsky.social,BenObeseJecty
5030,26313,Simon Opher,Simon Opher,True,True,,Male,,,,Labour,,,,https://www.theyworkforyou.com/mp/26313/simon_opher/stroud,,Unknown,,simonforstroud.bsky.social,
5220,26589,Tristan Osborne,Tristan Osborne,False,True,,Male,,,,Labour,,,,https://www.theyworkforyou.com/mp/26589/tristan_osborne/chatham_and_aylesford,,Unknown,,,
5270,26431,Darren Paffey,Darren Paffey,True,True,,Male,,,,Labour,,,,https://www.theyworkforyou.com/mp/26431/darren_paffey/southampton_itchen,,Unknown,,,darrenpaffey
5243,26601,Andrew Pakes,Andrew Pakes,True,True,,Male,,,,Labour (Co-op),,,,https://www.theyworkforyou.com/mp/26601/andrew_pakes/peterborough,1973,Unknown,,andrewpakes.bsky.social,andrewpakes_
5162,26432,Matthew Patrick,Matthew Patrick,False,True,,Male,,,,Labour,,,,https://www.theyworkforyou.com/mp/26432/matthew_patrick/wirral_west,1987,Unknown,,matthewpatrick.bsky.social,Matthew_Patrick
5146,26408,Michael Payne,Michael Payne,False,True,,Male,,,,Labour,,,,https://www.theyworkforyou.com/mp/26408/michael_payne/gedling,,Unknown,,michaelpaynemp.bsky.social,MichaelPayneUK
5115,26362,Jon Pearce,Jonathan Pearce,False,True,,Male,,,,Labour,,,,https://www.theyworkforyou.com/mp/26362/jonathan_pearce/high_peak,1977,Unknown,,jon4highpeak.bsky.social,Jon4HighPeak
4520,25379,Matthew Pennycook,Matthew Pennycook,True,True,,Male,,,,Labour,,,,https://www.theyworkforyou.com/mp/25379/matthew_pennycook/greenwich_and_woolwich,1982,Unknown,,matthewpennycookmp.bsky.social,mtpennycook
3952,24845,Toby Perkins,Toby Perkins,False,True,,Male,,,,Labour,TobyPerkins4Chesterfield,,,https://www.theyworkforyou.com/mp/24845/toby_perkins/chesterfield,1970,Unknown,,tobyperkinsmp.bsky.social,tobyperkinsmp
4503,25377,Chris Philp,Chris Philp,True,True,,Male,,,,Conservative,chris.philp.official,,,https://www.theyworkforyou.com/mp/25377/chris_philp/croydon_south,1976,Unknown,,,CPhilpOfficial
5288,26593,Al Pinkerton,Al Pinkerton,False,True,,Male,,,,Liberal Democrat,,,,https://www.theyworkforyou.com/mp/26593/al_pinkerton/surrey_heath,,Unknown,,alpinkerton.bsky.social,AlPinkerton
5360,26632,David Pinto-Duschinsky,David Pinto-Duschinsky,True,True,,Male,,,,Labour,,,,https://www.theyworkforyou.com/mp/26632/david_pinto-duschinsky/hendon,1974,Unknown,,davidpintod.bsky.social,DavidPintoD
5233,26464,Lee Pitcher,Lee Pitcher,False,True,,Male,,,,Labour,,,,https://www.theyworkforyou.com/mp/26464/lee_pitcher/doncaster_east_and_the_isle_of_axholme,1977,Unknown,,leepitcher.bsky.social,LeePitcherMP
4682,25690,Luke Pollard,Luke Pollard,False,True,,Male,,,,Labour (Co-op),LukePollard,,,https://www.theyworkforyou.com/mp/25690/luke_pollard/plymouth_sutton_and_devonport,1980,Unknown,,lukepollard.bsky.social,LukePollard
5229,26477,Joe Powell,Joe Powell,False,True,,Male,,,,Labour,,,,https://www.theyworkforyou.com/mp/26477/joe_powell/kensington_and_bayswater,,Unknown,,joepowell.bsky.social,josephpowell
5167,26428,Gregor Poynton,Gregor Poynton,True,True,,Male,,,,Labour,,,,https://www.theyworkforyou.com/mp/26428/gregor_poynton/livingston,1982,Unknown,,gregorpoynton.bsky.social,gregorpoynton
5163,26383,Peter Prinsley,Peter Prinsley,True,True,,Male,,,,Labour,,,,https://www.theyworkforyou.com/mp/26383/peter_prinsley/bury_st_edmunds_and_stowmarket,1958,Unknown,,peterprinsleymp.bsky.social,PeterPrinsley
1576,11946,Mark Pritchard,Mark Pritchard,False,True,,Male,,,,Conservative,,,,https://www.theyworkforyou.com/mp/11946/mark_pritchard/the_wrekin,1966,Unknown,,,MPritchardUK
5144,26373,Richard Quigley,Richard Quigley,False,True,,Male,,,,Labour,,,,https://www.theyworkforyou.com/mp/26373/richard_quigley/isle_of_wight_west,1971,Unknown,,richardquigley.bsky.social,
5064,26345,Steve Race,Steve Race,False,True,,Male,,,,Labour,,,,https://www.theyworkforyou.com/mp/26345/steve_race/exeter,1983,Unknown,,steveracemp.bsky.social,steveracemp
5320,26514,Adrian Ramsay,Adrian Ramsay,False,True,,Male,,,,Green Party,,,,https://www.theyworkforyou.com/mp/26514/adrian_ramsay/waveney_valley,1981,Unknown,,adrianramsay.bsky.social,AdrianRamsay
5159,26473,Connor Rand,Connor Rand,False,True,,Male,,,,Labour,,,,https://www.theyworkforyou.com/mp/26473/connor_rand/altrincham_and_sale_west,,Unknown,,,ConnorRand4ASW
5046,26336,Andrew Ranger,Andrew Ranger,False,True,,Male,,,,Labour,,,,https://www.theyworkforyou.com/mp/26336/andrew_ranger/wrexham,,Unknown,,andrewranger-mp.bsky.social,AndrewRangerMP
5340,26622,Jack Rankin,Jack Rankin,False,True,,Male,,,,Conservative,,,,https://www.theyworkforyou.com/mp/26622/jack_rankin/windsor,1992,Unknown,,,jackmrankin
5316,26630,Mike Reader,Mike Reader,False,True,,Male,,,,Labour,,,,https://www.theyworkforyou.com/mp/26630/mike_reader/northampton_south,,Unknown,,mike-reader.bsky.social,mike_reader
5347,26628,David Reed,David Reed,False,True,,Male,,,,Conservative,,,,https://www.theyworkforyou.com/mp/26628/david_reed/exmouth_and_exeter_east,1989,Unknown,,,David__Reed
4268,25170,Steve Reed,Steve Reed,False,True,,Male,,,,Labour (Co-op),stevereedmp,,,https://www.theyworkforyou.com/mp/25170/steve_reed/streatham_and_croydon_north,1963,Unknown,,,SteveReedMP
4119,24929,Jonathan Reynolds,Jonathan Reynolds,False,True,,Male,,,,Labour (Co-op),JonathanreynoldsMP,,,https://www.theyworkforyou.com/mp/24929/jonathan_reynolds/stalybridge_and_hyde,1980,Unknown,,,jreynoldsMP
5343,26608,Joshua Reynolds,Joshua Reynolds,False,True,,Male,,,,Liberal Democrat,,,,https://www.theyworkforyou.com/mp/26608/joshua_reynolds/maidenhead,1999,Unknown,,joshuareynoldssl6.bsky.social,JoshReynoldsSL6
5251,26575,Martin Rhodes,Martin Rhodes,False,True,,Male,,,,Labour,,,,https://www.theyworkforyou.com/mp/26575/martin_rhodes/glasgow_north,,Unknown,,,MartinRhodes21
5082,26486,Jake Richards,Jake Richards,False,True,,Male,,,,Labour,,,,https://www.theyworkforyou.com/mp/26486/jake_richards/rother_valley,1989,Unknown,,jakerichardsmp.bsky.social,JakeBenRichards
5126,26374,Dave Robertson,Dave Robertson,False,True,,Male,,,,Labour,,,,https://www.theyworkforyou.com/mp/26374/dave_robertson/lichfield,,Unknown,,,DaveR_Lichfield
5255,26504,Joe Robertson,Joe Robertson,False,True,,Male,,,,Conservative,,,,https://www.theyworkforyou.com/mp/26504/joe_robertson/isle_of_wight_east,1984,Unknown,,,JoePJRobertson
4360,25280,Gavin Robinson,Gavin Robinson,False,True,,Male,,,,Democratic Unionist Party,GRobinsonDUP,,,https://www.theyworkforyou.com/mp/25280/gavin_robinson/belfast_east,1984,Unknown,,,grobinsondup
5287,26549,Tim Roca,Tim Roca,False,True,,Male,,,,Labour,,,,https://www.theyworkforyou.com/mp/26549/tim_roca/macclesfield,1985,Unknown,,timrocamp.bsky.social,Tim_Roca
4654,25691,Matt Rodda,Matt Rodda,True,True,,Male,,,,Labour,,,,https://www.theyworkforyou.com/mp/25691/matt_rodda/reading_central,1966,Unknown,,mattrodda.bsky.social,MattRodda
5138,26388,Ian Roome,Ian Roome,True,True,,Male,,,,Liberal Democrat,,,,https://www.theyworkforyou.com/mp/26388/ian_roome/north_devon,1968,Unknown,,ianroome.bsky.social,IanRoomeMP
1447,11199,Andrew Rosindell,Andrew Rosindell,True,True,,Male,,,,Reform UK,AndrewRosindellofficial,,,https://www.theyworkforyou.com/mp/11199/andrew_rosindell/romford,1966,Unknown,,,AndrewRosindell
5108,26323,Sam Rushworth,Sam Rushworth,True,True,,Male,,,,Labour,,,,https://www.theyworkforyou.com/mp/26323/sam_rushworth/bishop_auckland,1984,Unknown,,samrushworthmp.bsky.social,SamJRushworth
5222,26467,Tom Rutland,Tom Rutland,False,True,,Male,,,,Labour,,,,https://www.theyworkforyou.com/mp/26467/tom_rutland/east_worthing_and_shoreham,1992,Unknown,,,Tom4EWAS
5135,26381,Oliver Ryan,Oliver Ryan,False,True,,Male,,,,Labour (Co-op),,,,https://www.theyworkforyou.com/mp/26381/oliver_ryan/burnley,1995,Unknown,,,OliverRyanUK
5259,26521,Jeevun Sandher,Jeevun Sandher,True,True,,Male,,,,Labour,,,,https://www.theyworkforyou.com/mp/26521/jeevun_sandher/loughborough,1990,Minority,British Indian,jeevunsandher.bsky.social,JeevunSandher
5166,26440,Mark Sewards,Mark Sewards,True,True,,Male,,,,Labour,,,,https://www.theyworkforyou.com/mp/26440/mark_sewards/leeds_south_west_and_morley,1990,Unknown,,markjsewards.bsky.social,MarkJSewards
5176,26489,Baggy Shanker,Baggy Shanker,True,True,,Male,,,,Labour (Co-op),,,,https://www.theyworkforyou.com/mp/26489/baggy_shanker/derby_south,,Minority,British Indian,baggyshanker.bsky.social,BaggyShanker
4998,26276,Michael Shanks,Michael Shanks,False,True,,Male,,,,Labour,,,,https://www.theyworkforyou.com/mp/26276/michael_shanks/rutherglen,1988,Unknown,,michaelshanksmp.co.uk,mgshanks
4131,13864,Jim Shannon,Jim Shannon,False,True,,Male,,,,Democratic Unionist Party,Jim-Shannon-MP-477928115581090,,,https://www.theyworkforyou.com/mp/13864/jim_shannon/strangford,1955,Unknown,,,JimShannonMP
5197,26437,Neil Shastri-Hurst,Neil Shastri-Hurst,True,True,,Male,,,,Conservative,,,,https://www.theyworkforyou.com/mp/26437/neil_shastri-hurst/solihull_west_and_shirley,1984,Minority,Anglo-Indian,,DrNShastriHurst
3997,24893,Alec Shelbrooke,Alec Shelbrooke,True,True,,Male,,,,Conservative,alec.shelbrooke,,,https://www.theyworkforyou.com/mp/24893/alec_shelbrooke/wetherby_and_easingwold,1976,Unknown,,,AlecShelbrooke
4872,25892,David Simmonds,David Simmonds,False,True,,Male,,,,Conservative,,,,https://www.theyworkforyou.com/mp/25892/david_simmonds/ruislip%2C_northwood_and_pinner,1976,Unknown,,,DSimmonds_RNP
5060,26328,Josh Simons,Josh Simons,False,True,,Male,,,,Labour,,,,https://www.theyworkforyou.com/mp/26328/josh_simons/makerfield,1993,Unknown,,joshsimonsmp.bsky.social,
,11559,Andrew Slaughter,Andrew Slaughter,False,True,,Male,,,,Labour,andy4hammersmith,,,https://www.theyworkforyou.com/mp/11559/andrew_slaughter/hammersmith_and_chiswick,1960,Unknown,,hammersmithandy.bsky.social,hammersmithandy
5127,26564,John Slinger,John Slinger,True,True,,Male,,,,Labour,,,,https://www.theyworkforyou.com/mp/26564/john_slinger/rugby,1975,Unknown,,johnslingermp.bsky.social,JohnSlinger
5218,26606,David Smith,David Smith,False,True,,Male,,,,Labour,,,,https://www.theyworkforyou.com/mp/26606/david_smith/north_northumberland,,Unknown,,dsnorthnorth.bsky.social,dsnorthnorth
4778,25925,Greg Smith,Greg Smith,False,True,,Male,,,,Conservative,,,,https://www.theyworkforyou.com/mp/25925/greg_smith/mid_buckinghamshire,1979,Unknown,,,gregsmith_uk
4456,25366,Jeff Smith,Jeff Smith,False,True,,Male,,,,Labour,jeffsmithforwithington,,,https://www.theyworkforyou.com/mp/25366/jeff_smith/manchester_withington,1963,Unknown,,jeffsmithmp.bsky.social,jeffsmithetc
4118,24961,Julian Smith,Julian Smith,False,True,,Male,,,,Conservative,juliansmithofficial,,,https://www.theyworkforyou.com/mp/24961/julian_smith/skipton_and_ripon,1971,Unknown,,,JulianSmithuk
3928,24728,Nick Smith,Nick Smith,False,True,,Male,,,,Labour,NickSmithforBlaenauGwent,,,https://www.theyworkforyou.com/mp/24728/nick_smith/blaenau_gwent_and_rhymney,1960,Unknown,,,BlaenauGwentMP
4595,25601,Gareth Snell,Gareth Snell,False,True,,Male,,,,Labour (Co-op),garethforstoke,,,https://www.theyworkforyou.com/mp/25601/gareth_snell/stoke-on-trent_central,1986,Unknown,,,gareth_snell
5072,26347,Andrew Snowden,Andrew Snowden,False,True,,Male,,,,Conservative,,,,https://www.theyworkforyou.com/mp/26347/andrew_snowden/fylde,1984,Unknown,,,A_J_Snowden
4658,25680,Alex Sobel,Alex Sobel,True,True,,Male,,,,Labour (Co-op),,,,https://www.theyworkforyou.com/mp/25680/alex_sobel/leeds_central_and_headingley,1975,Unknown,,alexsobel.co.uk,alexsobel
5096,26457,Ian Sollom,Ian Sollom,True,True,,Male,,,,Liberal Democrat,,,,https://www.theyworkforyou.com/mp/26457/ian_sollom/st_neots_and_mid_cambridgeshire,,Unknown,,iansollom.bsky.social,IanSollom
4785,25889,Ben Spencer,Ben Spencer,False,True,,Male,,,,Conservative,,,,https://www.theyworkforyou.com/mp/25889/ben_spencer/runnymede_and_weybridge,1981,Unknown,,,DrBenSpencer
5303,26579,Patrick Spencer,Patrick Spencer,False,True,,Male,,,,Independent,,,,https://www.theyworkforyou.com/mp/26579/patrick_spencer/central_suffolk_and_north_ipswich,1988,Unknown,,,pspencer_CSNI
5351,26626,Gregory Stafford,Gregory Stafford,False,True,,Male,,,,Conservative,,,,https://www.theyworkforyou.com/mp/26626/gregory_stafford/farnham_and_bordon,,Unknown,,,GregoryStafford
5110,26407,Euan Stainbank,Euan Stainbank,True,True,,Male,,,,Labour,,,,https://www.theyworkforyou.com/mp/26407/euan_stainbank/falkirk,2000,Unknown,,,Euan4Falkirk
4514,25353,Keir Starmer,Keir Starmer,True,True,,Male,,,,Labour,KeirStarmerLabour,,,https://www.theyworkforyou.com/mp/25353/keir_starmer/holborn_and_st_pancras,1962,Unknown,,,keir_starmer
5100,26355,Blake Stephenson,Blake Stephenson,False,True,,Male,,,,Conservative,,,,https://www.theyworkforyou.com/mp/26355/blake_stephenson/mid_bedfordshire,,Unknown,,,Blake_MidBeds
5200,26535,Kenneth Stevenson,Kenneth Stevenson,False,True,,Male,,,,Labour,,,,https://www.theyworkforyou.com/mp/26535/kenneth_stevenson/airdrie_and_shotts,1963,Unknown,,kennethstevenson.bsky.social,
4612,25668,Jamie Stone,Jamie Stone,False,True,,Male,,,,Liberal Democrat,,,,https://www.theyworkforyou.com/mp/25668/jamie_stone/caithness%2C_sutherland_and_easter_ross,1954,Unknown,,jamie4north.bsky.social,Jamie4North
5035,26320,Will Stone,Will Stone,False,True,,Male,,,,Labour,,,,https://www.theyworkforyou.com/mp/26320/will_stone/swindon_north,1980,Unknown,,willstonemp.bsky.social,WStone4SN
5000,26278,Alistair Strathern,Alistair Strathern,True,True,,Male,,,,Labour,,,,https://www.theyworkforyou.com/mp/26278/alistair_strathern/hitchin,1990,Unknown,,alistrathern.bsky.social,alistrathern
4504,25320,Wes Streeting,Wes Streeting,True,True,,Male,,,,Labour,,,,https://www.theyworkforyou.com/mp/25320/wes_streeting/ilford_north,1983,Unknown,,rthonwesstreeting.bsky.social,wesstreeting
5080,26448,Alan Strickland,Alan Strickland,False,True,,Male,,,,Labour,,,,https://www.theyworkforyou.com/mp/26448/alan_strickland/newton_aycliffe_and_spennymoor,,Unknown,,alanstricklandmp.bsky.social,AlanStrickland
3935,24914,Mel Stride,Mel Stride,False,True,,Male,,,,Conservative,,,,https://www.theyworkforyou.com/mp/24914/mel_stride/central_devon,1961,Unknown,,,meljstride
449,10576,Graham Stringer,Graham Stringer,False,True,,Male,,,,Labour,,,,https://www.theyworkforyou.com/mp/10576/graham_stringer/blackley_and_middleton_south,1950,Unknown,,,
1482,11406,Graham Stuart,Graham Stuart,False,True,,Male,,,,Conservative,grahamstuartmp,,,https://www.theyworkforyou.com/mp/11406/graham_stuart/beverley_and_holderness,1962,Unknown,,grahamstuart.bsky.social,grahamstuart
4483,25428,Rishi Sunak,Rishi Sunak,True,True,,Male,,,,Conservative,rishisunak,,,https://www.theyworkforyou.com/mp/25428/rishi_sunak/richmond_and_northallerton,1980,Minority,British Indian,,RishiSunak
5165,26369,Peter Swallow,Peter Swallow,False,True,,Male,,,,Labour,,,,https://www.theyworkforyou.com/mp/26369/peter_swallow/bracknell,1993,Unknown,,peter4bracknell.bsky.social,PDJSwallow
5319,25141,Robin Swann,Robin Swann,False,True,,Male,,,,Ulster Unionist Party,,,,https://www.theyworkforyou.com/mp/25141/robin_swann/south_antrim,1971,Unknown,,robinswannmp.bsky.social,RobinSwann_MP
55,10580,Desmond Swayne,Desmond Swayne,True,True,,Male,,,,Conservative,Desmond.Swayne,,,https://www.theyworkforyou.com/mp/10580/desmond_swayne/new_forest_west,1956,Unknown,,,DesmondSwayne
1383,11267,Mark Tami,Mark Tami,False,True,,Male,,,,Labour,alynanddeesidelabourparty,,,https://www.theyworkforyou.com/mp/11267/mark_tami/alyn_and_deeside,1962,Unknown,,,MarkTamiMP
5266,26605,Mike Tapp,Mike Tapp,True,True,,Male,,,,Labour,,,,https://www.theyworkforyou.com/mp/26605/mike_tapp/dover_and_deal,1985,Unknown,,miketapp.bsky.social,MikeTappTweets
5348,26576,David Taylor,David Taylor,False,True,,Male,,,,Labour,,,,https://www.theyworkforyou.com/mp/26576/david_taylor/hemel_hempstead,,Unknown,,,DavidTaylor85
5103,26443,Luke Taylor,Luke Taylor,False,True,,Male,,,,Liberal Democrat,,,,https://www.theyworkforyou.com/mp/26443/luke_taylor/sutton_and_cheam,,Unknown,,luketaylorld.bsky.social,LukeTaylorLD
5186,26561,Bradley Thomas,Bradley Thomas,False,True,,Male,,,,Conservative,,,,https://www.theyworkforyou.com/mp/26561/bradley_thomas/bromsgrove,,Unknown,,bromsgrovebradley.bsky.social,BradleyThomasUK
5354,26532,Cameron Thomas,Cameron Thomas,False,True,,Male,,,,Liberal Democrat,,,,https://www.theyworkforyou.com/mp/26532/cameron_thomas/tewkesbury,1982,Unknown,,libdemcam.bsky.social,
5174,26441,Fred Thomas,Fred Thomas,False,True,,Male,,,,Labour,,,,https://www.theyworkforyou.com/mp/26441/fred_thomas/plymouth_moor_view,1991,Unknown,,fredthomasuk.bsky.social,FredThomasUK
177,10594,Gareth Thomas,Gareth Thomas,False,True,,Male,,,,Labour (Co-op),GarethThomasMP,,,https://www.theyworkforyou.com/mp/10594/gareth_thomas/harrow_west,1967,Unknown,,gareththomasmp.bsky.social,GarethThomasMP
4479,25279,Nick Thomas-Symonds,Nick Thomas-Symonds,False,True,,Male,,,,Labour,1.00009E+14,,,https://www.theyworkforyou.com/mp/25279/nick_thomas-symonds/torfaen,1980,Unknown,,,NickTorfaen
5044,26326,Adam Thompson,Adam Thompson,False,True,,Male,,,,Labour,,,,https://www.theyworkforyou.com/mp/26326/adam_thompson/erewash,1990,Unknown,,adamthompsonmp.bsky.social,adamthompson111
5161,26399,Richard Tice,Richard Tice,True,True,,Male,,,,Reform UK,,,,https://www.theyworkforyou.com/mp/26399/richard_tice/boston_and_skegness,1964,Unknown,,,TiceRichard
163,10596,Stephen Timms,Stephen Timms,True,True,,Male,,,,Labour,stephenctimms,,,https://www.theyworkforyou.com/mp/10596/stephen_timms/east_ham,1955,Unknown,,,stephenctimms
5062,26335,Nick Timothy,Nick Timothy,False,True,,Male,,,,Conservative,,,,https://www.theyworkforyou.com/mp/26335/nick_timothy/west_suffolk,1980,Unknown,,,NJ_Timothy
5282,26502,Dan Tomlinson,Dan Tomlinson,False,True,,Male,,,,Labour,,,,https://www.theyworkforyou.com/mp/26502/dan_tomlinson/chipping_barnet,1992,Unknown,,dantomlinson.bsky.social,dantomlinsonmp
410,10604,Jon Trickett,Jon Trickett,True,True,,Male,,,,Labour,jon.trickett,,,https://www.theyworkforyou.com/mp/10604/jon_trickett/normanton_and_hemsworth,1950,Unknown,,jontrickett.bsky.social,jon_trickett
5121,26387,Henry Tufnell,Henry Tufnell,True,True,,Male,,,,Labour,,,,https://www.theyworkforyou.com/mp/26387/henry_tufnell/mid_and_south_pembrokeshire,1992,Unknown,,tufnellhenry.bsky.social,TufnellHenry
,25374,Thomas Tugendhat,Thomas Tugendhat,True,True,,Male,,,,Conservative,thomas.tugendhat,,,https://www.theyworkforyou.com/mp/25374/thomas_tugendhat/tonbridge,1973,Unknown,,,tomtugendhat
5130,26417,Matt Turmaine,Matt Turmaine,True,True,,Male,,,,Labour,,,,https://www.theyworkforyou.com/mp/26417/matt_turmaine/watford,1969,Unknown,,turmaine.bsky.social,Turmaine
4030,24767,Karl Turner,Karl Turner,False,True,,Male,,,,Independent,karlturner4easthull,,,https://www.theyworkforyou.com/mp/24767/karl_turner/kingston_upon_hull_east,1971,Unknown,,,KarlTurnerMP
5234,26517,Laurence Turner,Laurence Turner,False,True,,Male,,,,Labour,,,,https://www.theyworkforyou.com/mp/26517/laurence_turner/birmingham_northfield,1988,Unknown,,larry-turner.bsky.social,
429,10610,Derek Twigg,Derek Twigg,True,True,,Male,,,,Labour,DerekTwiggMP,,,https://www.theyworkforyou.com/mp/10610/derek_twigg/widnes_and_halewood,1959,Unknown,,,
,26540,Freddie Van Mierlo,Freddie Van Mierlo,True,True,,Male,,,,Liberal Democrat,,,,https://www.theyworkforyou.com/mp/26540/freddie_van_mierlo/henley_and_thame,1989,Unknown,,freddievanmierlomp.bsky.social,fivanmierlo
5067,26346,Tony Vaughan,Tony Vaughan,False,True,,Male,,,,Labour,,,,https://www.theyworkforyou.com/mp/26346/tony_vaughan/folkestone_and_hythe,1982,Minority,British Filipino/White British (Mixed),tonyvaughanmp.bsky.social,tonyvaughanMP
3957,24814,Martin Vickers,Martin Vickers,False,True,,Male,,,,Conservative,MartinVickersMP,,,https://www.theyworkforyou.com/mp/24814/martin_vickers/brigg_and_immingham,1950,Unknown,,,martinvickers
4844,25853,Matt Vickers,Matt Vickers,False,True,,Male,,,,Conservative,,,,https://www.theyworkforyou.com/mp/25853/matt_vickers/stockton_west,1983,Unknown,,mattvickers.bsky.social,Matt_VickersMP
5237,26350,Chris Vince,Christopher Vince,False,True,,Male,,,,Labour (Co-op),,,,https://www.theyworkforyou.com/mp/26350/christopher_vince/harlow,1983,Unknown,,,ChrisVinceMP
4871,25874,Christian Wakeford,Christian Wakeford,True,True,,Male,,,,Labour,,,,https://www.theyworkforyou.com/mp/25874/christian_wakeford/bury_south,1984,Unknown,,christian4burys.bsky.social,Christian4BuryS
5276,26519,Chris Ward,Chris Ward,False,True,,Male,,,,Labour,,,,https://www.theyworkforyou.com/mp/26519/chris_ward/brighton_kemptown_and_peacehaven,1982,Unknown,,chriswardmp.bsky.social,chriswardmp
5071,26319,Paul Waugh,Paul Waugh,False,True,,Male,,,,Labour (Co-op),,,,https://www.theyworkforyou.com/mp/26319/paul_waugh/rochdale,1966,Unknown,,paulwaughmp.bsky.social,paulwaugh
5025,26305,Chris Webb,Chris Webb,False,True,,Male,,,,Labour,,,,https://www.theyworkforyou.com/mp/26305/chris_webb/blackpool_south,1986,Unknown,,chriswebbmp.bsky.social,ChrisWebbMP
4979,26120,Andrew Western,Andrew Western,False,True,,Male,,,,Labour,,,,https://www.theyworkforyou.com/mp/26120/andrew_western/stretford_and_urmston,1985,Unknown,,andrewwesternmp.bsky.social,AndrewHWestern
4617,25701,Matt Western,Matt Western,False,True,,Male,,,,Labour,MattWesternMP,,,https://www.theyworkforyou.com/mp/25701/matt_western/warwick_and_leamington,,Unknown,,mattwestern.bsky.social,mattwestern_
5242,26551,Michael Wheeler,Michael Wheeler,False,True,,Male,,,,Labour,,,,https://www.theyworkforyou.com/mp/26551/michael_wheeler/worsley_and_eccles,,Unknown,,mwheelermp.bsky.social,MWheelerMP
5342,26613,John Whitby,John Whitby,False,True,,Male,,,,Labour,,,,https://www.theyworkforyou.com/mp/26613/john_whitby/derbyshire_dales,,Unknown,,johnwhitbymp.bsky.social,
39,10632,John Whittingdale,John Whittingdale,True,True,,Male,,,,Conservative,johnwhittingdale4maldon,,,https://www.theyworkforyou.com/mp/10632/john_whittingdale/maldon,1959,Unknown,,,jwhittingdale
4787,25866,James Wild,James Wild,False,True,,Male,,,,Conservative,,,,https://www.theyworkforyou.com/mp/25866/james_wild/north_west_norfolk,1977,Unknown,,,jamesowild
5055,26344,Max Wilkinson,Max Wilkinson,False,True,,Male,,,,Liberal Democrat,,,,https://www.theyworkforyou.com/mp/26344/max_wilkinson/cheltenham,1984,Unknown,,maxwilkinson.bsky.social,mpmwilko
5151,26397,David Williams,David Williams,False,True,,Male,,,,Labour,,,,https://www.theyworkforyou.com/mp/26397/david_williams/stoke-on-trent_north,,Unknown,,davidwilliamsmp.bsky.social,david4lcs
4108,24729,Gavin Williamson,Gavin Williamson,False,True,,Male,,,,Conservative,gavinforsouthstaffs,,,https://www.theyworkforyou.com/mp/24729/gavin_williamson/stone%2C_great_wyrley_and_penkridge,1976,Unknown,,,GavinWilliamson
1593,11374,Sammy Wilson,Sammy Wilson,False,True,,Male,,,,Democratic Unionist Party,SammyWilsonMP,,,https://www.theyworkforyou.com/mp/11374/sammy_wilson/east_antrim,1953,Unknown,,,eastantrimmp
1440,11333,Pete Wishart,Pete Wishart,True,True,,Male,,,,Scottish National Party,PeteWishartPerth,,,https://www.theyworkforyou.com/mp/11333/pete_wishart/perth_and_kinross-shire,1962,Unknown,,petewishart.bsky.social,PeteWishart
5221,26583,Steve Witherden,Steve Witherden,True,True,,Male,,,,Labour,stevewitherdenwales,stevewitherden,SteveWitherdenMP,https://www.theyworkforyou.com/mp/26583/steve_witherden/montgomeryshire_and_glynd%C5%B5r,,Unknown,,stevewitherdenmp.bsky.social,switherdenmp
4384,25362,Mike Wood,Mike Wood,False,True,,Male,,,,Conservative,mike4dudleysouth,,,https://www.theyworkforyou.com/mp/25362/mike_wood/kingswinford_and_south_staffordshire,1946,Unknown,,,mikejwood
5328,26552,Sean Woodcock,Sean Woodcock,False,True,,Male,,,,Labour,,,,https://www.theyworkforyou.com/mp/26552/sean_woodcock/banbury,1986,Unknown,,seanlwoodcock.bsky.social,SEANLWOODCOCK
1560,11791,Jeremy Wright,Jeremy Wright,False,True,,Male,,,,Conservative,jeremywright2015,,,https://www.theyworkforyou.com/mp/11791/jeremy_wright/kenilworth_and_southam,1972,Unknown,,,
5111,26484,Martin Wrigley,Martin Wrigley,False,True,,Male,,,,Liberal Democrat,,,,https://www.theyworkforyou.com/mp/26484/martin_wrigley/newton_abbot,,Unknown,,martinwrigley.bsky.social,MartinWrigley
4598,25649,Mohammad Yasin,Mohammad Yasin,True,True,,Male,,,,Labour,,,,https://www.theyworkforyou.com/mp/25649/mohammad_yasin/bedford,1971,Minority,British Pakistani,yasinmp4bedford.bsky.social,YasinForBedford
5194,26469,Steve Yemm,Steve Yemm,True,True,,Male,,,,Labour,,,,https://www.theyworkforyou.com/mp/26469/steve_yemm/mansfield,1964,Unknown,,stevempyemm.bsky.social,steveyemm
4382,25386,Daniel Zeichner,Daniel Zeichner,True,True,,Male,,,,Labour,Daniel-Zeichner-MP-373041482865096,,,https://www.theyworkforyou.com/mp/25386/daniel_zeichner/cambridge,1956,Unknown,,,danielzeichner
5155,26415,Chris Kane,Chris Kane,False,True,Aug-76,Male,,Jul-24,False,Labour,chriskanemp,chriskanemp,ChrisKaneMP,https://www.theyworkforyou.com/mp/26415/chris_kane/stirling_and_strathallan,1976,Unknown,,chriskanemp.bsky.social,chriswkane
5447,26729,Hannah Spencer,Hannah Spencer,False,True,,Female,,Feb-26,True,Green Party,,,,https://www.theyworkforyou.com/mp/26729/hannah_spencer/gorton_and_denton,1991,Unknown,,greenpartyhan.bsky.social,GreenPartyHan
