parliament_id,theyworkforyou_id,parliament_name,theyworkforyou_name,is_rare_name,is_current_mp,date_of_birth,gender,minority_status,ethnicity,religion,first_elected,is_by_election,party,bluesky_handle,twitter_handle,facebook_handle,instagram_handle,youtube_handle,theyworkforyou_url,wiki_birth_year
172,10001,Diane Abbott,Diane Abbott,False,True,,Female,Minority,Black British,,Jun-87,False,Independent,hackneyabbott.bsky.social,HackneyAbbott,Dianeabbott,,,https://www.theyworkforyou.com/mp/10001/diane_abbott/hackney_north_and_stoke_newington,1953
491,10182,Angela Eagle,Angela Eagle,False,True,,Female,Unknown,,,Apr-92,False,Labour,angelaeagle1.bsky.social,angelaeagle,angela4labour,,,https://www.theyworkforyou.com/mp/10182/angela_eagle/wallasey,1961
193,10381,Siobhain McDonagh,Siobhain McDonagh,True,True,,Female,Unknown,,,May-97,False,Labour,,Siobhain_Mc,Siobhain-McDonagh-MP-1485922148331912,,,https://www.theyworkforyou.com/mp/10381/siobhain_mcdonagh/mitcham_and_morden,1960
483,10183,Maria Eagle,Maria Eagle,False,True,,Female,Unknown,,,May-97,False,Labour,,meaglemp,Maria-Eagle-103693786335432,,,https://www.theyworkforyou.com/mp/10183/maria_eagle/liverpool_garston,1961
420,10131,Yvette Cooper,Yvette Cooper,False,True,,Female,Unknown,,,May-97,False,Labour,yvettecooper-mp.bsky.social,YvetteCooperMP,YvetteCooperMP,,,https://www.theyworkforyou.com/mp/10131/yvette_cooper/pontefract%2C_castleford_and_knottingley,1969
1579,11898,Mary Creagh,Mary Creagh,True,True,,Female,Unknown,,,May-05,False,Labour,marycreagh.bsky.social,MaryCreagh_,marycreaghwakefield,,,https://www.theyworkforyou.com/mp/11898/mary_creagh/coventry_east,1967
1524,11605,Meg Hillier,Meg Hillier,True,True,,Female,Unknown,,,May-05,False,Labour (Co-op),,Meg_HillierMP,Meg4Hackney,,,https://www.theyworkforyou.com/mp/11605/meg_hillier/hackney_south_and_shoreditch,1969
,11455,Kerry Mccarthy,Kerry McCarthy,False,True,,Female,Unknown,,,May-05,False,Labour,,KerryMP,kerry4mp,,,https://www.theyworkforyou.com/mp/11455/kerry_mccarthy/bristol_east,1965
1548,11732,Jessica Morden,Jessica Morden,True,True,,Female,Unknown,,,May-05,False,Labour,,jessicamordenmp,JessicaMorden4NewportEast,,,https://www.theyworkforyou.com/mp/11732/jessica_morden/newport_east,1968
1533,11647,Diana Johnson,Diana R. Johnson,False,True,,Female,Unknown,,,May-05,False,Labour,damedianajohnson.bsky.social,DianaJohnsonMP,DianaJohnsonHullNorth,,,https://www.theyworkforyou.com/mp/11647/diana_r._johnson/kingston_upon_hull_north_and_cottingham,1966
1489,11447,Dawn Butler,Dawn Butler,False,True,,Female,Minority,Black British,,May-05,False,Labour,dawnbutlerbrent.bsky.social,dawnbutlerbrent,DawnButlerBrent,,,https://www.theyworkforyou.com/mp/11447/dawn_butler/brent_east,1969
1536,11656,Emily Thornberry,Emily Thornberry,True,True,,Female,Unknown,,,May-05,False,Labour,emilythornberry.bsky.social,EmilyThornberry,Emily-Thornberry-142202379163151,,,https://www.theyworkforyou.com/mp/11656/emily_thornberry/islington_south_and_finsbury,1960
1521,11592,Sharon Hodgson,Sharon Hodgson,False,True,,Female,Unknown,,,May-05,False,Labour,sharonhodgsonmp.bsky.social,SharonHodgsonMP,Sharon.Hodgson.MP,,,https://www.theyworkforyou.com/mp/11592/sharon_hodgson/washington_and_gateshead_south,1966
1541,11692,Nia Griffith,Nia Griffith,False,True,,Female,Unknown,,,May-05,False,Labour,niagriffith.bsky.social,NiaGriffithMP,Nia-Griffith-MP-154165864657660,,,https://www.theyworkforyou.com/mp/11692/nia_griffith/llanelli,1956
4076,24852,Valerie Vaz,Valerie Vaz,False,True,,Female,Minority,British Indian,,May-10,False,Labour,valerievazmp.bsky.social,Valerie_VazMP,ValerieVazMP,,,https://www.theyworkforyou.com/mp/24852/valerie_vaz/walsall_and_bloxwich,1954
,24818,Catherine Mckinnell,Catherine McKinnell,True,True,,Female,Unknown,,,May-10,False,Labour,cmckinnellmp.bsky.social,CMcKinnellMP,CatMcKinnell,,,https://www.theyworkforyou.com/mp/24818/catherine_mckinnell/newcastle_upon_tyne_north,1976
4066,24778,Priti Patel,Priti Patel,True,True,,Female,Minority,British Indian,,May-10,False,Conservative,,pritipatel,,,,https://www.theyworkforyou.com/mp/24778/priti_patel/witham,1972
,24882,Esther Mcvey,Esther McVey,True,True,,Female,Unknown,,,May-10,False,Conservative,,EstherMcVey1,,,,https://www.theyworkforyou.com/mp/24882/esther_mcvey/tatton,1967
4126,24927,Mary Glindon,Mary Glindon,True,True,,Female,Unknown,,,May-10,False,Labour,,GlindonMary,,,,https://www.theyworkforyou.com/mp/24927/mary_glindon/newcastle_upon_tyne_east_and_wallsend,1957
4048,24809,Caroline Nokes,Caroline Nokes,True,True,,Female,Unknown,,,May-10,False,Conservative,,carolinenokes,carolinenokes4RSN,,,https://www.theyworkforyou.com/mp/24809/caroline_nokes/romsey_and_southampton_north,1972
4008,24873,Caroline Dinenage,Caroline Dinenage,True,True,,Female,Unknown,,,May-10,False,Conservative,,cj_dinenage,Caroline4Gosport,,,https://www.theyworkforyou.com/mp/24873/caroline_dinenage/gosport,1971
3924,24775,Yasmin Qureshi,Yasmin Qureshi,True,True,,Female,Minority,British Pakistani,,May-10,False,Labour,yasminqureshimp.bsky.social,YasminQureshiMP,yasminqureshiuk,,,https://www.theyworkforyou.com/mp/24775/yasmin_qureshi/bolton_south_and_walkden,1963
4031,24851,Rachel Reeves,Rachel Reeves,False,True,,Female,Unknown,,,May-10,False,Labour,,RachelReevesMP,rachelreeves10,,,https://www.theyworkforyou.com/mp/24851/rachel_reeves/leeds_west_and_pudsey,1979
4029,24774,Lilian Greenwood,Lilian Greenwood,False,True,,Female,Unknown,,,May-10,False,Labour,,LilianGreenwood,liliangreenwood4labour,,,https://www.theyworkforyou.com/mp/24774/lilian_greenwood/nottingham_south,1966
4046,24709,Bridget Phillipson,Bridget Phillipson,True,True,,Female,Unknown,,,May-10,False,Labour,,bphillipsonMP,bridgetphillipson,,,https://www.theyworkforyou.com/mp/24709/bridget_phillipson/houghton_and_sunderland_south,1983
4124,24807,Chi Onwurah,Chi Onwurah,True,True,,Female,Minority,Black British/White British (Mixed),,May-10,False,Labour,chionwurah.bsky.social,ChiOnwurah,,,,https://www.theyworkforyou.com/mp/24807/chi_onwurah/newcastle_upon_tyne_central_and_west,1965
4038,24953,Heidi Alexander,Heidi Alexander,False,True,,Female,Unknown,,,May-10,False,Labour,heidialexander.bsky.social,Heidi_Labour,Heidi-Alexander-MP-460236504027731,,,https://www.theyworkforyou.com/mp/24953/heidi_alexander/swindon_south,1975
4026,24816,Liz Kendall,Liz Kendall,False,True,,Female,Unknown,,,May-10,False,Labour,lizforleicester.bsky.social,leicesterliz,2.38615E+11,,,https://www.theyworkforyou.com/mp/24816/liz_kendall/leicester_west,1971
4018,24796,Helen Grant,Helen Grant,False,True,,Female,Minority,Black British/White British (Mixed),,May-10,False,Conservative,,HelenGrantMP,,,,https://www.theyworkforyou.com/mp/24796/helen_grant/maidstone_and_malling,1961
4107,24785,Harriett Baldwin,Harriett Baldwin,True,True,,Female,Unknown,,,May-10,False,Conservative,,hbaldwin,harriettbaldwin,,,https://www.theyworkforyou.com/mp/24785/harriett_baldwin/west_worcestershire,1960
4082,24831,Lisa Nandy,Lisa Nandy,True,True,,Female,Minority,British Bengali/White British (Mixed),,May-10,False,Labour,,lisanandy,Lisa-Nandy-194243072092,,,https://www.theyworkforyou.com/mp/24831/lisa_nandy/wigan,1979
3948,24731,Rebecca Harris,Rebecca Harris,False,True,,Female,Unknown,,,May-10,False,Conservative,,RebeccaHarrisMP,rebeccaharris4castlepoint,,,https://www.theyworkforyou.com/mp/24731/rebecca_harris/castle_point,1967
3909,24737,Pamela Nash,Pamela Nash,False,True,,Female,Unknown,,,May-10,False,Labour,,pamela_nash,,,,https://www.theyworkforyou.com/mp/24737/pamela_nash/motherwell%2C_wishaw_and_carluke,1984
4138,24958,Rushanara Ali,Rushanara Ali,True,True,,Female,Minority,British Bangladeshi,,May-10,False,Labour,rushanaraalibgs.bsky.social,rushanaraali,Rushanara-Ali-37684209618,,,https://www.theyworkforyou.com/mp/24958/rushanara_ali/bethnal_green_and_stepney,1975
3914,24788,Shabana Mahmood,Shabana Mahmood,True,True,,Female,Minority,British Pakistani,,May-10,False,Labour,,ShabanaMahmood,,,,https://www.theyworkforyou.com/mp/24788/shabana_mahmood/birmingham_ladywood,1980
4077,24868,Emma Reynolds,Emma Reynolds,False,True,,Female,Unknown,,,May-10,False,Labour,,EmmaforWycombe,EmmaReynoldsMP,,,https://www.theyworkforyou.com/mp/24868/emma_reynolds/wycombe,1977
4089,24942,Tessa Munt,Tessa Munt,True,True,,Female,Unknown,,,May-10,False,Liberal Democrat,tessamunt.bsky.social,,,,,https://www.theyworkforyou.com/mp/24942/tessa_munt/wells_and_mendip_hills,1959
4110,24725,Karen Bradley,Karen Bradley,False,True,,Female,Unknown,,,May-10,False,Conservative,,,votekarenbradley,,,https://www.theyworkforyou.com/mp/24725/karen_bradley/staffordshire_moorlands,1970
4088,24949,Stella Creasy,Stella Creasy,True,True,,Female,Unknown,,,May-10,False,Labour (Co-op),stellacreasy.bsky.social,stellacreasy,stellacreasy,,,https://www.theyworkforyou.com/mp/24949/stella_creasy/walthamstow,1977
,24897,Alison Mcgovern,Alison McGovern,False,True,,Female,Unknown,,,May-10,False,Labour,allymcgovern.bsky.social,Alison_McGovern,alisonmcgovernforwirralsouth,,,https://www.theyworkforyou.com/mp/24897/alison_mcgovern/birkenhead,1980
4212,25034,Debbie Abrahams,Debbie Abrahams,False,True,,Female,Unknown,,,Jan-11,True,Labour,,Debbie_abrahams,,,,https://www.theyworkforyou.com/mp/25034/debbie_abrahams/oldham_east_and_saddleworth,1960
4253,25150,Seema Malhotra,Seema Malhotra,True,True,,Female,Minority,British Indian,,Dec-11,True,Labour (Co-op),,SeemaMalhotra1,SeemaMalhotraMP,,,https://www.theyworkforyou.com/mp/25150/seema_malhotra/feltham_and_heston,1972
4263,25165,Lucy Powell,Lucy Powell,False,True,,Female,Unknown,,,Nov-12,True,Labour (Co-op),,LucyMPowell,lucy4mcr,,,https://www.theyworkforyou.com/mp/25165/lucy_powell/manchester_central,1974
4267,25168,Sarah Champion,Sarah Champion,False,True,,Female,Unknown,,,Nov-12,True,Labour,,SarahChampionMP,sarahforrotherham,,,https://www.theyworkforyou.com/mp/25168/sarah_champion/rotherham,1969
4277,25181,Emma Lewell,Emma Lewell,True,True,,Female,Unknown,,,May-13,True,Labour,,EmmaLewell,emma.lewellbuckmp,,,https://www.theyworkforyou.com/mp/25181/emma_lewell/south_shields,1978
4391,25393,Judith Cummins,Judith Cummins,False,True,,Female,Unknown,,,May-15,False,Labour,,judithcummins,JudithCumminsMP,,,https://www.theyworkforyou.com/mp/25393/judith_cummins/bradford_south,1967
,25302,Liz Saville-Roberts,Liz Saville-Roberts,False,True,,Female,Unknown,,,May-15,False,Plaid Cymru,lsrplaid.bsky.social,lsrplaid,LizSavilleRoberts,,,https://www.theyworkforyou.com/mp/25302/liz_saville-roberts/dwyfor_meirionnydd,1964
4460,25354,Nusrat Ghani,Nusrat Ghani,True,True,,Female,Minority,British Pakistani,,May-15,False,Conservative,,nus_ghani,NusGhaniofficial,,,https://www.theyworkforyou.com/mp/25354/nusrat_ghani/sussex_weald,1972
4513,25330,Mims Davies,Mims Davies,True,True,,Female,Unknown,,,May-15,False,Conservative,,mimsdavies,Mims4Eastleigh,,,https://www.theyworkforyou.com/mp/25330/mims_davies/east_grinstead_and_uckfield,1975
4356,25429,Angela Rayner,Angela Rayner,False,True,,Female,Unknown,,,May-15,False,Labour,,angelarayner,Angela-Rayner,,,https://www.theyworkforyou.com/mp/25429/angela_rayner/ashton-under-lyne,1980
4511,25284,Rupa Huq,Rupa Huq,True,True,,Female,Minority,British Bangladeshi,,May-15,False,Labour,rupahuq.bsky.social,rupahuq,rupa4labour,,,https://www.theyworkforyou.com/mp/25284/rupa_huq/ealing_central_and_acton,1972
4475,25272,Suella Braverman,Suella Braverman,True,True,,Female,Minority,British Indian,,May-15,False,Reform UK,,suellabraverman,SuellaBravermanOfficial,,,https://www.theyworkforyou.com/mp/25272/suella_braverman/fareham_and_waterlooville,1980
4464,25317,Melanie Onn,Melanie Onn,False,True,,Female,Unknown,,,May-15,False,Labour,melanieonnmp.bsky.social,melanie_onn,Melanie4Grimsby,,,https://www.theyworkforyou.com/mp/25317/melanie_onn/great_grimsby_and_cleethorpes,1979
4523,25328,Catherine West,Catherine West,False,True,,Female,Unknown,,,May-15,False,Labour,catherinewestmp.bsky.social,catherinewest1,Catherine-West-for-Hornsey-Wood-Green-522395934483552,,,https://www.theyworkforyou.com/mp/25328/catherine_west/hornsey_and_friern_barnet,1966
4515,25365,Kate Osamor,Kate Osamor,True,True,,Female,Minority,Black British,,May-15,False,Labour (Co-op),kateosamormp.bsky.social,kateosamor,KateOsamor,,,https://www.theyworkforyou.com/mp/25365/kate_osamor/edmonton_and_winchmore_hill,1968
,25385,Naseem Shah,Naseem Shah,True,True,,Female,Minority,British Pakistani,,May-15,False,Labour,nazshahbfd.bsky.social,nazshahbfd,NazShahMP,,,https://www.theyworkforyou.com/mp/25385/naseem_shah/bradford_west,1973
4510,25310,Helen Hayes,Helen Hayes,False,True,,Female,Unknown,,,May-15,False,Labour,helenhayes.bsky.social,helenhayes_,,,,https://www.theyworkforyou.com/mp/25310/helen_hayes/dulwich_and_west_norwood,1974
4491,25380,Vicky Foxcroft,Vicky Foxcroft,True,True,,Female,Unknown,,,May-15,False,Labour,vickyfoxcroftmp.bsky.social,vickyfoxcroft,VickyFoxcroftLabour,,,https://www.theyworkforyou.com/mp/25380/vicky_foxcroft/lewisham_north,1977
4457,25321,Marie Rimmer,Marie Rimmer,False,True,,Female,Unknown,,,May-15,False,Labour,,MarieRimmer,MarieRimmer,,,https://www.theyworkforyou.com/mp/25321/marie_rimmer/st_helens_south_and_whiston,1947
4357,25314,Kirsty Blackman,Kirsty Blackman,False,True,,Female,Unknown,,,May-15,False,Scottish National Party,kirstysnp.bsky.social,KirstySNP,aberdeennorth,,,https://www.theyworkforyou.com/mp/25314/kirsty_blackman/aberdeen_north,1986
4370,25364,Jess Phillips,Jess Phillips,False,True,,Female,Unknown,,,May-15,False,Labour,jessphillipsmp.bsky.social,jessphillips,jessphillipsyardley,,,https://www.theyworkforyou.com/mp/25364/jess_phillips/birmingham_yardley,1981
4436,25432,Cat Smith,Cat Smith,False,True,,Female,Unknown,,,May-15,False,Labour,catsmithmp.bsky.social,CatSmithMP,catsmithmp,,,https://www.theyworkforyou.com/mp/25432/cat_smith/lancaster_and_wyre,1985
4396,25368,Rebecca Long Bailey,Rebecca Long-Bailey,False,True,,Female,Unknown,,,May-15,False,Labour,rebeccalongbailey.com,rlong_bailey,Rebecca4salford,,,https://www.theyworkforyou.com/mp/25368/rebecca_long-bailey/salford,1979
4471,25433,Rachael Maskell,Rachael Maskell,True,True,,Female,Unknown,,,May-15,False,Labour (Co-op),,rachaelmaskell,rachaelmaskell4york,,,https://www.theyworkforyou.com/mp/25433/rachael_maskell/york_central,1972
4473,25357,Louise Haigh,Louise Haigh,True,True,,Female,Unknown,,,May-15,False,Labour,louisehaighmp.bsky.social,louhaigh,Haigh4Heeley,,,https://www.theyworkforyou.com/mp/25357/louise_haigh/sheffield_heeley,
4425,25304,Jo Stevens,Jo Stevens,False,True,,Female,Unknown,,,May-15,False,Labour,jostevenslabour.bsky.social,jostevenslabour,JoStevensLabour,,,https://www.theyworkforyou.com/mp/25304/jo_stevens/cardiff_east,1966
4399,25424,Victoria Atkins,Victoria Atkins,False,True,,Female,Unknown,,,May-15,False,Conservative,,vmatkins,VoteVictoriaAtkins,,,https://www.theyworkforyou.com/mp/25424/victoria_atkins/louth_and_horncastle,1976
4444,25390,Karin Smyth,Karin Smyth,False,True,,Female,Unknown,,,May-15,False,Labour,karinsmythmp.bsky.social,karinsmyth,KarinSmythMP,,,https://www.theyworkforyou.com/mp/25390/karin_smyth/bristol_south,1964
4358,25342,Wendy Morton,Wendy Morton,False,True,,Female,Unknown,,,May-15,False,Conservative,wendymorton.bsky.social,morton_wendy,morton.wendy,,,https://www.theyworkforyou.com/mp/25342/wendy_morton/aldridge-brownhills,1967
4527,25398,Helen Whately,Helen Whately,True,True,,Female,Unknown,,,May-15,False,Conservative,,helen_whately,hwhately,,,https://www.theyworkforyou.com/mp/25398/helen_whately/faversham_and_mid_kent,1976
4518,25344,Tulip Siddiq,Tulip Siddiq,True,True,,Female,Minority,British Bangladeshi,,May-15,False,Labour,,tulipsiddiq,tulipsiddiq,,,https://www.theyworkforyou.com/mp/25344/tulip_siddiq/hampstead_and_highgate,1982
4449,25313,Anna Turley,Anna Turley,True,True,,Female,Unknown,,,May-15,False,Labour (Co-op),annaturley.bsky.social,annaturley,Anna4Redcar,,,https://www.theyworkforyou.com/mp/25313/anna_turley/redcar,1978
4389,25343,Ruth Cadbury,Ruth Cadbury,False,True,,Female,Unknown,,,May-15,False,Labour,ruthcadbury.bsky.social,ruthcadbury,RuthCadburywin2017,,,https://www.theyworkforyou.com/mp/25343/ruth_cadbury/brentford_and_isleworth,1959
4480,25308,Carolyn Harris,Carolyn Harris,False,True,,Female,Unknown,,,May-15,False,Labour,carolynharris.bsky.social,carolynharris24,CarolynHarrisMPSwanseaEast,,,https://www.theyworkforyou.com/mp/25308/carolyn_harris/neath_and_swansea_east,1960
4571,25489,Gill Furniss,Gill Furniss,True,True,,Female,Unknown,,,May-16,True,Labour,gillfurnissmp.bsky.social,gillfurnissmp,,,,https://www.theyworkforyou.com/mp/25489/gill_furniss/sheffield_brightside_and_hillsborough,1957
4573,25579,Dr Rosena Allin-Khan,Rosena Allin-Khan,True,True,,Female,Minority,British Pakistani/Other White (Mixed),,Jun-16,True,Labour,drrosena.bsky.social,DrRosena,DrRosena,,,https://www.theyworkforyou.com/mp/25579/rosena_allin-khan/tooting,1978
4591,25596,Sarah Olney,Sarah Olney,False,True,,Female,Unknown,,,Dec-16,True,Liberal Democrat,,,,,,https://www.theyworkforyou.com/mp/25596/sarah_olney/richmond_park,1977
4592,25597,Dr Caroline Johnson,Dr Caroline Johnson,False,True,,Female,Unknown,,,Dec-16,True,Conservative,,drcarolinej,,,,https://www.theyworkforyou.com/mp/25597/caroline_johnson/sleaford_and_north_hykeham,1977
4676,25620,Marsha De Cordova,Marsha de Cordova,False,True,,Female,Minority,Black British,,Jun-17,False,Labour,marshadecordova.bsky.social,Marshadecordova,marsha4battersea,,,https://www.theyworkforyou.com/mp/25620/marsha_de_cordova/battersea,1976
4602,25648,Wera Hobhouse,Wera Hobhouse,True,True,,Female,Unknown,,,Jun-17,False,Liberal Democrat,werahobhouse.org.uk,Wera_Hobhouse,WeraHobhouse,,,https://www.theyworkforyou.com/mp/25648/wera_hobhouse/bath,1960
4673,25611,Jo Platt,Jo Platt,False,True,,Female,Unknown,,,Jun-17,False,Labour (Co-op),joplatt.bsky.social,JoPlattLeigh,JoPlattMP,,,https://www.theyworkforyou.com/mp/25611/jo_platt/leigh_and_atherton,1973
4623,25634,Tonia Antoniazzi,Tonia Antoniazzi,True,True,,Female,Unknown,,,Jun-17,False,Labour,tonia-antoniazzi.bsky.social,ToniaAntoniazzi,ToniaForGower,,,https://www.theyworkforyou.com/mp/25634/tonia_antoniazzi/gower,1971
4634,25675,Christine Jardine,Christine Jardine,False,True,,Female,Unknown,,,Jun-17,False,Liberal Democrat,cajardinemp.bsky.social,CajardineMP,CJLibDem,,,https://www.theyworkforyou.com/mp/25675/christine_jardine/edinburgh_west,1960
4657,25618,Anneliese Dodds,Anneliese Dodds,True,True,,Female,Unknown,,,Jun-17,False,Labour (Co-op),anneliesedoddsmp.bsky.social,AnnelieseDodds,,,,https://www.theyworkforyou.com/mp/25618/anneliese_dodds/oxford_east,1978
4645,25646,Emma Hardy,Emma Hardy,False,True,,Female,Unknown,,,Jun-17,False,Labour,emmahardymp.bsky.social,EmmaHardyMP,EmmaHardyHullWestandHessle,,,https://www.theyworkforyou.com/mp/25646/emma_hardy/kingston_upon_hull_west_and_haltemprice,1979
4620,25681,Ellie Reeves,Ellie Reeves,False,True,,Female,Unknown,,,Jun-17,False,Labour,elliereeves.bsky.social,elliereeves,,,,https://www.theyworkforyou.com/mp/25681/ellie_reeves/lewisham_west_and_east_dulwich,1980
4607,25617,Stephanie Peacock,Stephanie Peacock,False,True,,Female,Unknown,,,Jun-17,False,Labour,stephanie-peacock.bsky.social,Steph_Peacock,,,,https://www.theyworkforyou.com/mp/25617/stephanie_peacock/barnsley_south,1986
4618,25623,Liz Twist,Liz Twist,False,True,,Female,Unknown,,,Jun-17,False,Labour,,,,,,https://www.theyworkforyou.com/mp/25623/liz_twist/blaydon_and_consett,1956
4647,25652,Julia Lopez,Julia Lopez,False,True,,Female,Unknown,,,Jun-17,False,Conservative,,JuliaLopezMP,,,,https://www.theyworkforyou.com/mp/25652/julia_lopez/hornchurch_and_upminster,1984
,25647,Anna Mcmorrin,Anna McMorrin,True,True,,Female,Unknown,,,Jun-17,False,Labour,annamcmorrin.bsky.social,annamcmorrin,AnnaMcMorrinMP,,,https://www.theyworkforyou.com/mp/25647/anna_mcmorrin/cardiff_north,1971
,25666,Preet Gill,Preet Kaur Gill,True,True,,Female,Minority,British Indian,,Jun-17,False,Labour (Co-op),preetkgillmp.bsky.social,PreetKGillMP,PreetKaurGillMP,,,https://www.theyworkforyou.com/mp/25666/preet_kaur_gill/birmingham_edgbaston,1972
4597,25693,Kemi Badenoch,Kemi Badenoch,True,True,,Female,Minority,Black British,,Jun-17,False,Conservative,,KemiBadenoch,,,,https://www.theyworkforyou.com/mp/25693/kemi_badenoch/north_west_essex,1980
4656,25689,Layla Moran,Layla Moran,False,True,,Female,Minority,British Palestinian/White British (Mixed),,Jun-17,False,Liberal Democrat,laylamoran.bsky.social,laylamoran,LaylaMoranUK,,,https://www.theyworkforyou.com/mp/25689/layla_moran/oxford_west_and_abingdon,1982
4631,25673,Sarah Jones,Sarah Jones,False,True,,Female,Unknown,,,Jun-17,False,Labour,sarahjonesmp.bsky.social,LabourSJ,CroydonSarah,,,https://www.theyworkforyou.com/mp/25673/sarah_jones/croydon_west,1972
4616,25656,Rosie Duffield,Rosie Duffield,True,True,,Female,Unknown,,,Jun-17,False,Independent,,RosieDuffield1,,,,https://www.theyworkforyou.com/mp/25656/rosie_duffield/canterbury,1971
4697,25726,Órfhlaith Begley,Órfhlaith Begley,True,True,,Female,Unknown,,,May-18,True,Sinn Féin,,OrfhlaithBegley,,,,https://www.theyworkforyou.com/mp/25726/orfhlaith_begley/west_tyrone,1991
4698,25727,Janet Daby,Janet Daby,True,True,,Female,Minority,Black British,,Jun-18,True,Labour,janetdaby.bsky.social,JanetDaby,jdaby1,,,https://www.theyworkforyou.com/mp/25727/janet_daby/lewisham_east,1970
4716,25746,Ruth Jones,Ruth Jones,False,True,,Female,Unknown,,,Apr-19,True,Labour,ruthjoneslabour.bsky.social,RuthJonesLabour,RuthNewportWest,,,https://www.theyworkforyou.com/mp/25746/ruth_jones/newport_west_and_islwyn,1962
4822,25896,Feryal Clark,Feryal Clark,True,True,,Female,Minority,British Kurdish,,Dec-19,False,Labour,feryalclark.bsky.social,,,,,https://www.theyworkforyou.com/mp/25896/feryal_clark/enfield_north,1979
4769,25901,Daisy Cooper,Daisy Cooper,False,True,,Female,Unknown,,,Dec-19,False,Liberal Democrat,libdemdaisy.bsky.social,,,,,https://www.theyworkforyou.com/mp/25901/daisy_cooper/st_albans,1981
4765,25872,Wendy Chamberlain,Wendy Chamberlain,False,True,,Female,Unknown,,,Dec-19,False,Liberal Democrat,wendychambld.bsky.social,,,,,https://www.theyworkforyou.com/mp/25872/wendy_chamberlain/north_east_fife,1976
4827,25447,Claire Hanna,Claire Hanna,False,True,,Female,Unknown,,,Dec-19,False,Social Democratic & Labour Party,clairehanna.bsky.social,ClaireHanna,,,,https://www.theyworkforyou.com/mp/25447/claire_hanna/belfast_south_and_mid_down,1980
4805,25906,Alicia Kearns,Alicia Kearns,False,True,,Female,Unknown,,,Dec-19,False,Conservative,,,,,,https://www.theyworkforyou.com/mp/25906/alicia_kearns/rutland_and_stamford,1987
4759,25878,Joy Morrissey,Joy Morrissey,False,True,,Female,Unknown,,,Dec-19,False,Conservative,,,,,,https://www.theyworkforyou.com/mp/25878/joy_morrissey/beaconsfield,1981
4786,25909,Zarah Sultana,Zarah Sultana,True,True,,Female,Minority,British Pakistani,,Dec-19,False,Your Party,zarahsultana.bsky.social,,,,,https://www.theyworkforyou.com/mp/25909/zarah_sultana/coventry_south,1993
4790,25914,Apsana Begum,Apsana Begum,True,True,,Female,Minority,British Bangladeshi,,Dec-19,False,Labour,,,,,,https://www.theyworkforyou.com/mp/25914/apsana_begum/poplar_and_limehouse,1990
4776,25820,Munira Wilson,Munira Wilson,True,True,,Female,Minority,British Indian,,Dec-19,False,Liberal Democrat,munirawilson.bsky.social,,,,,https://www.theyworkforyou.com/mp/25820/munira_wilson/twickenham,1978
4806,25890,Claire Coutinho,Claire Coutinho,False,True,,Female,Minority,British Indian,,Dec-19,False,Conservative,,,,,,https://www.theyworkforyou.com/mp/25890/claire_coutinho/east_surrey,1985
4820,25846,Abena Oppong-Asare,Abena Oppong-Asare,True,True,,Female,Minority,Black British,,Dec-19,False,Labour,abenaoppongasare.bsky.social,,,,,https://www.theyworkforyou.com/mp/25846/abena_oppong-asare/erith_and_thamesmead,1983
4764,25856,Bell Ribeiro-Addy,Bell Ribeiro-Addy,True,True,,Female,Minority,Black British,,Dec-19,False,Labour,bellribeiroaddy.bsky.social,,,,,https://www.theyworkforyou.com/mp/25856/bell_ribeiro-addy/clapham_and_brixton_hill,1985
,25833,Mary Foy,Mary Foy,False,True,,Female,Unknown,,,Dec-19,False,Labour,marykfoymp.bsky.social,,,,,https://www.theyworkforyou.com/mp/25833/mary_foy/city_of_durham,1968
4828,25819,Paula Barker,Paula Barker,False,True,,Female,Unknown,,,Dec-19,False,Labour,paulabarkermp.bsky.social,,,,,https://www.theyworkforyou.com/mp/25819/paula_barker/liverpool_wavertree,1972
4824,25803,Kim Johnson,Kim Johnson,False,True,,Female,Minority,Black British/White British (Mixed),,Dec-19,False,Labour,,,,,,https://www.theyworkforyou.com/mp/25803/kim_johnson/liverpool_riverside,1966
4857,25562,Carla Lockhart,Carla Lockhart,False,True,,Female,Unknown,,,Dec-19,False,Democratic Unionist Party,,carlalockhart,,,,https://www.theyworkforyou.com/mp/25562/carla_lockhart/upper_bann,1985
4849,25824,Alex Davies-Jones,Alex Davies-Jones,False,True,,Female,Unknown,,,Dec-19,False,Labour,alexdaviesjones.bsky.social,,,,,https://www.theyworkforyou.com/mp/25824/alex_davies-jones/pontypridd,1989
4873,25809,Rachel Hopkins,Rachel Hopkins,False,True,,Female,Unknown,,,Dec-19,False,Labour,rachelhopkins.bsky.social,,,,,https://www.theyworkforyou.com/mp/25809/rachel_hopkins/luton_south_and_south_bedfordshire,1972
4783,25794,Kate Osborne,Kate Osborne,False,True,,Female,Unknown,,,Dec-19,False,Labour,kateosbornemp.bsky.social,,,,,https://www.theyworkforyou.com/mp/25794/kate_osborne/jarrow_and_gateshead_east,
4869,25845,Nadia Whittome,Nadia Whittome,True,True,,Female,Minority,Anglo-Indian,,Dec-19,False,Labour,nadiawhittomemp.bsky.social,,,,,https://www.theyworkforyou.com/mp/25845/nadia_whittome/nottingham_east,1996
4779,25915,Taiwo Owatemi,Taiwo Owatemi,True,True,,Female,Minority,Black British,,Dec-19,False,Labour,taiwoowatemi.bsky.social,,,,,https://www.theyworkforyou.com/mp/25915/taiwo_owatemi/coventry_north_west,1992
4788,25813,Fleur Anderson,Fleur Anderson,False,True,,Female,Unknown,,,Dec-19,False,Labour,fleuranderson.bsky.social,,,,,https://www.theyworkforyou.com/mp/25813/fleur_anderson/putney,1971
4870,25759,Florence Eshalomi,Florence Eshalomi,True,True,,Female,Minority,Black British,,Dec-19,False,Labour (Co-op),florenceeshalomi.bsky.social,,,,,https://www.theyworkforyou.com/mp/25759/florence_eshalomi/vauxhall_and_camberwell_green,1980
4777,25823,Sarah Owen,Sarah Owen,False,True,,Female,Minority,British Chinese/White British (Mixed),,Dec-19,False,Labour,sarahowen.org.uk,,,,,https://www.theyworkforyou.com/mp/25823/sarah_owen/luton_north,1983
4864,25908,Olivia Blake,Olivia Blake,False,True,,Female,Unknown,,,Dec-19,False,Labour,,,,,,https://www.theyworkforyou.com/mp/25908/olivia_blake/sheffield_hallam,1990
4799,25885,Charlotte Nichols,Charlotte Nichols,False,True,,Female,Unknown,,,Dec-19,False,Labour,charlotte2153.bsky.social,,,,,https://www.theyworkforyou.com/mp/25885/charlotte_nichols/warrington_north,1991
4780,25851,Laura Trott,Laura Trott,False,True,,Female,Unknown,,,Dec-19,False,Conservative,,,,,,https://www.theyworkforyou.com/mp/25851/laura_trott/sevenoaks,1984
4918,26034,Sarah Green,Sarah Green,False,True,,Female,Unknown,,,Jun-21,True,Liberal Democrat,sarahgreenld.bsky.social,,,,,https://www.theyworkforyou.com/mp/26034/sarah_green/chesham_and_amersham,1982
4923,26040,Kim Leadbeater,Kim Leadbeater,True,True,,Female,Unknown,,,Jul-21,True,Labour,kimleadbeatermp.bsky.social,,,,,https://www.theyworkforyou.com/mp/26040/kim_leadbeater/spen_valley,1976
4934,26056,Helen Morgan,Helen Morgan,False,True,,Female,Unknown,,,Dec-21,True,Liberal Democrat,helenmorganlibdem.bsky.social,,,,,https://www.theyworkforyou.com/mp/26056/helen_morgan/north_shropshire,1975
4938,26061,Paulette Hamilton,Paulette Hamilton,False,True,,Female,Minority,Black British,,Mar-22,True,Labour,paulettehamiltonmp.bsky.social,,,,,https://www.theyworkforyou.com/mp/26061/paulette_hamilton/birmingham_erdington,1962
4976,26118,Samantha Dixon,Samantha Dixon,False,True,,Female,Unknown,,,Dec-22,True,Labour,samanthadixonmp.bsky.social,,,,,https://www.theyworkforyou.com/mp/26118/samantha_dixon/chester_north_and_neston,
4981,26123,Ashley Dalton,Ashley Dalton,False,True,,Female,Unknown,,,Feb-23,True,Labour,ashleydaltonmp.bsky.social,,,,,https://www.theyworkforyou.com/mp/26123/ashley_dalton/west_lancashire,1972
4995,26270,Sarah Dyke,Sarah Dyke,False,True,,Female,Unknown,,,Jul-23,True,Liberal Democrat,sarahdykeld.bsky.social,,,,,https://www.theyworkforyou.com/mp/26270/sarah_dyke/glastonbury_and_somerton,1971
5001,26277,Sarah Edwards,Sarah Edwards,False,True,,Female,Unknown,,,Oct-23,True,Labour,sarahedwardsmp.bsky.social,,,,,https://www.theyworkforyou.com/mp/26277/sarah_edwards/tamworth,1988
5011,26288,Gen Kitchen,Gen Kitchen,False,True,,Female,Unknown,,,Feb-24,True,Labour,genkitchenmp.bsky.social,,,,,https://www.theyworkforyou.com/mp/26288/gen_kitchen/wellingborough_and_rushden,1995
5125,26071,Sorcha Eastwood,Sorcha Eastwood,True,True,,Female,Unknown,,,Jul-24,False,Alliance,sorchaeastwood.bsky.social,,,,,https://www.theyworkforyou.com/mp/26071/sorcha_eastwood/lagan_valley,1985
5058,26337,Juliet Campbell,Juliet Campbell,False,True,,Female,Minority,Black British,,Jul-24,False,Labour,julietcampbellmp.bsky.social,,,,,https://www.theyworkforyou.com/mp/26337/juliet_campbell/broxtowe,
5290,26392,Leigh Ingham,Leigh Ingham,False,True,,Female,Unknown,,,Jul-24,False,Labour,leighinghammp.bsky.social,,,,,https://www.theyworkforyou.com/mp/26392/leigh_ingham/stafford,
5228,26479,Maya Ellis,Maya Ellis,False,True,,Female,Unknown,,,Jul-24,False,Labour,mayaellismp.bsky.social,,,,,https://www.theyworkforyou.com/mp/26479/maya_ellis/ribble_valley,1988
5269,26435,Dr Lauren Sullivan,Lauren Sullivan,False,True,,Female,Unknown,,,Jul-24,False,Labour,laurensullivanmp.bsky.social,,,,,https://www.theyworkforyou.com/mp/26435/lauren_sullivan/gravesham,
5141,26395,Alex Mayer,Alex Mayer,False,True,,Female,Unknown,,,Jul-24,False,Labour,,,,,,https://www.theyworkforyou.com/mp/26395/alex_mayer/dunstable_and_leighton_buzzard,1981
5327,26582,Vikki Slade,Vikki Slade,True,True,,Female,Unknown,,,Jul-24,False,Liberal Democrat,vikkislademp.bsky.social,,,,,https://www.theyworkforyou.com/mp/26582/vikki_slade/mid_dorset_and_north_poole,1990
5157,26429,Susan Murray,Susan Murray,False,True,,Female,Unknown,,,Jul-24,False,Liberal Democrat,mpsusanmurray.bsky.social,,,,,https://www.theyworkforyou.com/mp/26429/susan_murray/mid_dunbartonshire,1957
5105,26358,Jo White,Jo White,False,True,,Female,Unknown,,,Jul-24,False,Labour,jowhitemp.bsky.social,,,,,https://www.theyworkforyou.com/mp/26358/jo_white/bassetlaw,1964
5297,26466,Rebecca Paul,Rebecca Paul,False,True,,Female,Unknown,,,Jul-24,False,Conservative,,,,,,https://www.theyworkforyou.com/mp/26466/rebecca_paul/reigate,1979
5241,26553,Aphra Brandreth,Aphra Brandreth,True,True,,Female,Unknown,,,Jul-24,False,Conservative,,,,,,https://www.theyworkforyou.com/mp/26553/aphra_brandreth/chester_south_and_eddisbury,1978
5301,26512,Rebecca Smith,Rebecca Smith,False,True,,Female,Unknown,,,Jul-24,False,Conservative,swdevonrebecca.bsky.social,,,,,https://www.theyworkforyou.com/mp/26512/rebecca_smith/south_west_devon,1981
5216,26511,Caroline Voaden,Caroline Voaden,True,True,,Female,Unknown,,,Jul-24,False,Liberal Democrat,carolinevoadenmp.bsky.social,,,,,https://www.theyworkforyou.com/mp/26511/caroline_voaden/south_devon,1968
5352,26603,Dr Roz Savage,Roz Savage,False,True,,Female,Unknown,,,Jul-24,False,Liberal Democrat,rozsavage.bsky.social,,,,,https://www.theyworkforyou.com/mp/26603/roz_savage/south_cotswolds,1967
5239,26585,Sarah Gibson,Sarah Gibson,False,True,,Female,Unknown,,,Jul-24,False,Liberal Democrat,sarahgibsonmp.bsky.social,,,,,https://www.theyworkforyou.com/mp/26585/sarah_gibson/chippenham,1966
5286,26497,Anna Sabine,Anna Sabine,False,True,,Female,Unknown,,,Jul-24,False,Liberal Democrat,,,,,,https://www.theyworkforyou.com/mp/26497/anna_sabine/frome_and_east_somerset,
5029,26311,Emma Foody,Emma Foody,True,True,,Female,Unknown,,,Jul-24,False,Labour (Co-op),emmafoodymp.bsky.social,,,,,https://www.theyworkforyou.com/mp/26311/emma_foody/cramlington_and_killingworth,
5070,26556,Lisa Smart,Lisa Smart,False,True,,Female,Unknown,,,Jul-24,False,Liberal Democrat,lisasmartmp.bsky.social,,,,,https://www.theyworkforyou.com/mp/26556/lisa_smart/hazel_grove,
5299,26516,Monica Harding,Monica Harding,False,True,,Female,Unknown,,,Jul-24,False,Liberal Democrat,monicaharding.bsky.social,,,,,https://www.theyworkforyou.com/mp/26516/monica_harding/esher_and_walton,
5355,26635,Sarah Bool,Sarah Bool,True,True,,Female,Unknown,,,Jul-24,False,Conservative,sarahbool.bsky.social,,,,,https://www.theyworkforyou.com/mp/26635/sarah_bool/south_northamptonshire,1987
5122,26569,Manuela Perteghella,Manuela Perteghella,True,True,,Female,Unknown,,,Jul-24,False,Liberal Democrat,mp4stratford.bsky.social,,,,,https://www.theyworkforyou.com/mp/26569/manuela_perteghella/stratford-on-avon,1973
5139,26412,Emily Darlington,Emily Darlington,False,True,,Female,Unknown,,,Jul-24,False,Labour,emily4mk.bsky.social,,,,,https://www.theyworkforyou.com/mp/26412/emily_darlington/milton_keynes_central,
5123,26360,Polly Billington,Polly Billington,True,True,,Female,Unknown,,,Jul-24,False,Labour,pollybillington.bsky.social,,,,,https://www.theyworkforyou.com/mp/26360/polly_billington/east_thanet,1967
5202,26567,Jessica Toale,Jessica Toale,True,True,,Female,Unknown,,,Jul-24,False,Labour,jessicatoale.bsky.social,,,,,https://www.theyworkforyou.com/mp/26567/jessica_toale/bournemouth_west,
5267,26600,Yuan Yang,Yuan Yang,False,True,,Female,Minority,British Chinese,,Jul-24,False,Labour,yuanfenyang.bsky.social,,,,,https://www.theyworkforyou.com/mp/26600/yuan_yang/earley_and_woodley,1990
5232,26475,Lorraine Beavers,Lorraine Beavers,False,True,,Female,Unknown,,,Jul-24,False,Labour,,,,,,https://www.theyworkforyou.com/mp/26475/lorraine_beavers/blackpool_north_and_fleetwood,1962
5306,26496,Claire Hazelgrove,Claire Hazelgrove,True,True,,Female,Unknown,,,Jul-24,False,Labour,chazelgrovemp.bsky.social,,,,,https://www.theyworkforyou.com/mp/26496/claire_hazelgrove/filton_and_bradley_stoke,1988
5102,26379,Carla Denyer,Carla Denyer,True,True,,Female,Unknown,,,Jul-24,False,Green Party,carladenyer.bsky.social,,,,,https://www.theyworkforyou.com/mp/26379/carla_denyer/bristol_central,1985
5249,26577,Ellie Chowns,Ellie Chowns,True,True,,Female,Unknown,,,Jul-24,False,Green Party,elliechowns.bsky.social,,,,,https://www.theyworkforyou.com/mp/26577/ellie_chowns/north_herefordshire,1975
5314,25752,Siân Berry,Siân Berry,True,True,,Female,Unknown,,,Jul-24,False,Green Party,sianberry.bsky.social,,,,,https://www.theyworkforyou.com/mp/25752/si%C3%A2n_berry/brighton_pavilion,1974
5240,26610,Melanie Ward,Melanie Ward,False,True,,Female,Unknown,,,Jul-24,False,Labour,melanieward.bsky.social,,,,,https://www.theyworkforyou.com/mp/26610/melanie_ward/cowdenbeath_and_kirkcaldy,1981
5341,26629,Laura Kyrke-Smith,Laura Kyrke-Smith,True,True,,Female,Unknown,,,Jul-24,False,Labour,laurakyrkesmith.bsky.social,,,,,https://www.theyworkforyou.com/mp/26629/laura_kyrke-smith/aylesbury,1983
5307,26515,Dr Beccy Cooper,Beccy Cooper,True,True,,Female,Unknown,,,Jul-24,False,Labour,drbeccycoopermp.bsky.social,,,,,https://www.theyworkforyou.com/mp/26515/beccy_cooper/worthing_west,
5225,26592,Lizzi Collinge,Lizzi Collinge,True,True,,Female,Unknown,,,Jul-24,False,Labour,lizzicollinge.bsky.social,,,,,https://www.theyworkforyou.com/mp/26592/lizzi_collinge/morecambe_and_lunesdale,
5094,26403,Julie Minns,Julie Minns,True,True,,Female,Unknown,,,Jul-24,False,Labour,,,,,,https://www.theyworkforyou.com/mp/26403/julie_minns/carlisle,1968
5334,26621,Dr Allison Gardner,Allison Gardner,False,True,,Female,Unknown,,,Jul-24,False,Labour,allisongardner.bsky.social,,,,,https://www.theyworkforyou.com/mp/26621/allison_gardner/stoke-on-trent_south,
5143,26405,Catherine Atkinson,Catherine Atkinson,False,True,,Female,Unknown,,,Jul-24,False,Labour,catherineatkinson.bsky.social,,,,,https://www.theyworkforyou.com/mp/26405/catherine_atkinson/derby_north,
5333,26596,Lucy Rigby,Lucy Rigby,False,True,,Female,Unknown,,,Jul-24,False,Labour,lucyrigby.bsky.social,,,,,https://www.theyworkforyou.com/mp/26596/lucy_rigby/northampton_north,1982
,26315,Lola Mcevoy,Lola McEvoy,True,True,,Female,Unknown,,,Jul-24,False,Labour,,,,,,https://www.theyworkforyou.com/mp/26315/lola_mcevoy/darlington,1987
5260,26520,Katie White,Katie White,False,True,,Female,Unknown,,,Jul-24,False,Labour,katiewhitemp.bsky.social,,,,,https://www.theyworkforyou.com/mp/26520/katie_white/leeds_north_west,1980
5063,26375,Johanna Baxter,Johanna Baxter,False,True,,Female,Unknown,,,Jul-24,False,Labour,,,,,,https://www.theyworkforyou.com/mp/26375/johanna_baxter/paisley_and_renfrewshire_south,1979
5190,13984,Patricia Ferguson,Patricia Ferguson,False,True,,Female,Unknown,,,Jul-24,False,Labour,pjferguson.bsky.social,,,,,https://www.theyworkforyou.com/mp/13984/patricia_ferguson/glasgow_west,1958
5188,26526,Tracy Gilbert,Tracy Gilbert,False,True,,Female,Unknown,,,Jul-24,False,Labour,tracygilbertmp.bsky.social,,,,,https://www.theyworkforyou.com/mp/26526/tracy_gilbert/edinburgh_north_and_leith,
5043,26327,Lillian Jones,Lillian Jones,False,True,,Female,Unknown,,,Jul-24,False,Labour,,,,,,https://www.theyworkforyou.com/mp/26327/lillian_jones/kilmarnock_and_loudoun,
5206,26598,Elaine Stewart,Elaine Stewart,False,True,,Female,Unknown,,,Jul-24,False,Labour,,,,,,https://www.theyworkforyou.com/mp/26598/elaine_stewart/ayr%2C_carrick_and_cumnock,
5079,26418,Joani Reid,Joani Reid,True,True,,Female,Unknown,,,Jul-24,False,Independent,joanireid.com,,,,,https://www.theyworkforyou.com/mp/26418/joani_reid/east_kilbride_and_strathaven,1985
5038,26318,Anneliese Midgley,Anneliese Midgley,True,True,,Female,Unknown,,,Jul-24,False,Labour,anneliesemidgleymp.bsky.social,,,,,https://www.theyworkforyou.com/mp/26318/anneliese_midgley/knowsley,
5272,26495,Margaret Mullane,Margaret Mullane,True,True,,Female,Unknown,,,Jul-24,False,Labour,margaretmullanemp.bsky.social,,,,,https://www.theyworkforyou.com/mp/26495/margaret_mullane/dagenham_and_rainham,
5337,26609,Olivia Bailey,Olivia Bailey,False,True,,Female,Unknown,,,Jul-24,False,Labour,oliviabailey.bsky.social,,,,,https://www.theyworkforyou.com/mp/26609/olivia_bailey/reading_west_and_mid_berkshire,1986
5257,26546,Rachel Blake,Rachel Blake,False,True,,Female,Unknown,,,Jul-24,False,Labour (Co-op),rachelblakemp.bsky.social,,,,,https://www.theyworkforyou.com/mp/26546/rachel_blake/cities_of_london_and_westminster,
5088,26452,Sarah Coombes,Sarah Coombes,True,True,,Female,Unknown,,,Jul-24,False,Labour,,,,,,https://www.theyworkforyou.com/mp/26452/sarah_coombes/west_bromwich,1991
5285,26588,Katie Lam,Katie Lam,False,True,,Female,Unknown,,,Jul-24,False,Conservative,,,,,,https://www.theyworkforyou.com/mp/26588/katie_lam/weald_of_kent,1991
5075,26384,Deirdre Costigan,Deirdre Costigan,True,True,,Female,Unknown,,,Jul-24,False,Labour,deirdrecostiganmp.bsky.social,,,,,https://www.theyworkforyou.com/mp/26384/deirdre_costigan/ealing_southall,
5173,26444,Alex Baker,Alex Baker,False,True,,Female,Unknown,,,Jul-24,False,Labour,msalexbaker.bsky.social,,,,,https://www.theyworkforyou.com/mp/26444/alex_baker/aldershot,1982
5152,26433,Sureena Brackenridge,Sureena Brackenridge,True,True,,Female,Minority,British Indian,,Jul-24,False,Labour,sureenawne.bsky.social,,,,,https://www.theyworkforyou.com/mp/26433/sureena_brackenridge/wolverhampton_north_east,1974
5160,26472,Jenny Riddell-Carpenter,Jenny Riddell-Carpenter,False,True,,Female,Unknown,,,Jul-24,False,Labour,jenny4suffcoast.bsky.social,,,,,https://www.theyworkforyou.com/mp/26472/jenny_riddell-carpenter/suffolk_coastal,1986
,26460,Kirsty Mcneill,Kirsty McNeill,False,True,,Female,Unknown,,,Jul-24,False,Labour,kirstymcneill.bsky.social,,,,,https://www.theyworkforyou.com/mp/26460/kirsty_mcneill/midlothian,
5311,26538,Harriet Cross,Harriet Cross,False,True,,Female,Unknown,,,Jul-24,False,Conservative,,,,,,https://www.theyworkforyou.com/mp/26538/harriet_cross/gordon_and_buchan,1990
5068,26363,Shivani Raja,Shivani Raja,True,True,,Female,Minority,British Indian,,Jul-24,False,Conservative,,,,,,https://www.theyworkforyou.com/mp/26363/shivani_raja/leicester_east,1994
5149,26449,Amanda Hack,Amanda Hack,False,True,,Female,Unknown,,,Jul-24,False,Labour,,,,,,https://www.theyworkforyou.com/mp/26449/amanda_hack/north_west_leicestershire,1976
5279,26525,Jayne Kirkham,Jayne Kirkham,True,True,,Female,Unknown,,,Jul-24,False,Labour (Co-op),jaynekirkhammp.bsky.social,,,,,https://www.theyworkforyou.com/mp/26525/jayne_kirkham/truro_and_falmouth,1972
5048,26342,Antonia Bance,Antonia Bance,True,True,,Female,Unknown,,,Jul-24,False,Labour,antoniabance.bsky.social,,,,,https://www.theyworkforyou.com/mp/26342/antonia_bance/tipton_and_wednesbury,
5142,26413,Abtisam Mohamed,Abtisam Mohamed,True,True,,Female,Minority,British Yemeni,,Jul-24,False,Labour,,,,,,https://www.theyworkforyou.com/mp/26413/abtisam_mohamed/sheffield_central,1980
5095,26378,Kirith Entwistle,Kirith Entwistle,True,True,,Female,Minority,British Indian,,Jul-24,False,Labour,kirithentwistle.bsky.social,,,,,https://www.theyworkforyou.com/mp/26378/kirith_entwistle/bolton_north_east,1991
5084,26481,Elsie Blundell,Elsie Blundell,True,True,,Female,Unknown,,,Jul-24,False,Labour,elsieblundellmp.bsky.social,,,,,https://www.theyworkforyou.com/mp/26481/elsie_blundell/heywood_and_middleton_north,1990
5154,26416,Sarah Hall,Sarah Hall,False,True,,Female,Unknown,,,Jul-24,False,Labour (Co-op),sarahhall-labour.bsky.social,,,,,https://www.theyworkforyou.com/mp/26416/sarah_hall/warrington_south,
5289,26508,Harpreet Uppal,Harpreet Uppal,True,True,,Female,Minority,British Indian,,Jul-24,False,Labour,harpreetuppalmp.bsky.social,,,,,https://www.theyworkforyou.com/mp/26508/harpreet_uppal/huddersfield,
5281,26524,Anna Dixon,Anna Dixon,False,True,,Female,Unknown,,,Jul-24,False,Labour,annadixonmp.bsky.social,,,,,https://www.theyworkforyou.com/mp/26524/anna_dixon/shipley,
5085,26454,Llinos Medi,Llinos Medi,True,True,,Female,Unknown,,,Jul-24,False,Plaid Cymru,llinosmedi.bsky.social,,,,,https://www.theyworkforyou.com/mp/26454/llinos_medi/ynys_mon,1981
5177,26359,Ann Davies,Ann Davies,False,True,,Female,Unknown,,,Jul-24,False,Plaid Cymru,anndaviesplaid.bsky.social,,,,,https://www.theyworkforyou.com/mp/26359/ann_davies/caerfyrddin,1962
5104,26394,Gill German,Gill German,False,True,,Female,Unknown,,,Jul-24,False,Labour,,,,,,https://www.theyworkforyou.com/mp/26394/gill_german/clwyd_north,
5113,26393,Claire Hughes,Claire Hughes,False,True,,Female,Unknown,,,Jul-24,False,Labour,,,,,,https://www.theyworkforyou.com/mp/26393/claire_hughes/bangor_aberconwy,
5049,26322,Michelle Scrogham,Michelle Scrogham,True,True,,Female,Unknown,,,Jul-24,False,Labour,michellescrogham.bsky.social,,,,,https://www.theyworkforyou.com/mp/26322/michelle_scrogham/barrow_and_furness,1970
5309,26494,Katrina Murray,Katrina Murray,False,True,,Female,Unknown,,,Jul-24,False,Labour,katrinamurraymp.bsky.social,,,,,https://www.theyworkforyou.com/mp/26494/katrina_murray/cumbernauld_and_kirkintilloch,
5133,26450,Alice Macdonald,Alice Macdonald,False,True,,Female,Unknown,,,Jul-24,False,Labour (Co-op),alicemlabour.bsky.social,,,,,https://www.theyworkforyou.com/mp/26450/alice_macdonald/norwich_north,1983
5107,26356,Linsey Farnsworth,Linsey Farnsworth,True,True,,Female,Unknown,,,Jul-24,False,Labour,linseyfarnsworthmp.bsky.social,,,,,https://www.theyworkforyou.com/mp/26356/linsey_farnsworth/amber_valley,
5252,26543,Rachel Gilmour,Rachel Gilmour,False,True,,Female,Unknown,,,Jul-24,False,Liberal Democrat,rachelgilmourld.bsky.social,,,,,https://www.theyworkforyou.com/mp/26543/rachel_gilmour/tiverton_and_minehead,1964
5283,26498,Alison Bennett,Alison Bennett,False,True,,Female,Unknown,,,Jul-24,False,Liberal Democrat,alisonebennett.bsky.social,,,,,https://www.theyworkforyou.com/mp/26498/alison_bennett/mid_sussex,
5335,26372,Jess Brown-Fuller,Jessica Brown-Fuller,False,True,,Female,Unknown,,,Jul-24,False,Liberal Democrat,jessbrownfullermp.bsky.social,,,,,https://www.theyworkforyou.com/mp/26372/jessica_brown-fuller/chichester,1990
5078,26421,Pippa Heylings,Pippa Heylings,True,True,,Female,Unknown,,,Jul-24,False,Liberal Democrat,pippaheylings.bsky.social,,,,,https://www.theyworkforyou.com/mp/26421/pippa_heylings/south_cambridgeshire,
5073,26338,Marie Goldman,Marie Goldman,False,True,,Female,Unknown,,,Jul-24,False,Liberal Democrat,mariecgoldman.bsky.social,,,,,https://www.theyworkforyou.com/mp/26338/marie_goldman/chelmsford,
5313,26555,Zöe Franklin,Zöe Franklin,True,True,,Female,Unknown,,,Jul-24,False,Liberal Democrat,zoefranklinld.bsky.social,,,,,https://www.theyworkforyou.com/mp/26555/zoe_franklin/guildford,1981
5093,26563,Alison Taylor,Alison Taylor,False,True,,Female,Unknown,,,Jul-24,False,Labour,alisonstaylormp.bsky.social,,,,,https://www.theyworkforyou.com/mp/26563/alison_taylor/paisley_and_renfrewshire_north,
5098,26390,Dr Marie Tidball,Marie Tidball,True,True,,Female,Unknown,,,Jul-24,False,Labour,marietidball.bsky.social,,,,,https://www.theyworkforyou.com/mp/26390/marie_tidball/penistone_and_stocksbridge,
5203,26536,Alison Griffiths,Alison Griffiths,False,True,,Female,Unknown,,,Jul-24,False,Conservative,,,,,,https://www.theyworkforyou.com/mp/26536/alison_griffiths/bognor_regis_and_littlehampton,1969
5324,26571,Sarah Russell,Sarah Russell,False,True,,Female,Unknown,,,Jul-24,False,Labour,sarahrussellmp.bsky.social,,,,,https://www.theyworkforyou.com/mp/26571/sarah_russell/congleton,
5119,26404,Natasha Irons,Natasha Irons,False,True,,Female,Minority,Black British/White British (Mixed),,Jul-24,False,Labour,ndironsmp.bsky.social,,,,,https://www.theyworkforyou.com/mp/26404/natasha_irons/croydon_east,
5156,26386,Jess Asato,Jessica Asato,True,True,,Female,Unknown,,,Jul-24,False,Labour,jessasatomp.bsky.social,,,,,https://www.theyworkforyou.com/mp/26386/jessica_asato/lowestoft,1981
5254,26523,Alison Hume,Alison Hume,False,True,,Female,Unknown,,,Jul-24,False,Labour,,,,,,https://www.theyworkforyou.com/mp/26523/alison_hume/scarborough_and_whitby,
5274,26590,Sonia Kumar,Sonia Kumar,False,True,,Female,Minority,British Indian,,Jul-24,False,Labour,,,,,,https://www.theyworkforyou.com/mp/26590/sonia_kumar/dudley,
5178,26406,Sally Jameson,Sally Jameson,False,True,,Female,Unknown,,,Jul-24,False,Labour (Co-op),,,,,,https://www.theyworkforyou.com/mp/26406/sally_jameson/doncaster_central,
5201,26539,Victoria Collins,Victoria Collins,False,True,,Female,Minority,British Chinese/White British (Mixed),,Jul-24,False,Liberal Democrat,victoria-collins.bsky.social,,,,,https://www.theyworkforyou.com/mp/26539/victoria_collins/harpenden_and_berkhamsted,
5040,26325,Liz Jarvis,Liz Jarvis,False,True,,Female,Unknown,,,Jul-24,False,Liberal Democrat,lizjarvis.bsky.social,,,,,https://www.theyworkforyou.com/mp/26325/liz_jarvis/eastleigh,
5263,26366,Alex Brewer,Alex Brewer,False,True,,Female,Unknown,,,Jul-24,False,Liberal Democrat,alexkbrewer.bsky.social,,,,,https://www.theyworkforyou.com/mp/26366/alex_brewer/north_east_hampshire,
5271,26451,Satvir Kaur,Satvir Kaur,True,True,,Female,Minority,British Indian,,Jul-24,False,Labour,laboursatvir.bsky.social,,,,,https://www.theyworkforyou.com/mp/26451/satvir_kaur/southampton_test,
5182,26425,Charlotte Cane,Charlotte Cane,False,True,,Female,Unknown,,,Jul-24,False,Liberal Democrat,charlotte-cane-mp.bsky.social,,,,,https://www.theyworkforyou.com/mp/26425/charlotte_cane/ely_and_east_cambridgeshire,1958
5140,26458,Claire Young,Claire Young,False,True,,Female,Unknown,,,Jul-24,False,Liberal Democrat,claireyoungmp.bsky.social,,,,,https://www.theyworkforyou.com/mp/26458/claire_young/thornbury_and_yate,1974
5145,26419,Irene Campbell,Irene Campbell,False,True,,Female,Unknown,,,Jul-24,False,Labour,irenecampbellmp.bsky.social,,,,,https://www.theyworkforyou.com/mp/26419/irene_campbell/north_ayrshire_and_arran,1964
5137,26455,Maureen Burke,Maureen Burke,False,True,,Female,Unknown,,,Jul-24,False,Labour,maureenburke.bsky.social,,,,,https://www.theyworkforyou.com/mp/26455/maureen_burke/glasgow_north_east,
5291,26510,Catherine Fookes,Catherine Fookes,True,True,,Female,Unknown,,,Jul-24,False,Labour,catherinefookesmp.bsky.social,,,,,https://www.theyworkforyou.com/mp/26510/catherine_fookes/monmouthshire,1970
5224,26548,Kate Dearden,Kate Dearden,True,True,,Female,Unknown,,,Jul-24,False,Labour (Co-op),katedeardenmp.bsky.social,,,,,https://www.theyworkforyou.com/mp/26548/kate_dearden/halifax,1994
5180,26474,Nesil Caliskan,Nesil Caliskan,True,True,,Female,Unknown,,,Jul-24,False,Labour,,,,,,https://www.theyworkforyou.com/mp/26474/nesil_caliskan/barking,1988
5215,26562,Naushabah Khan,Naushabah Khan,True,True,,Female,Minority,British Pakistani,,Jul-24,False,Labour,naushabahkhanmp.bsky.social,,,,,https://www.theyworkforyou.com/mp/26562/naushabah_khan/gillingham_and_rainham,1986
5298,26597,Lauren Edwards,Lauren Edwards,False,True,,Female,Unknown,,,Jul-24,False,Labour,laurenedwardsmp.bsky.social,,,,,https://www.theyworkforyou.com/mp/26597/lauren_edwards/rochester_and_strood,
5150,26414,Samantha Niblett,Samantha Niblett,True,True,,Female,Unknown,,,Jul-24,False,Labour,samanthaniblett.bsky.social,,,,,https://www.theyworkforyou.com/mp/26414/samantha_niblett/south_derbyshire,1979
,26586,Louise Jones,Louise Jones,False,True,,Female,Unknown,,,Jul-24,False,Labour,louisesandherjones.bsky.social,,,,,https://www.theyworkforyou.com/mp/26586/louise_jones/north_east_derbyshire,
5065,26478,Rachel Taylor,Rachel Taylor,False,True,,Female,Unknown,,,Jul-24,False,Labour,racheltaylormp.bsky.social,,,,,https://www.theyworkforyou.com/mp/26478/rachel_taylor/north_warwickshire_and_bedworth,
5192,26507,Helena Dollimore,Helena Dollimore,True,True,,Female,Unknown,,,Jul-24,False,Labour (Co-op),,,,,,https://www.theyworkforyou.com/mp/26507/helena_dollimore/hastings_and_rye,1994
5179,26501,Kirsteen Sullivan,Kirsteen Sullivan,True,True,,Female,Unknown,,,Jul-24,False,Labour (Co-op),kittysull1.bsky.social,,,,,https://www.theyworkforyou.com/mp/26501/kirsteen_sullivan/bathgate_and_linlithgow,1975
5331,26615,Rosie Wrighting,Rosie Wrighting,True,True,,Female,Unknown,,,Jul-24,False,Labour,rosiewrightingmp.bsky.social,,,,,https://www.theyworkforyou.com/mp/26615/rosie_wrighting/kettering,1997
5204,26438,Sarah Sackman,Sarah Sackman,True,True,,Female,Unknown,,,Jul-24,False,Labour,sarahsackman.bsky.social,,,,,https://www.theyworkforyou.com/mp/26438/sarah_sackman/finchley_and_golders_green,1984
5236,26465,Jade Botterill,Jade Botterill,True,True,,Female,Unknown,,,Jul-24,False,Labour,,,,,,https://www.theyworkforyou.com/mp/26465/jade_botterill/ossett_and_denby_dale,1990
5136,26409,Imogen Walker,Imogen Walker,False,True,,Female,Unknown,,,Jul-24,False,Labour,imogenwalker.bsky.social,,,,,https://www.theyworkforyou.com/mp/26409/imogen_walker/hamilton_and_clyde_valley,
5353,26618,Anna Gelderd,Anna Gelderd,True,True,,Female,Unknown,,,Jul-24,False,Labour,annagelderdmp.bsky.social,,,,,https://www.theyworkforyou.com/mp/26618/anna_gelderd/south_east_cornwall,1986
5171,26436,Julia Buckley,Julia Buckley,False,True,,Female,Unknown,,,Jul-24,False,Labour,juliabuckley.bsky.social,,,,,https://www.theyworkforyou.com/mp/26436/julia_buckley/shrewsbury,
5293,26587,Cat Eccles,Cat Eccles,False,True,,Female,Unknown,,,Jul-24,False,Labour,cateccles.bsky.social,,,,,https://www.theyworkforyou.com/mp/26587/cat_eccles/stourbridge,
5036,26314,Jodie Gosling,Jodie Gosling,False,True,,Female,Unknown,,,Jul-24,False,Labour,jodiegoslingmp.bsky.social,,,,,https://www.theyworkforyou.com/mp/26314/jodie_gosling/nuneaton,1972
5336,26627,Helen Maguire,Helen Maguire,False,True,,Female,Unknown,,,Jul-24,False,Liberal Democrat,helenmaguiremp.bsky.social,,,,,https://www.theyworkforyou.com/mp/26627/helen_maguire/epsom_and_ewell,1977
5305,26528,Georgia Gould,Georgia Gould,False,True,,Female,Unknown,,,Jul-24,False,Labour,georgiagould.bsky.social,,,,,https://www.theyworkforyou.com/mp/26528/georgia_gould/queen%27s_park_and_maida_vale,1986
5181,26568,Becky Gittins,Becky Gittins,True,True,,Female,Unknown,,,Jul-24,False,Labour,,,,,,https://www.theyworkforyou.com/mp/26568/becky_gittins/clwyd_east,
5099,26389,Miatta Fahnbulleh,Miatta Fahnbulleh,True,True,,Female,Minority,Black British,,Jul-24,False,Labour (Co-op),miattafahnbulleh.bsky.social,,,,,https://www.theyworkforyou.com/mp/26389/miatta_fahnbulleh/peckham,1979
5294,26430,Amanda Martin,Amanda Martin,False,True,,Female,Unknown,,,Jul-24,False,Labour,amandamartinmp.bsky.social,,,,,https://www.theyworkforyou.com/mp/26430/amanda_martin/portsmouth_north,
5226,26550,Michelle Welsh,Michelle Welsh,False,True,,Female,Unknown,,,Jul-24,False,Labour,michellewelshmp.bsky.social,,,,,https://www.theyworkforyou.com/mp/26550/michelle_welsh/sherwood_forest,
5056,26341,Jen Craft,Jennifer Craft,False,True,,Female,Unknown,,,Jul-24,False,Labour,thurrockjen.bsky.social,ThurrockJen,thurrockjen,thurrockjen,,https://www.theyworkforyou.com/mp/26341/jennifer_craft/thurrock,1985
5117,26410,Sarah Smith,Sarah Smith,False,True,,Female,Unknown,,,Jul-24,False,Labour,sarahsmithlab.bsky.social,sarahsmithlab,SarahSmithForHH,sarah_smith_mp ,,https://www.theyworkforyou.com/mp/26410/sarah_smith/hyndburn,1986
5053,26343,Natalie Fleet,Natalie Fleet,False,True,,Female,Unknown,,,Jul-24,False,Labour,natalie-fleet-mp.bsky.social,NatalieFleetMP,,nataliefleetmp ,,https://www.theyworkforyou.com/mp/26343/natalie_fleet/bolsover,1984
5042,26324,Pam Cox,Pam Cox,False,True,,Female,Unknown,,,Jul-24,False,Labour,,,,,,https://www.theyworkforyou.com/mp/26324/pam_cox/colchester,
5278,26542,Uma Kumaran,Uma Kumaran,True,True,,Female,Minority,British Sri Lankan,,Jul-24,False,Labour,umakumaran.bsky.social,Uma_Kumaran,UmaKumaranMP,uma.kumaran.mp,UmaKumaranMP,https://www.theyworkforyou.com/mp/26542/uma_kumaran/stratford_and_bow,
5261,26614,Pat Cullen,Pat Cullen,False,True,,Female,Unknown,,,Jul-24,False,Sinn Féin,,,,,,https://www.theyworkforyou.com/mp/26614/pat_cullen/fermanagh_and_south_tyrone,1965
5403,26683,Sarah Pochin,Sarah Pochin,True,True,,Female,Unknown,,,May-25,True,Reform UK,,,,,,https://www.theyworkforyou.com/mp/26683/sarah_pochin/runcorn_and_helsby,1969
5131,26385,Jack Abbott,Jack Abbott,False,True,,Male,Unknown,,,,,Labour (Co-op),jackabbott.bsky.social,jackabbott90,,,,https://www.theyworkforyou.com/mp/26385/jack_abbott/ipswich,1990
5120,26364,Shockat Adam,Shockat Adam,True,True,,Male,Minority,British Indian,,,,Independent,shockatadam.bsky.social,ShockatAdam,,,,https://www.theyworkforyou.com/mp/26364/shockat_adam/leicester_south,1972
5213,26483,Zubir Ahmed,Zubir Ahmed,True,True,,Male,Minority,British Pakistani,,,,Labour,zubirahmed.bsky.social,zubirahmed,,,,https://www.theyworkforyou.com/mp/26483/zubir_ahmed/glasgow_south_west,1981
5112,26420,Luke Akehurst,Luke Akehurst,True,True,,Male,Unknown,,,,,Labour,luke-akehurstmp.bsky.social,lukeakehurst,,,,https://www.theyworkforyou.com/mp/26420/luke_akehurst/north_durham,1972
5312,26527,Sadik Al-Hassan,Sadik Al-Hassan,True,True,,Male,Minority,British Syrian/White Irish (Mixed),,,,Labour,sadikal-hassanmp.bsky.social,SadikAlHassanMP,,,,https://www.theyworkforyou.com/mp/26527/sadik_al-hassan/north_somerset,1984
5097,26422,Bayo Alaba,Bayo Alaba,True,True,,Male,Minority,Black British,,,,Labour,,BayoAlaba,,,,https://www.theyworkforyou.com/mp/26422/bayo_alaba/southend_east_and_rochford,
5172,26453,Dan Aldridge,Dan Aldridge,False,True,,Male,Unknown,,,,,Labour,danaldridgemp.bsky.social,DanAldridgeWSM,,,,https://www.theyworkforyou.com/mp/26453/dan_aldridge/weston-super-mare,1984
632,10661,Douglas Alexander,Douglas Alexander,False,True,,Male,Unknown,,,,,Labour (Co-op),,,,,,https://www.theyworkforyou.com/mp/10661/douglas_alexander/lothian_east,1967
4747,25888,Tahir Ali,Tahir Ali,False,True,,Male,Minority,British Pakistani,,,,Labour,,TahirAliMP,,,,https://www.theyworkforyou.com/mp/25888/tahir_ali/birmingham_hall_green_and_moseley,1971
5356,25122,Jim Allister,Jim Allister,True,True,,Male,Unknown,,,,,Traditional Unionist Voice,,JimAllister,,,,https://www.theyworkforyou.com/mp/25122/jim_allister/north_antrim,1953
5250,26531,Gideon Amos,Gideon Amos,False,True,,Male,Unknown,,,,,Liberal Democrat,gideonamos.bsky.social,GideonJAmos,,,,https://www.theyworkforyou.com/mp/26531/gideon_amos/taunton_and_wellington,
5193,26380,Callum Anderson,Callum Anderson,False,True,,Male,Minority,Black British/White British (Mixed),,,,Labour,callumandersonmp.bsky.social,_CallumAnderson,,,,https://www.theyworkforyou.com/mp/26380/callum_anderson/buckingham_and_bletchley,1991
4743,25894,Lee Anderson,Lee Anderson,False,True,,Male,Unknown,,,,,Reform UK,,LeeAndersonMP_,,,,https://www.theyworkforyou.com/mp/25894/lee_anderson/ashfield,1967
4742,25818,Stuart Anderson,Stuart Anderson,False,True,,Male,Unknown,,,,,Conservative,,_AndersonStuart,,,,https://www.theyworkforyou.com/mp/25818/stuart_anderson/south_shropshire,1976
4032,24864,Stuart Andrew,Stuart Andrew,False,True,,Male,Unknown,,,,,Conservative,,StuartAndrew,StuartAndrewPudsey,,,https://www.theyworkforyou.com/mp/24864/stuart_andrew/daventry,1971
5164,26491,Steff Aquarone,Steffan Aquarone,True,True,,Male,Unknown,,,,,Liberal Democrat,steffanaquarone.bsky.social,Steffanaquarone,,,,https://www.theyworkforyou.com/mp/26491/steffan_aquarone/north_norfolk,1984
4362,25396,Edward Argar,Edward Argar,True,True,,Male,Unknown,,,,,Conservative,,,,,,https://www.theyworkforyou.com/mp/25396/edward_argar/melton_and_syston,1977
5212,26591,Scott Arthur,Scott Arthur,False,True,,Male,Unknown,,,,,Labour,drscottarthurmp.bsky.social,DrScottArthurMP,,,,https://www.theyworkforyou.com/mp/26591/scott_arthur/edinburgh_south_west,1969
5211,26594,James Asser,James Asser,True,True,,Male,Unknown,,,,,Labour,jamesasser.bsky.social,JamesAsser,,,,https://www.theyworkforyou.com/mp/26594/james_asser/west_ham_and_beckton,1975
5227,26439,Jas Athwal,Jas Athwal,True,True,,Male,Minority,British Indian,,,,Labour,jasathwal.bsky.social,Jas_Athwal,,,,https://www.theyworkforyou.com/mp/26439/jas_athwal/ilford_south,1963
5028,26309,Lewis Atkinson,Lewis Atkinson,False,True,,Male,Unknown,,,,,Labour,lewisatkinson.bsky.social,LewisAtkinson,,,,https://www.theyworkforyou.com/mp/26309/lewis_atkinson/sunderland_central,1982
5086,26353,Josh Babarinde,Josh Babarinde,True,True,,Male,Minority,Black British/White British (Mixed),,,,Liberal Democrat,joshbabarinde.bsky.social,JoshBabarinde,,,,https://www.theyworkforyou.com/mp/26353/josh_babarinde/eastbourne,1993
4798,25750,Gareth Bacon,Gareth Bacon,False,True,,Male,Unknown,,,,,Conservative,,GarethBaconMP,,,,https://www.theyworkforyou.com/mp/25750/gareth_bacon/orpington,1972
5054,26340,Calvin Bailey,Calvin Bailey,False,True,,Male,Minority,Black British/White British (Mixed),,,,Labour,,CalvinBailey,,,,https://www.theyworkforyou.com/mp/26340/calvin_bailey/leyton_and_wanstead,1977
5092,26565,David Baines,David Baines,False,True,,Male,Unknown,,,,,Labour,davidbainesmp.bsky.social,,,,,https://www.theyworkforyou.com/mp/26565/david_baines/st_helens_north,1979
5253,13952,Richard Baker,Richard Baker,False,True,,Male,Unknown,,,,,Labour,richardbakermp.bsky.social,RichardBakerMP,,,,https://www.theyworkforyou.com/mp/13952/richard_baker/glenrothes_and_mid_fife,
5238,26580,Alex Ballinger,Alex Ballinger,True,True,,Male,Unknown,,,,,Labour,alexballingermp.bsky.social,AlexBallingerMP,,,,https://www.theyworkforyou.com/mp/26580/alex_ballinger/halesowen,
4095,24916,Steve Barclay,Steve Barclay,False,True,,Male,Unknown,,,,,Conservative,stevebarclay.bsky.social,SteveBarclay,stevebarclaymp,,,https://www.theyworkforyou.com/mp/24916/steve_barclay/north_east_cambridgeshire,1972
5315,26554,Lee Barron,Lee Barron,False,True,,Male,Unknown,,,,,Labour,,LeeBarronMP,,,,https://www.theyworkforyou.com/mp/26554/lee_barron/corby_and_east_northamptonshire,1970
5175,26402,Alex Barros-Curtis,Alex Barros-Curtis,True,True,,Male,Unknown,,,,,Labour,abarroscurtis.bsky.social,ABarrosCurtis,,,,https://www.theyworkforyou.com/mp/26402/alex_barros-curtis/cardiff_west,1986
5339,26619,Danny Beales,Danny Beales,True,True,,Male,Unknown,,,,,Labour,dannybealesmp.bsky.social,DannyBeales,,,,https://www.theyworkforyou.com/mp/26619/danny_beales/uxbridge_and_south_ruislip,1988
5330,26625,Peter Bedford,Peter Bedford,False,True,,Male,Minority,Anglo-Indian,,,,Conservative,,PeterABedford,,,,https://www.theyworkforyou.com/mp/26625/peter_bedford/mid_leicestershire,1986
5069,26331,Torsten Bell,Torsten Bell,True,True,,Male,Unknown,,,,,Labour,torstenbell.bsky.social,TorstenBell,,,,https://www.theyworkforyou.com/mp/26331/torsten_bell/swansea_west,1982
413,10669,Hilary Benn,Hilary Benn,False,True,,Male,Unknown,,,,,Labour,,hilarybennmp,hilarybenn4leedscentral,,,https://www.theyworkforyou.com/mp/10669/hilary_benn/leeds_south,1953
394,10045,Clive Betts,Clive Betts,False,True,,Male,Unknown,,,,,Labour,,CliveBettsMP,clive.betts.sheffieldse,,,https://www.theyworkforyou.com/mp/10045/clive_betts/sheffield_south_east,1950
4818,25847,Saqib Bhatti,Saqib Bhatti,True,True,,Male,Minority,British Pakistani,,,,Conservative,saqibbhattimp.bsky.social,bhatti_saqib,,,,https://www.theyworkforyou.com/mp/25847/saqib_bhatti/meriden_and_solihull_east,1985
5323,26574,Matt Bishop,Matt Bishop,False,True,,Male,Unknown,,,,,Labour,mattbishopmp.bsky.social,MattBishopMP,,,,https://www.theyworkforyou.com/mp/26574/matt_bishop/forest_of_dean,
4005,24945,Bob Blackman,Bob Blackman,False,True,,Male,Unknown,,,,,Conservative,,BobBlackman,bobblackmanofficial,,,https://www.theyworkforyou.com/mp/24945/bob_blackman/harrow_east,1956
5109,26357,Chris Bloore,Christopher Bloore,True,True,,Male,Unknown,,,,,Labour,chrisbloore.bsky.social,ChrisBloore,,,,https://www.theyworkforyou.com/mp/26357/christopher_bloore/redditch,
5051,26330,Kevin Bonavia,Kevin Bonavia,True,True,,Male,Unknown,,,,,Labour,kevinbonavia.bsky.social,kevinbonavia,,,,https://www.theyworkforyou.com/mp/26330/kevin_bonavia/stevenage,1977
4601,25703,Andrew Bowie,Andrew Bowie,False,True,,Male,Unknown,,,,,Conservative,,AndrewBowie_MP,,,,https://www.theyworkforyou.com/mp/25703/andrew_bowie/west_aberdeenshire_and_kincardine,1987
5045,26339,Jonathan Brash,Jonathan Brash,False,True,,Male,Unknown,,,,,Labour,jonathanbrashmp.bsky.social,,,,,https://www.theyworkforyou.com/mp/26339/jonathan_brash/hartlepool,
5128,26368,Phil Brickell,Phil Brickell,True,True,,Male,Unknown,,,,,Labour,philbrickellmp.bsky.social,,,,,https://www.theyworkforyou.com/mp/26368/phil_brickell/bolton_west,1986
1446,10761,Chris Bryant,Chris Bryant,False,True,,Male,Unknown,,,,,Labour,chrisbryant1962.bsky.social,RhonddaBryant,Chris4Rhondda,,,https://www.theyworkforyou.com/mp/10761/chris_bryant/rhondda_and_ogmore,1962
4613,25659,Alex Burghart,Alex Burghart,True,True,,Male,Unknown,,,,,Conservative,,alexburghart,,,,https://www.theyworkforyou.com/mp/25659/alex_burghart/brentwood_and_ongar,1977
4493,25391,Richard Burgon,Richard Burgon,True,True,,Male,Unknown,,,,,Labour,richardburgon.bsky.social,richardburgon,RichardBurgonForEastLeeds,,,https://www.theyworkforyou.com/mp/25391/richard_burgon/leeds_east,1980
5106,26442,David Burton-Sampson,David Burton-Sampson,False,True,,Male,Minority,Black British/White British (Mixed),,,,Labour,davidbsampson.bsky.social,,,,,https://www.theyworkforyou.com/mp/26442/david_burton-sampson/southend_west_and_leigh,1977
4831,25816,Ian Byrne,Ian Byrne,False,True,,Male,Unknown,,,,,Labour,,,,,,https://www.theyworkforyou.com/mp/25816/ian_byrne/liverpool_west_derby,1972
1171,11360,Liam Byrne,Liam Byrne,False,True,,Male,Unknown,,,,,Labour,liambyrnemp.bsky.social,LiamByrneMP,LiamByrneHodgeHill,,,https://www.theyworkforyou.com/mp/11360/liam_byrne/birmingham_hodge_hill_and_solihull_north,1970
529,10086,Alan Campbell,Alan Campbell,False,True,,Male,Unknown,,,,,Labour,,alancampbellmp,AlanCampbellMP,,,https://www.theyworkforyou.com/mp/10086/alan_campbell/tynemouth,1957
1409,10780,Gregory Campbell,Gregory Campbell,False,True,,Male,Unknown,,,,,Democratic Unionist Party,,,gregory.campbell.549,,,https://www.theyworkforyou.com/mp/10780/gregory_campbell/east_londonderry,1953
5124,26485,Markus Campbell-Savours,Markus Campbell-Savours,True,True,,Male,Unknown,,,,,Labour,campbellsavours.bsky.social,,,,,https://www.theyworkforyou.com/mp/26485/markus_campbell-savours/penrith_and_solway,1981
4651,25642,Dan Carden,Dan Carden,True,True,,Male,Unknown,,,,,Labour,dancardenmp.bsky.social,DanCardenMP,,,,https://www.theyworkforyou.com/mp/25642/dan_carden/liverpool_walton,1986
5308,26558,Sam Carling,Sam Carling,False,True,,Male,Unknown,,,,,Labour,samcarling.bsky.social,,,,,https://www.theyworkforyou.com/mp/26558/sam_carling/north_west_cambridgeshire,2002
1442,10785,Alistair Carmichael,Alistair Carmichael,False,True,,Male,Unknown,,,,,Liberal Democrat,amcarmichaelmp.bsky.social,amcarmichaelMP,AlistairForOrkneyandShetland,,,https://www.theyworkforyou.com/mp/10785/alistair_carmichael/orkney_and_shetland,1965
5235,26599,Al Carns,Alistair Carns,True,True,,Male,Unknown,,,,,Labour,alcarns.bsky.social,,,,,https://www.theyworkforyou.com/mp/26599/alistair_carns/birmingham_selly_oak,1980
4519,25414,James Cartlidge,James Cartlidge,True,True,,Male,Unknown,,,,,Conservative,,jcartlidgemp,james4southsuffolk,,,https://www.theyworkforyou.com/mp/25414/james_cartlidge/south_suffolk,1974
5284,26518,David Chadwick,David Chadwick,False,True,,Male,Unknown,,,,,Liberal Democrat,,,,,,https://www.theyworkforyou.com/mp/26518/david_chadwick/brecon%2C_radnor_and_cwm_tawe,1991
5304,26607,Danny Chambers,Danny Chambers,False,True,,Male,Unknown,,,,,Liberal Democrat,dannychambers.bsky.social,,,,,https://www.theyworkforyou.com/mp/26607/danny_chambers/winchester,1982
4610,25676,Bambos Charalambous,Bambos Charalambous,True,True,,Male,Minority,British Cypriot,,,,Labour,bambosmp.bsky.social,BambosMP,,,,https://www.theyworkforyou.com/mp/25676/bambos_charalambous/southgate_and_wood_green,1967
5199,26480,Luke Charters,Luke Charters,False,True,,Male,Unknown,,,,,Labour,lukecharters.bsky.social,,,,,https://www.theyworkforyou.com/mp/26480/luke_charters/york_outer,1995
242,10103,Christopher Chope,Christopher Chope,True,True,,Male,Unknown,,,,,Conservative,,,,,,https://www.theyworkforyou.com/mp/10103/christopher_chope/christchurch,1947
4366,25376,James Cleverly,James Cleverly,False,True,,Male,Minority,Black British/White British (Mixed),,,,Conservative,,jamescleverly,james.cleverly,,,https://www.theyworkforyou.com/mp/25376/james_cleverly/braintree,1969
249,10119,Geoffrey Clifton-Brown,Geoffrey Clifton-Brown,False,True,,Male,Unknown,,,,,Conservative,,,geoffreycliftonbrown,,,https://www.theyworkforyou.com/mp/10119/geoffrey_clifton-brown/north_cotswolds,1953
5050,26316,Lewis Cocking,Lewis Cocking,False,True,,Male,Unknown,,,,,Conservative,,,,,,https://www.theyworkforyou.com/mp/26316/lewis_cocking/broxbourne,1992
5198,26445,Chris Coghlan,Chris Coghlan,True,True,,Male,Unknown,,,,,Liberal Democrat,chriscoghlanmp.bsky.social,,,,,https://www.theyworkforyou.com/mp/26445/chris_coghlan/dorking_and_horley,
5344,26602,Ben Coleman,Ben Coleman,False,True,,Male,Unknown,,,,,Labour,,,,,,https://www.theyworkforyou.com/mp/26602/ben_coleman/chelsea_and_fulham,
5077,26382,Jacob Collier,Jacob Collier,False,True,,Male,Unknown,,,,,Labour,jacobcolliermp.bsky.social,,,,,https://www.theyworkforyou.com/mp/26382/jacob_collier/burton_and_uttoxeter,1997
5087,26351,Tom Collins,Tom Collins,False,True,,Male,Unknown,,,,,Labour,tomcollinsworcs.bsky.social,,,,,https://www.theyworkforyou.com/mp/26351/tom_collins/worcester,
5132,26401,Liam Conlon,Liam Conlon,False,True,,Male,Unknown,,,,,Labour,liamconlon.bsky.social,,,,,https://www.theyworkforyou.com/mp/26401/liam_conlon/beckenham_and_penge,1988
5195,26447,Andrew Cooper,Andrew Cooper,False,True,,Male,Unknown,,,,,Labour,andrewcooper.net,,,,,https://www.theyworkforyou.com/mp/26447/andrew_cooper/mid_cheshire,1984
5358,26634,John Cooper,John Cooper,False,True,,Male,Unknown,,,,,Conservative,john-cooper-mp.bsky.social,,,,,https://www.theyworkforyou.com/mp/26634/john_cooper/dumfries_and_galloway,1966
185,10133,Jeremy Corbyn,Jeremy Corbyn,False,True,,Male,Unknown,,,,,Independent,jeremycorbyn.bsky.social,jeremycorbyn,JeremyCorbynMP,,,https://www.theyworkforyou.com/mp/10133/jeremy_corbyn/islington_north,1949
4439,25413,Alberto Costa,Alberto Costa,False,True,,Male,Unknown,,,,,Conservative,,albertocostamp,AlbertoCostaOfficial,,,https://www.theyworkforyou.com/mp/25413/alberto_costa/south_leicestershire,1971
1508,11541,Geoffrey Cox,Geoffrey Cox,False,True,,Male,Unknown,,,,,Conservative,,Geoffrey_Cox,,,,https://www.theyworkforyou.com/mp/11541/geoffrey_cox/torridge_and_tavistock,1960
4368,25326,Neil Coyle,Neil Coyle,False,True,,Male,Unknown,,,,,Labour,coyleneil.bsky.social,coyleneil,NeilCoyleMP,,,https://www.theyworkforyou.com/mp/25326/neil_coyle/bermondsey_and_old_southwark,1978
5246,26500,Torcuil Crichton,Torcuil Crichton,True,True,,Male,Unknown,,,,,Labour,,,,,,https://www.theyworkforyou.com/mp/26500/torcuil_crichton/na_h-eileanan_an_iar,1964
5118,26396,Chris Curtis,Chris Curtis,False,True,,Male,Unknown,,,,,Labour,chriscurtis94.bsky.social,,,,,https://www.theyworkforyou.com/mp/26396/chris_curtis/milton_keynes_north,1994
4056,24798,Nicholas Dakin,Nicholas Dakin,True,True,,Male,Unknown,,,,,Labour,,NicDakin55,Nic-Dakin-186874346397,,,https://www.theyworkforyou.com/mp/24798/nicholas_dakin/scunthorpe,1955
5191,26459,Adam Dance,Adam Dance,False,True,,Male,Unknown,,,,,Liberal Democrat,adamjamesdance.bsky.social,,,,,https://www.theyworkforyou.com/mp/26459/adam_dance/yeovil,1992
5066,26349,Steve Darling,Steve Darling,False,True,,Male,Unknown,,,,,Liberal Democrat,stevedarlingmp.bsky.social,,,,,https://www.theyworkforyou.com/mp/26349/steve_darling/torbay,1969
188,10155,Ed Davey,Edward Davey,False,True,,Male,Unknown,,,,,Liberal Democrat,eddavey.libdems.org.uk,EdwardJDavey,,,,https://www.theyworkforyou.com/mp/10155/edward_davey/kingston_and_surbiton,1965
4850,25858,Gareth Davies,Gareth Davies,False,True,,Male,Unknown,,,,,Conservative,,,,,,https://www.theyworkforyou.com/mp/25858/gareth_davies/grantham_and_bourne,1984
5256,26557,Jonathan Davies,Jonathan Davies,False,True,,Male,Unknown,,,,,Labour,jonathandaviesmp.bsky.social,,,,,https://www.theyworkforyou.com/mp/26557/jonathan_davies/mid_derbyshire,
5317,26537,Paul Davies,Paul Davies,False,True,,Male,Unknown,,,,,Labour,pauldaviesmp.bsky.social,,,,,https://www.theyworkforyou.com/mp/26537/paul_davies/colne_valley,1957
5041,26332,Shaun Davies,Shaun Davies,False,True,,Male,Unknown,,,,,Labour,shaundaviesmp.bsky.social,,,,,https://www.theyworkforyou.com/mp/26332/shaun_davies/telford,
373,10162,David Davis,David Davis,False,True,,Male,Unknown,,,,,Conservative,,DavidDavisMP,,,,https://www.theyworkforyou.com/mp/10162/david_davis/goole_and_pocklington,1948
5083,26371,Bobby Dean,Bobby Dean,False,True,,Male,Unknown,,,,,Liberal Democrat,bobbywdean.bsky.social,,,,,https://www.theyworkforyou.com/mp/26371/bobby_dean/carshalton_and_wallington,1989
5187,26456,Josh Dean,Josh Dean,False,True,,Male,Unknown,,,,,Labour,joshdeanmp.bsky.social,,,,,https://www.theyworkforyou.com/mp/26456/josh_dean/hertford_and_stortford,1999
5169,26461,Charlie Dewhirst,Charlie Dewhirst,True,True,,Male,Unknown,,,,,Conservative,,,,,,https://www.theyworkforyou.com/mp/26461/charlie_dewhirst/bridlington_and_the_wolds,1980
,25695,Tan Dhesi,Tan Dhesi,True,True,,Male,Minority,British Indian,,,,Labour,,TanDhesi,tandhesi,,,https://www.theyworkforyou.com/mp/25695/tan_dhesi/slough,1978
5223,26547,Jim Dickson,Jim Dickson,False,True,,Male,Unknown,,,,,Labour,jimdickson.bsky.social,,,,,https://www.theyworkforyou.com/mp/26547/jim_dickson/dartford,1964
5310,26584,Lee Dillon,Lee Dillon,False,True,,Male,Unknown,,,,,Liberal Democrat,leedillonmp.bsky.social,,,,,https://www.theyworkforyou.com/mp/26584/lee_dillon/newbury,1983
4736,25796,Dave Doogan,Dave Doogan,True,True,,Male,Unknown,,,,,Scottish National Party,davedooganmp.bsky.social,,,,,https://www.theyworkforyou.com/mp/25796/dave_doogan/angus_and_perthshire_glens,1973
4264,25166,Stephen Doughty,Stephen Doughty,False,True,,Male,Unknown,,,,,Labour (Co-op),sdoughtymp.bsky.social,SDoughtyMP,StephenDoughtyMP,,,https://www.theyworkforyou.com/mp/25166/stephen_doughty/cardiff_south_and_penarth,1980
4397,25309,Peter Dowd,Peter Dowd,False,True,,Male,Unknown,,,,,Labour,,peter_dowd,PeterDowdBootle,,,https://www.theyworkforyou.com/mp/25309/peter_dowd/bootle,1957
4441,25323,Oliver Dowden,Oliver Dowden,True,True,,Male,Unknown,,,,,Conservative,,,oliverdowdenhertsmere,,,https://www.theyworkforyou.com/mp/25323/oliver_dowden/hertsmere,1978
5275,26503,Graeme Downie,Graeme Downie,True,True,,Male,Unknown,,,,,Labour,graemedowniemp.bsky.social,,,,,https://www.theyworkforyou.com/mp/26503/graeme_downie/dunfermline_and_dollar,1980
152,10180,Iain Duncan Smith,Iain Duncan Smith,False,True,,Male,Unknown,,,,,Conservative,,,iainduncansmithmp,,,https://www.theyworkforyou.com/mp/10180/iain_duncan_smith/chingford_and_woodford_green,1954
5359,26633,Neil Duncan-Jordan,Neil Duncan-Jordan,False,True,,Male,Unknown,,,,,Labour,,,,,,https://www.theyworkforyou.com/mp/26633/neil_duncan-jordan/poole,
5262,13780,Alex Easton,Alex Easton,False,True,,Male,Unknown,,,,,Independent,,,,,,https://www.theyworkforyou.com/mp/13780/alex_easton/north_down,1969
4846,25130,Colum Eastwood,Colum Eastwood,True,True,,Male,Unknown,,,,,Social Democratic & Labour Party,columeastwood.ie,columeastwood,,,,https://www.theyworkforyou.com/mp/25130/colum_eastwood/foyle,1983
165,10185,Clive Efford,Clive Efford,True,True,,Male,Unknown,,,,,Labour,cliveefford.bsky.social,CliveEfford,clive.efford,,,https://www.theyworkforyou.com/mp/10185/clive_efford/eltham_and_chislehurst,1958
5010,26287,Damien Egan,Damien Egan,False,True,,Male,Unknown,,,,,Labour,,,,,,https://www.theyworkforyou.com/mp/26287/damien_egan/bristol_north_east,1982
4572,25490,Chris Elmore,Chris Elmore,False,True,,Male,Unknown,,,,,Labour,chriselmoremp.bsky.social,cpjelmore,ChrisElmoreMP,,,https://www.theyworkforyou.com/mp/25490/chris_elmore/bridgend,1983
4061,24905,Bill Esterson,Bill Esterson,True,True,,Male,Unknown,,,,,Labour,billesterson.bsky.social,Bill_Esterson,BillEsterson4SeftonCentral,,,https://www.theyworkforyou.com/mp/24905/bill_esterson/sefton_central,1966
4040,24721,Chris Evans,Chris Evans,False,True,,Male,Unknown,,,,,Labour (Co-op),,Chris_EvansMP,ChrisEvansforIslwyn,,,https://www.theyworkforyou.com/mp/24721/chris_evans/caerphilly,1977
4781,25805,Luke Evans,Luke Evans,False,True,,Male,Unknown,,,,,Conservative,drlukeevans.org.uk,,,,,https://www.theyworkforyou.com/mp/25805/luke_evans/hinckley_and_bosworth,1983
5148,26446,Hamish Falconer,Hamish Falconer,False,True,,Male,Unknown,,,,,Labour,,,,,,https://www.theyworkforyou.com/mp/26446/hamish_falconer/lincoln,1985
5091,26352,Nigel Farage,Nigel Farage,False,True,,Male,Unknown,,,,,Reform UK,,,,,,https://www.theyworkforyou.com/mp/26352/nigel_farage/clacton,1964
1591,11923,Tim Farron,Tim Farron,True,True,,Male,Unknown,,,,,Liberal Democrat,timfarron.bsky.social,timfarron,timfarronmp,,,https://www.theyworkforyou.com/mp/11923/tim_farron/westmorland_and_lonsdale,1970
5295,26545,Josh Fenton-Glynn,Josh Fenton-Glynn,False,True,,Male,Unknown,,,,,Labour,joshfg.bsky.social,,,,,https://www.theyworkforyou.com/mp/26545/josh_fenton-glynn/calder_valley,
5031,26310,Mark Ferguson,Mark Ferguson,False,True,,Male,Unknown,,,,,Labour,markfergusonmp.bsky.social,,,,,https://www.theyworkforyou.com/mp/26310/mark_ferguson/gateshead_central_and_whickham,1985
4823,25821,John Finucane,John Finucane,True,True,,Male,Unknown,,,,,Sinn Féin,,,,,,https://www.theyworkforyou.com/mp/25821/john_finucane/belfast_north,1980
4735,25867,Stephen Flynn,Stephen Flynn,False,True,,Male,Unknown,,,,,Scottish National Party,,,,,,https://www.theyworkforyou.com/mp/25867/stephen_flynn/aberdeen_south,1988
4942,26086,Richard Foord,Richard Foord,True,True,,Male,Unknown,,,,,Liberal Democrat,richardfoordld.bsky.social,,,,,https://www.theyworkforyou.com/mp/26086/richard_foord/honiton_and_sidmouth,1978
5322,26560,Will Forster,Will Forster,False,True,,Male,Unknown,,,,,Liberal Democrat,willforster.bsky.social,,,,,https://www.theyworkforyou.com/mp/26560/will_forster/woking,1986
5209,26027,Peter Fortune,Peter Fortune,False,True,,Male,Unknown,,,,,Conservative,,,,,,https://www.theyworkforyou.com/mp/26027/peter_fortune/bromley_and_biggin_hill,1978
5074,26487,Paul Foster,Paul Foster,False,True,,Male,Unknown,,,,,Labour,,,,,,https://www.theyworkforyou.com/mp/26487/paul_foster/south_ribble,1973
5101,26370,Ashley Fox,Ashley Fox,False,True,,Male,Unknown,,,,,Conservative,,,,,,https://www.theyworkforyou.com/mp/26370/ashley_fox/bridgwater,1969
5184,26493,Daniel Francis,Daniel Francis,False,True,,Male,Unknown,,,,,Labour,danfrancis02.bsky.social,,,,,https://www.theyworkforyou.com/mp/26493/daniel_francis/bexleyheath_and_crayford,
1444,10901,Mark Francois,Mark Francois,False,True,,Male,Unknown,,,,,Conservative,,,,,,https://www.theyworkforyou.com/mp/10901/mark_francois/rayleigh_and_wickford,1965
4020,24817,George Freeman,George Freeman,False,True,,Male,Unknown,,,,,Conservative,,MPGeorgeFreeman,GeorgeFreemanMidNorfolk,,,https://www.theyworkforyou.com/mp/24817/george_freeman/mid_norfolk,1967
4932,26055,Louie French,Louie French,False,True,,Male,Unknown,,,,,Conservative,,,,,,https://www.theyworkforyou.com/mp/26055/louie_french/old_bexley_and_sidcup,1988
4637,25622,James Frith,James Frith,False,True,,Male,Unknown,,,,,Labour,,JamesFrith,JamesFrithBury,,,https://www.theyworkforyou.com/mp/25622/james_frith/bury_north,1977
3912,24787,Richard Fuller,Richard Fuller,False,True,,Male,Unknown,,,,,Conservative,,,,,,https://www.theyworkforyou.com/mp/24787/richard_fuller/north_bedfordshire,
87,10217,Roger Gale,Roger Gale,False,True,,Male,Unknown,,,,,Conservative,,,north.thanet.roger.gale,,,https://www.theyworkforyou.com/mp/10217/roger_gale/herne_bay_and_sandwich,1943
146,10220,Barry Gardiner,Barry Gardiner,False,True,,Male,Unknown,,,,,Labour,,BarryGardiner,,,,https://www.theyworkforyou.com/mp/10220/barry_gardiner/brent_west,1957
4074,24824,Mark Garnier,Mark Garnier,False,True,,Male,Unknown,,,,,Conservative,,Mark4WyreForest,markrtgarnier,,,https://www.theyworkforyou.com/mp/24824/mark_garnier/wyre_forest,1963
5185,26476,Alan Gemmell,Alan Gemmell,True,True,,Male,Unknown,,,,,Labour,alangemmell.bsky.social,,,,,https://www.theyworkforyou.com/mp/26476/alan_gemmell/central_ayrshire,1978
227,10222,Andrew George,Andrew George,False,True,,Male,Unknown,,,,,Liberal Democrat,,AndrewGeorge_,Andrew.George.Cornwall,,,https://www.theyworkforyou.com/mp/10222/andrew_george/st_ives,1958
4434,25324,Stephen Gethins,Stephen Gethins,True,True,,Male,Unknown,,,,,Scottish National Party,stephengethins.bsky.social,stephengethins,StephenGethinsSNP,,,https://www.theyworkforyou.com/mp/25324/stephen_gethins/arbroath_and_broughty_ferry,1976
4051,24839,John Glen,John Glen,False,True,,Male,Unknown,,,,,Conservative,,JohnGlenUK,johnglenmp,,,https://www.theyworkforyou.com/mp/24839/john_glen/salisbury,1974
5318,26572,Olly Glover,Olly Glover,False,True,,Male,Unknown,,,,,Liberal Democrat,ollyglover.bsky.social,,,,,https://www.theyworkforyou.com/mp/26572/olly_glover/didcot_and_wantage,
5205,26530,Ben Goldsborough,Ben Goldsborough,True,True,,Male,Unknown,,,,,Labour,bengoldsborough.bsky.social,,,,,https://www.theyworkforyou.com/mp/26530/ben_goldsborough/south_norfolk,1990
5032,26312,Tom Gordon,Tom Gordon,False,True,,Male,Unknown,,,,,Liberal Democrat,tomgordonld.bsky.social,,,,,https://www.theyworkforyou.com/mp/26312/tom_gordon/harrogate_and_knaresborough,
5170,26426,John Grady,John Grady,False,True,,Male,Unknown,,,,,Labour,,,,,,https://www.theyworkforyou.com/mp/26426/john_grady/glasgow_east,
4874,25927,Andrew Griffith,Andrew Griffith,False,True,,Male,Unknown,,,,,Conservative,,,,,,https://www.theyworkforyou.com/mp/25927/andrew_griffith/arundel_and_south_downs,1970
415,10256,Fabian Hamilton,Fabian Hamilton,False,True,,Male,Unknown,,,,,Labour,,FabianLeedsNE,fabiancampaign,,,https://www.theyworkforyou.com/mp/10256/fabian_hamilton/leeds_north_east,1955
5217,26471,Lloyd Hatton,Lloyd Hatton,False,True,,Male,Unknown,,,,,Labour,,,,,,https://www.theyworkforyou.com/mp/26471/lloyd_hatton/south_dorset,
350,10265,John Hayes,John Hayes,False,True,,Male,Unknown,,,,,Conservative,,,,,,https://www.theyworkforyou.com/mp/10265/john_hayes/south_holland_and_the_deepings,1958
5210,26566,Tom Hayes,Tom Hayes,False,True,,Male,Unknown,,,,,Labour,tomhayesmp.bsky.social,,,,,https://www.theyworkforyou.com/mp/26566/tom_hayes/bournemouth_east,1983
4636,25154,Chris Hazzard,Christopher Hazzard,False,True,,Male,Unknown,,,,,Sinn Féin,,ChrisHazzardSF,chris.hazzard.77,,,https://www.theyworkforyou.com/mp/25154/christopher_hazzard/south_down,1984
400,10268,John Healey,John Healey,False,True,,Male,Unknown,,,,,Labour,,JohnHealey_MP,JohnHealeyRotherham,,,https://www.theyworkforyou.com/mp/10268/john_healey/rawmarsh_and_conisbrough,1960
473,10682,Mark Hendrick,Mark Hendrick,False,True,,Male,Minority,Somali/White British (Mixed),,,,Labour (Co-op),markhendrickmp.bsky.social,MarkHendrick_,hendrick4preston,,,https://www.theyworkforyou.com/mp/10682/mark_hendrick/preston,1958
5244,26505,Chris Hinchliff,Chris Hinchliff,True,True,,Male,Unknown,,,,,Labour,chrishinchliff.bsky.social,,,,,https://www.theyworkforyou.com/mp/26505/chris_hinchliff/north_east_hertfordshire,1993
5264,26522,Jonathan Hinder,Jonathan Hinder,False,True,,Male,Unknown,,,,,Labour,,,,,,https://www.theyworkforyou.com/mp/26522/jonathan_hinder/pendle_and_clitheroe,1991
3969,24782,Damian Hinds,Damian Hinds,False,True,,Male,Unknown,,,,,Conservative,,DamianHinds,damian.hinds,,,https://www.theyworkforyou.com/mp/24782/damian_hinds/east_hampshire,1969
4494,25427,Simon Hoare,Simon Hoare,False,True,,Male,Unknown,,,,,Conservative,,simon4ndorset,simonhoarenorthdorset,,,https://www.theyworkforyou.com/mp/25427/simon_hoare/north_dorset,1969
4813,25893,Richard Holden,Richard Holden,False,True,,Male,Unknown,,,,,Conservative,,,,,,https://www.theyworkforyou.com/mp/25893/richard_holden/basildon_and_billericay,1985
4474,25415,Kevin Hollinrake,Kevin Hollinrake,True,True,,Male,Unknown,,,,,Conservative,,kevinhollinrake,kevin.hollinrake,,,https://www.theyworkforyou.com/mp/25415/kevin_hollinrake/thirsk_and_malton,1963
4803,25808,Paul Holmes,Paul Holmes,False,True,,Male,Unknown,,,,,Conservative,,,,,,https://www.theyworkforyou.com/mp/25808/paul_holmes/hamble_valley,1988
467,10295,Lindsay Hoyle,Lindsay Hoyle,False,True,,Male,Unknown,,,,,Speaker,commonsspeaker.parliament.uk,LindsayHoyle_MP,LindsayHoyle4Chorley,,,https://www.theyworkforyou.com/mp/10295/lindsay_hoyle/chorley,1957
4407,25381,Nigel Huddleston,Nigel Huddleston,True,True,,Male,Unknown,,,,,Conservative,,huddlestonnigel,NigelHuddlestonPPC,,,https://www.theyworkforyou.com/mp/25381/nigel_huddleston/droitwich_and_evesham,1970
4853,25875,Neil Hudson,Neil Hudson,False,True,,Male,Unknown,,,,,Conservative,,,,,,https://www.theyworkforyou.com/mp/25875/neil_hudson/epping_forest,1969
5292,26470,Dáire Hughes,Dáire Hughes,True,True,,Male,Unknown,,,,,Sinn Féin,,,,,,https://www.theyworkforyou.com/mp/26470/daire_hughes/newry_and_armagh,1989
1572,11859,Jeremy Hunt,Jeremy Hunt,False,True,,Male,Unknown,,,,,Conservative,,Jeremy_Hunt,jeremyhuntsws,,,https://www.theyworkforyou.com/mp/11859/jeremy_hunt/godalming_and_ash,1966
5052,26463,Patrick Hurley,Patrick Hurley,False,True,,Male,Unknown,,,,,Labour,patrickhurley.bsky.social,,,,,https://www.theyworkforyou.com/mp/26463/patrick_hurley/southport,1976
5231,26595,Adnan Hussain,Adnan Hussain,False,True,,Male,Minority,British Pakistani,,,,Independent,,,,,,https://www.theyworkforyou.com/mp/26595/adnan_hussain/blackburn,1989
4394,25375,Imran Hussain,Imran Hussain,False,True,,Male,Minority,British Pakistani,,,,Labour,,Imran_HussainMP,Imran-Hussain-MP,,,https://www.theyworkforyou.com/mp/25375/imran_hussain/bradford_east,
4243,25067,Dan Jarvis,Dan Jarvis,False,True,,Male,Unknown,,,,,Labour,danjarvismp.bsky.social,DanJarvisMBE,dowjarvis,,,https://www.theyworkforyou.com/mp/25067/dan_jarvis/barnsley_north,1972
40,10312,Bernard Jenkin,Bernard Jenkin,True,True,,Male,Unknown,,,,,Conservative,,bernardjenkin,bernardjenkin,,,https://www.theyworkforyou.com/mp/10312/bernard_jenkin/harwich_and_north_essex,1959
4320,25227,Robert Jenrick,Robert Jenrick,True,True,,Male,Unknown,,,,,Reform UK,,RobertJenrick,RobertJenrickNewark,,,https://www.theyworkforyou.com/mp/25227/robert_jenrick/newark,1982
5338,26616,Terry Jermy,Terry Jermy,True,True,,Male,Unknown,,,,,Labour,terryjermymp.bsky.social,,,,,https://www.theyworkforyou.com/mp/26616/terry_jermy/south_west_norfolk,1985
5168,26541,Adam Jogee,Adam Jogee,True,True,,Male,Minority,Black British/White British (Mixed),,,,Labour,adamjogee.bsky.social,,,,,https://www.theyworkforyou.com/mp/26541/adam_jogee/newcastle-under-lyme,
5207,26377,Clive Jones,Clive Jones,False,True,,Male,Unknown,,,,,Liberal Democrat,clivejonesmp.bsky.social,,,,,https://www.theyworkforyou.com/mp/26377/clive_jones/wokingham,
4621,25637,Darren Jones,Darren Jones,False,True,,Male,Unknown,,,,,Labour,darrenpjones.bsky.social,darrenpjones,darrenjonesmp,,,https://www.theyworkforyou.com/mp/25637/darren_jones/bristol_north_west,1986
4501,25289,Gerald Jones,Gerald Jones,False,True,,Male,Unknown,,,,,Labour,geraldjoneslabour.bsky.social,geraldjoneslab,GeraldJonesLabour,,,https://www.theyworkforyou.com/mp/25289/gerald_jones/merthyr_tydfil_and_aberdare,1970
5332,26573,Lincoln Jopp,Lincoln Jopp,True,True,,Male,Unknown,,,,,Conservative,,,,,,https://www.theyworkforyou.com/mp/26573/lincoln_jopp/spelthorne,1968
,26348,Gurinder Josan,Gurinder Josan,True,True,,Male,Minority,British Indian,,,,Labour,,,,,,https://www.theyworkforyou.com/mp/26348/gurinder_josan/smethwick,1972
5247,26578,Sojan Joseph,Sojan Joseph,True,True,,Male,Minority,British Indian,,,,Labour,sojanjosephmp.bsky.social,,,,,https://www.theyworkforyou.com/mp/26578/sojan_joseph/ashford,
5230,26533,Warinder Juss,Warinder Juss,True,True,,Male,Minority,British Indian,,,,Labour,warinderjussmp.bsky.social,,,,,https://www.theyworkforyou.com/mp/26533/warinder_juss/wolverhampton_west,
4316,25220,Mike Kane,Mike Kane,False,True,,Male,Unknown,,,,,Labour,mikekanemp.bsky.social,MikeKaneMP,mikekanemp,,,https://www.theyworkforyou.com/mp/25220/mike_kane/wythenshawe_and_sale_east,1969
4671,25662,Afzal Khan,Afzal Khan,True,True,,Male,Minority,British Pakistani,,,,Labour,afzalkhanmcr.bsky.social,Afzal4Gorton,,,,https://www.theyworkforyou.com/mp/25662/afzal_khan/manchester_rusholme,
5357,26631,Ayoub Khan,Ayoub Khan,True,True,,Male,Minority,British Pakistani,,,,Independent,,,,,,https://www.theyworkforyou.com/mp/26631/ayoub_khan/birmingham_perry_barr,1973
4359,25297,Stephen Kinnock,Stephen Kinnock,True,True,,Male,Unknown,,,,,Labour,skinnock.bsky.social,skinnock,stephenkinnock,,,https://www.theyworkforyou.com/mp/25297/stephen_kinnock/aberafan_maesteg,1970
5321,26570,Paul Kohler,Paul Kohler,False,True,,Male,Unknown,,,,,Liberal Democrat,paulkohlersw19.bsky.social,,,,,https://www.theyworkforyou.com/mp/26570/paul_kohler/wimbledon,1959
4858,25913,Danny Kruger,Danny Kruger,False,True,,Male,Unknown,,,,,Reform UK,,,,,,https://www.theyworkforyou.com/mp/25913/danny_kruger/east_wiltshire,1974
4505,25418,Peter Kyle,Peter Kyle,False,True,,Male,Unknown,,,,,Labour,,peterkyle,hoveandportslade,,,https://www.theyworkforyou.com/mp/25418/peter_kyle/hove_and_portslade,1970
4630,25669,Ben Lake,Ben Lake,False,True,,Male,Unknown,,,,,Plaid Cymru,benlake.bsky.social,BenMLake,,,,https://www.theyworkforyou.com/mp/25669/ben_lake/ceredigion_preseli,1993
5345,26612,Peter Lamb,Peter Lamb,False,True,,Male,Unknown,,,,,Labour,delivering4crawley.bsky.social,,,,,https://www.theyworkforyou.com/mp/26612/peter_lamb/crawley,
206,10678,David Lammy,David Lammy,True,True,,Male,Minority,Black British,,,,Labour,,DavidLammy,DavidLammyTottenham,,,https://www.theyworkforyou.com/mp/10678/david_lammy/tottenham,1972
4608,14026,John Lamont,John Lamont,False,True,,Male,Unknown,,,,,Conservative,,John2Win,JohnLamontBorders,,,https://www.theyworkforyou.com/mp/14026/john_lamont/berwickshire%2C_roxburgh_and_selkirk,1976
4139,24963,Ian Lavery,Ian Lavery,True,True,,Male,Unknown,,,,,Labour,laverymp.bsky.social,IanLaveryMP,IanLaveryMP,,,https://www.theyworkforyou.com/mp/24963/ian_lavery/blyth_and_ashington,1963
4403,25270,Chris Law,Chris Law,False,True,,Male,Unknown,,,,,Scottish National Party,,chrislawsnp,ChrisLawSNP,,,https://www.theyworkforyou.com/mp/25270/chris_law/dundee_central,1969
5302,26513,Noah Law,Noah Law,False,True,,Male,Unknown,,,,,Labour,noahlawmp.bsky.social,,,,,https://www.theyworkforyou.com/mp/26513/noah_law/st_austell_and_newquay,1994
5277,26499,Graham Leadbitter,Graham Leadbitter,True,True,,Male,Unknown,,,,,Scottish National Party,,,,,,https://www.theyworkforyou.com/mp/26499/graham_leadbitter/moray_west%2C_nairn_and_strathspey,
345,10352,Edward Leigh,Edward Leigh,False,True,,Male,Unknown,,,,,Conservative,,EdwardLeighGB,,,,https://www.theyworkforyou.com/mp/10352/edward_leigh/gainsborough,1950
5196,26492,Brian Leishman,Brian Leishman,True,True,,Male,Unknown,,,,,Labour,brianleishmanmp.bsky.social,,,,,https://www.theyworkforyou.com/mp/26492/brian_leishman/alloa_and_grangemouth,1982
5061,26376,Andrew Lewin,Andrew Lewin,False,True,,Male,Unknown,,,,,Labour,andrewlewinmp.bsky.social,,,,,https://www.theyworkforyou.com/mp/26376/andrew_lewin/welwyn_hatfield,1987
4500,25356,Clive Lewis,Clive Lewis,False,True,,Male,Minority,Black British/White British (Mixed),,,,Labour,labourlewis.bsky.social,labourlewis,labourclivelewis,,,https://www.theyworkforyou.com/mp/25356/clive_lewis/norwich_south,1971
54,10358,Julian Lewis,Julian Lewis,False,True,,Male,Unknown,,,,,Conservative,,,,,,https://www.theyworkforyou.com/mp/10358/julian_lewis/new_forest_east,1951
4943,26085,Simon Lightwood,Simon Lightwood,True,True,,Male,Unknown,,,,,Labour (Co-op),simonlightwood.org.uk,,,,,https://www.theyworkforyou.com/mp/26085/simon_lightwood/wakefield_and_rothwell,1980
5280,26534,Seamus Logan,Seamus Logan,False,True,,Male,Unknown,,,,,Scottish National Party,,,,,,https://www.theyworkforyou.com/mp/26534/seamus_logan/aberdeenshire_north_and_moray_east,1958
5158,26361,Rupert Lowe,Rupert Lowe,False,True,,Male,Unknown,,,,,Restore Britain,,,,,,https://www.theyworkforyou.com/mp/26361/rupert_lowe/great_yarmouth,1957
5033,26321,Josh MacAlister,Josh MacAlister,True,True,,Male,Unknown,,,,,Labour,,,,,,https://www.theyworkforyou.com/mp/26321/josh_macalister/whitehaven_and_workington,1987
5265,26581,James MacCleary,James MacCleary,True,True,,Male,Unknown,,,,,Liberal Democrat,jamesmaccleary.bsky.social,,,,,https://www.theyworkforyou.com/mp/26581/james_maccleary/lewes,
5362,26637,Angus MacDonald,Angus MacDonald,False,True,,Male,Unknown,,,,,Liberal Democrat,angusmacdonaldld.bsky.social,,,,,https://www.theyworkforyou.com/mp/26637/angus_macdonald/inverness%2C_skye_and_west_ross-shire,1962
5134,26391,Andy MacNae,Andy MacNae,True,True,,Male,Unknown,,,,,Labour,andymacnaemp.bsky.social,,,,,https://www.theyworkforyou.com/mp/26391/andy_macnae/rossendale_and_darwen,1965
4418,25378,Justin Madders,Justin Madders,True,True,,Male,Unknown,,,,,Labour,justinmadders.bsky.social,justinmadders,justinmaddersforepn,,,https://www.theyworkforyou.com/mp/25378/justin_madders/ellesmere_port_and_bromborough,1972
5350,26623,Ben Maguire,Ben Maguire,False,True,,Male,Unknown,,,,,Liberal Democrat,,,,,,https://www.theyworkforyou.com/mp/26623/ben_maguire/north_cornwall,1991
4484,25285,Alan Mak,Alan Mak,False,True,,Male,Minority,British Chinese,,,,Conservative,,AlanMakMP,AlanMakHavant,,,https://www.theyworkforyou.com/mp/25285/alan_mak/havant,1983
5153,26365,Cathal Mallaghan,Cathal Mallaghan,True,True,,Male,Unknown,,,,,Sinn Féin,,,,,,https://www.theyworkforyou.com/mp/26365/cathal_mallaghan/mid_ulster,1982
4495,25346,Kit Malthouse,Kit Malthouse,True,True,,Male,Unknown,,,,,Conservative,,kitmalthouse,kit.malthouse,,,https://www.theyworkforyou.com/mp/25346/kit_malthouse/north_west_hampshire,1966
5219,26398,Mike Martin,Mike Martin,False,True,,Male,Unknown,,,,,Liberal Democrat,,,,,,https://www.theyworkforyou.com/mp/26398/mike_martin/tunbridge_wells,
4245,13904,Paul Maskey,Paul Maskey,True,True,,Male,Unknown,,,,,Sinn Féin,,PaulMaskeyMP,sfpaulmaskeymp,,,https://www.theyworkforyou.com/mp/13904/paul_maskey/belfast_west,1967
4993,26271,Keir Mather,Keir Mather,True,True,,Male,Unknown,,,,,Labour,,,,,,https://www.theyworkforyou.com/mp/26271/keir_mather/selby,1998
5214,26509,Brian Mathew,Brian Mathew,False,True,,Male,Unknown,,,,,Liberal Democrat,ldbrianmathewmp.bsky.social,,,,,https://www.theyworkforyou.com/mp/26509/brian_mathew/melksham_and_devizes,
4739,25904,Jerome Mayhew,Jerome Mayhew,False,True,,Male,Unknown,,,,,Conservative,,,,,,https://www.theyworkforyou.com/mp/25904/jerome_mayhew/broadland_and_fakenham,
5325,26544,Charlie Maynard,Charlie Maynard,False,True,,Male,Unknown,,,,,Liberal Democrat,charliemaynard.bsky.social,,,,,https://www.theyworkforyou.com/mp/26544/charlie_maynard/witney,1971
5057,26334,Douglas McAllister,Douglas McAllister,False,True,,Male,Unknown,,,,,Labour,douglasmcallister.bsky.social,,,,,https://www.theyworkforyou.com/mp/26334/douglas_mcallister/west_dunbartonshire,
5129,26427,Martin McCluskey,Martin McCluskey,False,True,,Male,Unknown,,,,,Labour,martinmccluskey.bsky.social,,,,,https://www.theyworkforyou.com/mp/26427/martin_mccluskey/inverclyde_and_renfrewshire_west,1986
4269,25169,Andy McDonald,Andy McDonald,False,True,,Male,Unknown,,,,,Labour,andymcdonaldmp.bsky.social,AndyMcDonaldMP,AndyMcDonaldMP,,,https://www.theyworkforyou.com/mp/25169/andy_mcdonald/middlesbrough_and_thornaby_east,1958
5116,26367,Chris McDonald,Chris McDonald,False,True,,Male,Unknown,,,,,Labour,,,,,,https://www.theyworkforyou.com/mp/26367/chris_mcdonald/stockton_north,1976
178,10383,John McDonnell,John Martin McDonnell,False,True,,Male,Unknown,,,,,Labour,johnmcdonnellmp.bsky.social,johnmcdonnellMP,johnmcdonnellmp,,,https://www.theyworkforyou.com/mp/10383/john_martin_mcdonnell/hayes_and_harlington,1951
5076,26490,Blair McDougall,Blair McDougall,False,True,,Male,Unknown,,,,,Labour,blairmcdougall.com,,,,,https://www.theyworkforyou.com/mp/26490/blair_mcdougall/east_renfrewshire,1978
1587,11936,Pat McFadden,Pat McFadden,False,True,,Male,Unknown,,,,,Labour,,patmcfaddenmp,,,,https://www.theyworkforyou.com/mp/11936/pat_mcfadden/wolverhampton_south_east,1965
5349,26434,Alex McIntyre,Alex McIntyre,False,True,,Male,Unknown,,,,,Labour,,,,,,https://www.theyworkforyou.com/mp/26434/alex_mcintyre/gloucester,
5189,26462,Gordon McKee,Gordon McKee,False,True,,Male,Unknown,,,,,Labour,gordonmckee.bsky.social,GordonMcKeeMP,,,,https://www.theyworkforyou.com/mp/26462/gordon_mckee/glasgow_south,1994
5300,26529,Kevin McKenna,Kevin McKenna,False,True,,Male,Unknown,,,,,Labour,kevinmckenna.co.uk,,,,,https://www.theyworkforyou.com/mp/26529/kevin_mckenna/sittingbourne_and_sheppey,1974
4569,25475,Jim McMahon,Jim McMahon,False,True,,Male,Unknown,,,,,Labour (Co-op),jimmcmahon.co.uk,JimfromOldham,,,,https://www.theyworkforyou.com/mp/25475/jim_mcmahon/oldham_west%2C_chadderton_and_royton,1980
5361,26636,James McMurdock,James McMurdock,True,True,,Male,Unknown,,,,,Independent,,,,,,https://www.theyworkforyou.com/mp/26636/james_mcmurdock/south_basildon_and_east_thurrock,1986
5183,26424,Frank McNally,Frank McNally,False,True,,Male,Unknown,,,,,Labour,frankmcnallymp.bsky.social,,,,,https://www.theyworkforyou.com/mp/26424/frank_mcnally/coatbridge_and_bellshill,
1510,11545,Ed Miliband,Ed Miliband,False,True,,Male,Unknown,,,,,Labour,,Ed_Miliband,edmiliband,,,https://www.theyworkforyou.com/mp/11545/ed_miliband/doncaster_north,1969
5346,26617,Calum Miller,Calum Miller,False,True,,Male,Unknown,,,,,Liberal Democrat,calummillerld.bsky.social,,,,,https://www.theyworkforyou.com/mp/26617/calum_miller/bicester_and_woodstock,
5329,26624,John Milne,John Milne,False,True,,Male,Unknown,,,,,Liberal Democrat,johnmilnehorsham.bsky.social,,,,,https://www.theyworkforyou.com/mp/26624/john_milne/horsham,1960
4811,25836,Navendu Mishra,Navendu Mishra,True,True,,Male,Minority,British Indian,,,,Labour,,,,,,https://www.theyworkforyou.com/mp/25836/navendu_mishra/stockport,1989
1211,11115,Andrew Mitchell,Andrew Mitchell,False,True,,Male,Unknown,,,,,Conservative,,,,,,https://www.theyworkforyou.com/mp/11115/andrew_mitchell/sutton_coldfield,1956
5268,26620,Iqbal Mohamed,Iqbal Mohamed,False,True,,Male,Minority,British Indian,,,,Independent,,,,,,https://www.theyworkforyou.com/mp/26620/iqbal_mohamed/dewsbury_and_batley,1970
4804,25920,Gagan Mohindra,Gagan Mohindra,True,True,,Male,Minority,British Indian<ref name=hindustantimes/>,,,,Conservative,,,,,,https://www.theyworkforyou.com/mp/25920/gagan_mohindra/south_west_hertfordshire,1978
5208,26482,Perran Moon,Perran Moon,True,True,,Male,Unknown,,,,,Labour,perranmoonmp.bsky.social,,,,,https://www.theyworkforyou.com/mp/26482/perran_moon/camborne_and_redruth,1970
4861,25922,Robbie Moore,Robbie Moore,False,True,,Male,Unknown,,,,,Conservative,,,,,,https://www.theyworkforyou.com/mp/25922/robbie_moore/keighley_and_ilkley,1984
5326,26604,Edward Morello,Edward Morello,False,True,,Male,Unknown,,,,,Liberal Democrat,,,,,,https://www.theyworkforyou.com/mp/26604/edward_morello/west_dorset,
4653,25658,Stephen Morgan,Stephen Morgan,False,True,,Male,Unknown,,,,,Labour,stephenmorganmp.bsky.social,stephenmorganmp,StephenMorganMP,,,https://www.theyworkforyou.com/mp/25658/stephen_morgan/portsmouth_south,1981
3973,24715,Grahame Morris,Grahame Morris,False,True,,Male,Unknown,,,,,Labour,,grahamemorris,grahame.morris,,,https://www.theyworkforyou.com/mp/24715/grahame_morris/easington,1961
5081,26468,Joe Morris,Joe Morris,False,True,,Male,Unknown,,,,,Labour,joemorrismp.bsky.social,,,,,https://www.theyworkforyou.com/mp/26468/joe_morris/hexham,
5090,26400,Tom Morrison,Tom Morrison,False,True,,Male,Unknown,,,,,Liberal Democrat,tommorrisonmp.bsky.social,,,,,https://www.theyworkforyou.com/mp/26400/tom_morrison/cheadle,
4860,25883,Kieran Mullan,Kieran Mullan,True,True,,Male,Unknown,,,,,Conservative,,,,,,https://www.theyworkforyou.com/mp/25883/kieran_mullan/bexhill_and_battle,1984
1512,11970,David Mundell,David Mundell,True,True,,Male,Unknown,,,,,Conservative,,davidmundelldct,DavidMundellMP,,,https://www.theyworkforyou.com/mp/11970/david_mundell/dumfriesshire%2C_clydesdale_and_tweeddale,1962
5248,26488,Luke Murphy,Luke Murphy,False,True,,Male,Unknown,,,,,Labour,lukemurphy.bsky.social,,,,,https://www.theyworkforyou.com/mp/26488/luke_murphy/basingstoke,
5245,26611,Chris Murray,Chris Murray,False,True,,Male,Unknown,,,,,Labour,chrismurraymp.bsky.social,,,,,https://www.theyworkforyou.com/mp/26611/chris_murray/edinburgh_east_and_musselburgh,1987
3966,24872,Ian Murray,Ian Murray,False,True,,Male,Unknown,,,,,Labour,ianmurraymp.bsky.social,IanMurrayMP,IanMurrayMP,,,https://www.theyworkforyou.com/mp/24872/ian_murray/edinburgh_south,1976
4797,25801,James Murray,James Murray,False,True,,Male,Unknown,,,,,Labour (Co-op),,,,,,https://www.theyworkforyou.com/mp/25801/james_murray/ealing_north,1983
1466,11132,Andrew Murrison,Andrew Murrison,True,True,,Male,Unknown,,,,,Conservative,,AWMurrison,andrew.murrison,,,https://www.theyworkforyou.com/mp/11132/andrew_murrison/south_west_wiltshire,1961
5147,26411,Luke Myer,Luke Myer,False,True,,Male,Unknown,,,,,Labour,,,,,,https://www.theyworkforyou.com/mp/26411/luke_myer/middlesbrough_south_and_east_cleveland,1995
5047,26329,James Naish,James Naish,True,True,,Male,Unknown,,,,,Labour,jamesnaish.bsky.social,,,,,https://www.theyworkforyou.com/mp/26329/james_naish/rushcliffe,1988
5273,26506,Connor Naismith,Connor Naismith,False,True,,Male,Unknown,,,,,Labour,connornaismithmp.bsky.social,,,,,https://www.theyworkforyou.com/mp/26506/connor_naismith/crewe_and_nantwich,
5039,26333,Kanishka Narayan,Kanishka Narayan,True,True,,Male,Minority,British Indian,,,,Labour,,,,,,https://www.theyworkforyou.com/mp/26333/kanishka_narayan/vale_of_glamorgan,
5034,26317,Josh Newbury,Josh Newbury,False,True,,Male,Unknown,,,,,Labour,joshnewburymp.bsky.social,,,,,https://www.theyworkforyou.com/mp/26317/josh_newbury/cannock_chase,
3991,24827,Jesse Norman,Jesse Norman,False,True,,Male,Unknown,,,,,Conservative,,Jesse_Norman,jesse.norman.hereford,,,https://www.theyworkforyou.com/mp/24827/jesse_norman/hereford_and_south_herefordshire,1962
4641,25687,Alex Norris,Alex Norris,False,True,,Male,Unknown,,,,,Labour (Co-op),,AlexJJNorris,,,,https://www.theyworkforyou.com/mp/25687/alex_norris/nottingham_north_and_kimberley,1984
221,10458,Dan Norris,Dan Norris,False,True,,Male,Unknown,,,,,Independent,,,,,,https://www.theyworkforyou.com/mp/10458/dan_norris/north_east_somerset_and_hanham,1960
4679,25679,Neil O'Brien,Neil O'Brien,False,True,,Male,Unknown,,,,,Conservative,,NeilDotObrien,neil4harborough,,,https://www.theyworkforyou.com/mp/25679/neil_o%27brien/harborough%2C_oadby_and_wigston,1978
4371,25370,Brendan O'Hara,Brendan O'Hara,False,True,,Male,Unknown,,,,,Scottish National Party,,BrendanOHaraMP,BrendanOHaraSNP,,,https://www.theyworkforyou.com/mp/25370/brendan_o%27hara/argyll%2C_bute_and_south_lochaber,1963
5089,26354,Ben Obese-Jecty,Ben Obese-Jecty,True,True,,Male,Minority,Black British/White British (Mixed),,,,Conservative,benobesejecty.bsky.social,,,,,https://www.theyworkforyou.com/mp/26354/ben_obese-jecty/huntingdon,1979
5030,26313,Simon Opher,Simon Opher,True,True,,Male,Unknown,,,,,Labour,simonforstroud.bsky.social,,,,,https://www.theyworkforyou.com/mp/26313/simon_opher/stroud,
5220,26589,Tristan Osborne,Tristan Osborne,False,True,,Male,Unknown,,,,,Labour,,,,,,https://www.theyworkforyou.com/mp/26589/tristan_osborne/chatham_and_aylesford,
5270,26431,Darren Paffey,Darren Paffey,True,True,,Male,Unknown,,,,,Labour,,,,,,https://www.theyworkforyou.com/mp/26431/darren_paffey/southampton_itchen,
5243,26601,Andrew Pakes,Andrew Pakes,True,True,,Male,Unknown,,,,,Labour (Co-op),andrewpakes.bsky.social,,,,,https://www.theyworkforyou.com/mp/26601/andrew_pakes/peterborough,1973
5162,26432,Matthew Patrick,Matthew Patrick,False,True,,Male,Unknown,,,,,Labour,matthewpatrick.bsky.social,,,,,https://www.theyworkforyou.com/mp/26432/matthew_patrick/wirral_west,1987
5146,26408,Michael Payne,Michael Payne,False,True,,Male,Unknown,,,,,Labour,michaelpaynemp.bsky.social,,,,,https://www.theyworkforyou.com/mp/26408/michael_payne/gedling,
5115,26362,Jon Pearce,Jonathan Pearce,False,True,,Male,Unknown,,,,,Labour,jon4highpeak.bsky.social,,,,,https://www.theyworkforyou.com/mp/26362/jonathan_pearce/high_peak,1977
4520,25379,Matthew Pennycook,Matthew Pennycook,True,True,,Male,Unknown,,,,,Labour,matthewpennycookmp.bsky.social,mtpennycook,,,,https://www.theyworkforyou.com/mp/25379/matthew_pennycook/greenwich_and_woolwich,1982
3952,24845,Toby Perkins,Toby Perkins,False,True,,Male,Unknown,,,,,Labour,tobyperkinsmp.bsky.social,tobyperkinsmp,TobyPerkins4Chesterfield,,,https://www.theyworkforyou.com/mp/24845/toby_perkins/chesterfield,1970
4503,25377,Chris Philp,Chris Philp,True,True,,Male,Unknown,,,,,Conservative,,CPhilpOfficial,chris.philp.official,,,https://www.theyworkforyou.com/mp/25377/chris_philp/croydon_south,1976
5288,26593,Al Pinkerton,Al Pinkerton,False,True,,Male,Unknown,,,,,Liberal Democrat,alpinkerton.bsky.social,,,,,https://www.theyworkforyou.com/mp/26593/al_pinkerton/surrey_heath,
5360,26632,David Pinto-Duschinsky,David Pinto-Duschinsky,True,True,,Male,Unknown,,,,,Labour,davidpintod.bsky.social,,,,,https://www.theyworkforyou.com/mp/26632/david_pinto-duschinsky/hendon,1974
5233,26464,Lee Pitcher,Lee Pitcher,False,True,,Male,Unknown,,,,,Labour,leepitcher.bsky.social,,,,,https://www.theyworkforyou.com/mp/26464/lee_pitcher/doncaster_east_and_the_isle_of_axholme,1977
4682,25690,Luke Pollard,Luke Pollard,False,True,,Male,Unknown,,,,,Labour (Co-op),lukepollard.bsky.social,LukePollard,LukePollard,,,https://www.theyworkforyou.com/mp/25690/luke_pollard/plymouth_sutton_and_devonport,1980
5229,26477,Joe Powell,Joe Powell,False,True,,Male,Unknown,,,,,Labour,joepowell.bsky.social,,,,,https://www.theyworkforyou.com/mp/26477/joe_powell/kensington_and_bayswater,
5167,26428,Gregor Poynton,Gregor Poynton,True,True,,Male,Unknown,,,,,Labour,gregorpoynton.bsky.social,,,,,https://www.theyworkforyou.com/mp/26428/gregor_poynton/livingston,1982
5163,26383,Peter Prinsley,Peter Prinsley,True,True,,Male,Unknown,,,,,Labour,peterprinsleymp.bsky.social,,,,,https://www.theyworkforyou.com/mp/26383/peter_prinsley/bury_st_edmunds_and_stowmarket,1958
1576,11946,Mark Pritchard,Mark Pritchard,False,True,,Male,Unknown,,,,,Conservative,,MPritchardUK,,,,https://www.theyworkforyou.com/mp/11946/mark_pritchard/the_wrekin,1966
5144,26373,Richard Quigley,Richard Quigley,False,True,,Male,Unknown,,,,,Labour,richardquigley.bsky.social,,,,,https://www.theyworkforyou.com/mp/26373/richard_quigley/isle_of_wight_west,1971
5064,26345,Steve Race,Steve Race,False,True,,Male,Unknown,,,,,Labour,,,,,,https://www.theyworkforyou.com/mp/26345/steve_race/exeter,1983
5320,26514,Adrian Ramsay,Adrian Ramsay,False,True,,Male,Unknown,,,,,Green Party,adrianramsay.bsky.social,,,,,https://www.theyworkforyou.com/mp/26514/adrian_ramsay/waveney_valley,1981
5159,26473,Connor Rand,Connor Rand,False,True,,Male,Unknown,,,,,Labour,,,,,,https://www.theyworkforyou.com/mp/26473/connor_rand/altrincham_and_sale_west,
5046,26336,Andrew Ranger,Andrew Ranger,False,True,,Male,Unknown,,,,,Labour,andrewranger-mp.bsky.social,,,,,https://www.theyworkforyou.com/mp/26336/andrew_ranger/wrexham,
5340,26622,Jack Rankin,Jack Rankin,False,True,,Male,Unknown,,,,,Conservative,,,,,,https://www.theyworkforyou.com/mp/26622/jack_rankin/windsor,1992
5316,26630,Mike Reader,Mike Reader,False,True,,Male,Unknown,,,,,Labour,mike-reader.bsky.social,,,,,https://www.theyworkforyou.com/mp/26630/mike_reader/northampton_south,
5347,26628,David Reed,David Reed,False,True,,Male,Unknown,,,,,Conservative,,,,,,https://www.theyworkforyou.com/mp/26628/david_reed/exmouth_and_exeter_east,1989
4268,25170,Steve Reed,Steve Reed,False,True,,Male,Unknown,,,,,Labour (Co-op),,SteveReedMP,stevereedmp,,,https://www.theyworkforyou.com/mp/25170/steve_reed/streatham_and_croydon_north,1963
4119,24929,Jonathan Reynolds,Jonathan Reynolds,False,True,,Male,Unknown,,,,,Labour (Co-op),,jreynoldsMP,JonathanreynoldsMP,,,https://www.theyworkforyou.com/mp/24929/jonathan_reynolds/stalybridge_and_hyde,1980
5343,26608,Joshua Reynolds,Joshua Reynolds,False,True,,Male,Unknown,,,,,Liberal Democrat,joshuareynoldssl6.bsky.social,,,,,https://www.theyworkforyou.com/mp/26608/joshua_reynolds/maidenhead,1999
5251,26575,Martin Rhodes,Martin Rhodes,False,True,,Male,Unknown,,,,,Labour,,,,,,https://www.theyworkforyou.com/mp/26575/martin_rhodes/glasgow_north,
5082,26486,Jake Richards,Jake Richards,False,True,,Male,Unknown,,,,,Labour,jakerichardsmp.bsky.social,,,,,https://www.theyworkforyou.com/mp/26486/jake_richards/rother_valley,1989
5126,26374,Dave Robertson,Dave Robertson,False,True,,Male,Unknown,,,,,Labour,,,,,,https://www.theyworkforyou.com/mp/26374/dave_robertson/lichfield,
5255,26504,Joe Robertson,Joe Robertson,False,True,,Male,Unknown,,,,,Conservative,,,,,,https://www.theyworkforyou.com/mp/26504/joe_robertson/isle_of_wight_east,1984
4360,25280,Gavin Robinson,Gavin Robinson,False,True,,Male,Unknown,,,,,Democratic Unionist Party,,grobinsondup,GRobinsonDUP,,,https://www.theyworkforyou.com/mp/25280/gavin_robinson/belfast_east,1984
5287,26549,Tim Roca,Tim Roca,False,True,,Male,Unknown,,,,,Labour,timrocamp.bsky.social,,,,,https://www.theyworkforyou.com/mp/26549/tim_roca/macclesfield,1985
4654,25691,Matt Rodda,Matt Rodda,True,True,,Male,Unknown,,,,,Labour,mattrodda.bsky.social,MattRodda,,,,https://www.theyworkforyou.com/mp/25691/matt_rodda/reading_central,1966
5138,26388,Ian Roome,Ian Roome,True,True,,Male,Unknown,,,,,Liberal Democrat,ianroome.bsky.social,,,,,https://www.theyworkforyou.com/mp/26388/ian_roome/north_devon,1968
1447,11199,Andrew Rosindell,Andrew Rosindell,True,True,,Male,Unknown,,,,,Reform UK,,AndrewRosindell,AndrewRosindellofficial,,,https://www.theyworkforyou.com/mp/11199/andrew_rosindell/romford,1966
5108,26323,Sam Rushworth,Sam Rushworth,True,True,,Male,Unknown,,,,,Labour,samrushworthmp.bsky.social,,,,,https://www.theyworkforyou.com/mp/26323/sam_rushworth/bishop_auckland,1984
5222,26467,Tom Rutland,Tom Rutland,False,True,,Male,Unknown,,,,,Labour,,,,,,https://www.theyworkforyou.com/mp/26467/tom_rutland/east_worthing_and_shoreham,1992
5135,26381,Oliver Ryan,Oliver Ryan,False,True,,Male,Unknown,,,,,Labour (Co-op),,,,,,https://www.theyworkforyou.com/mp/26381/oliver_ryan/burnley,1995
5259,26521,Jeevun Sandher,Jeevun Sandher,True,True,,Male,Minority,British Indian,,,,Labour,jeevunsandher.bsky.social,,,,,https://www.theyworkforyou.com/mp/26521/jeevun_sandher/loughborough,1990
5166,26440,Mark Sewards,Mark Sewards,True,True,,Male,Unknown,,,,,Labour,markjsewards.bsky.social,,,,,https://www.theyworkforyou.com/mp/26440/mark_sewards/leeds_south_west_and_morley,1990
5176,26489,Baggy Shanker,Baggy Shanker,True,True,,Male,Minority,British Indian,,,,Labour (Co-op),,,,,,https://www.theyworkforyou.com/mp/26489/baggy_shanker/derby_south,
4998,26276,Michael Shanks,Michael Shanks,False,True,,Male,Unknown,,,,,Labour,michaelshanksmp.co.uk,,,,,https://www.theyworkforyou.com/mp/26276/michael_shanks/rutherglen,1988
4131,13864,Jim Shannon,Jim Shannon,False,True,,Male,Unknown,,,,,Democratic Unionist Party,,JimShannonMP,Jim-Shannon-MP-477928115581090,,,https://www.theyworkforyou.com/mp/13864/jim_shannon/strangford,1955
5197,26437,Neil Shastri-Hurst,Neil Shastri-Hurst,True,True,,Male,Minority,Anglo-Indian,,,,Conservative,,,,,,https://www.theyworkforyou.com/mp/26437/neil_shastri-hurst/solihull_west_and_shirley,1984
3997,24893,Alec Shelbrooke,Alec Shelbrooke,True,True,,Male,Unknown,,,,,Conservative,,AlecShelbrooke,alec.shelbrooke,,,https://www.theyworkforyou.com/mp/24893/alec_shelbrooke/wetherby_and_easingwold,1976
4872,25892,David Simmonds,David Simmonds,False,True,,Male,Unknown,,,,,Conservative,,,,,,https://www.theyworkforyou.com/mp/25892/david_simmonds/ruislip%2C_northwood_and_pinner,1976
5060,26328,Josh Simons,Josh Simons,False,True,,Male,Unknown,,,,,Labour,joshsimonsmp.bsky.social,,,,,https://www.theyworkforyou.com/mp/26328/josh_simons/makerfield,1993
,11559,Andrew Slaughter,Andrew Slaughter,False,True,,Male,Unknown,,,,,Labour,hammersmithandy.bsky.social,hammersmithandy,andy4hammersmith,,,https://www.theyworkforyou.com/mp/11559/andrew_slaughter/hammersmith_and_chiswick,1960
5127,26564,John Slinger,John Slinger,True,True,,Male,Unknown,,,,,Labour,johnslingermp.bsky.social,,,,,https://www.theyworkforyou.com/mp/26564/john_slinger/rugby,1975
5218,26606,David Smith,David Smith,False,True,,Male,Unknown,,,,,Labour,,,,,,https://www.theyworkforyou.com/mp/26606/david_smith/north_northumberland,
4778,25925,Greg Smith,Greg Smith,False,True,,Male,Unknown,,,,,Conservative,,,,,,https://www.theyworkforyou.com/mp/25925/greg_smith/mid_buckinghamshire,1979
4456,25366,Jeff Smith,Jeff Smith,False,True,,Male,Unknown,,,,,Labour,jeffsmithmp.bsky.social,jeffsmithetc,jeffsmithforwithington,,,https://www.theyworkforyou.com/mp/25366/jeff_smith/manchester_withington,1963
4118,24961,Julian Smith,Julian Smith,False,True,,Male,Unknown,,,,,Conservative,,JulianSmithuk,juliansmithofficial,,,https://www.theyworkforyou.com/mp/24961/julian_smith/skipton_and_ripon,1971
3928,24728,Nick Smith,Nick Smith,False,True,,Male,Unknown,,,,,Labour,,BlaenauGwentMP,NickSmithforBlaenauGwent,,,https://www.theyworkforyou.com/mp/24728/nick_smith/blaenau_gwent_and_rhymney,1960
4595,25601,Gareth Snell,Gareth Snell,False,True,,Male,Unknown,,,,,Labour (Co-op),,gareth_snell,garethforstoke,,,https://www.theyworkforyou.com/mp/25601/gareth_snell/stoke-on-trent_central,1986
5072,26347,Andrew Snowden,Andrew Snowden,False,True,,Male,Unknown,,,,,Conservative,,,,,,https://www.theyworkforyou.com/mp/26347/andrew_snowden/fylde,1984
4658,25680,Alex Sobel,Alex Sobel,True,True,,Male,Unknown,,,,,Labour (Co-op),alexsobel.co.uk,alexsobel,,,,https://www.theyworkforyou.com/mp/25680/alex_sobel/leeds_central_and_headingley,1975
5096,26457,Ian Sollom,Ian Sollom,True,True,,Male,Unknown,,,,,Liberal Democrat,iansollom.bsky.social,,,,,https://www.theyworkforyou.com/mp/26457/ian_sollom/st_neots_and_mid_cambridgeshire,
4785,25889,Ben Spencer,Ben Spencer,False,True,,Male,Unknown,,,,,Conservative,,,,,,https://www.theyworkforyou.com/mp/25889/ben_spencer/runnymede_and_weybridge,1981
5303,26579,Patrick Spencer,Patrick Spencer,False,True,,Male,Unknown,,,,,Independent,,,,,,https://www.theyworkforyou.com/mp/26579/patrick_spencer/central_suffolk_and_north_ipswich,1988
5351,26626,Gregory Stafford,Gregory Stafford,False,True,,Male,Unknown,,,,,Conservative,,,,,,https://www.theyworkforyou.com/mp/26626/gregory_stafford/farnham_and_bordon,
5110,26407,Euan Stainbank,Euan Stainbank,True,True,,Male,Unknown,,,,,Labour,,,,,,https://www.theyworkforyou.com/mp/26407/euan_stainbank/falkirk,2000
4514,25353,Keir Starmer,Keir Starmer,True,True,,Male,Unknown,,,,,Labour,,keir_starmer,KeirStarmerLabour,,,https://www.theyworkforyou.com/mp/25353/keir_starmer/holborn_and_st_pancras,1962
5100,26355,Blake Stephenson,Blake Stephenson,False,True,,Male,Unknown,,,,,Conservative,,,,,,https://www.theyworkforyou.com/mp/26355/blake_stephenson/mid_bedfordshire,
5200,26535,Kenneth Stevenson,Kenneth Stevenson,False,True,,Male,Unknown,,,,,Labour,kennethstevenson.bsky.social,,,,,https://www.theyworkforyou.com/mp/26535/kenneth_stevenson/airdrie_and_shotts,1963
4612,25668,Jamie Stone,Jamie Stone,False,True,,Male,Unknown,,,,,Liberal Democrat,jamie4north.bsky.social,Jamie4North,,,,https://www.theyworkforyou.com/mp/25668/jamie_stone/caithness%2C_sutherland_and_easter_ross,1954
5035,26320,Will Stone,Will Stone,False,True,,Male,Unknown,,,,,Labour,willstonemp.bsky.social,,,,,https://www.theyworkforyou.com/mp/26320/will_stone/swindon_north,1980
5000,26278,Alistair Strathern,Alistair Strathern,True,True,,Male,Unknown,,,,,Labour,alistrathern.bsky.social,,,,,https://www.theyworkforyou.com/mp/26278/alistair_strathern/hitchin,1990
4504,25320,Wes Streeting,Wes Streeting,True,True,,Male,Unknown,,,,,Labour,,wesstreeting,,,,https://www.theyworkforyou.com/mp/25320/wes_streeting/ilford_north,1983
5080,26448,Alan Strickland,Alan Strickland,False,True,,Male,Unknown,,,,,Labour,alanstricklandmp.bsky.social,,,,,https://www.theyworkforyou.com/mp/26448/alan_strickland/newton_aycliffe_and_spennymoor,
3935,24914,Mel Stride,Mel Stride,False,True,,Male,Unknown,,,,,Conservative,,meljstride,,,,https://www.theyworkforyou.com/mp/24914/mel_stride/central_devon,1961
449,10576,Graham Stringer,Graham Stringer,False,True,,Male,Unknown,,,,,Labour,,,,,,https://www.theyworkforyou.com/mp/10576/graham_stringer/blackley_and_middleton_south,1950
1482,11406,Graham Stuart,Graham Stuart,False,True,,Male,Unknown,,,,,Conservative,,grahamstuart,grahamstuartmp,,,https://www.theyworkforyou.com/mp/11406/graham_stuart/beverley_and_holderness,1962
4483,25428,Rishi Sunak,Rishi Sunak,True,True,,Male,Minority,British Indian,,,,Conservative,,,rishisunak,,,https://www.theyworkforyou.com/mp/25428/rishi_sunak/richmond_and_northallerton,1980
5165,26369,Peter Swallow,Peter Swallow,False,True,,Male,Unknown,,,,,Labour,peter4bracknell.bsky.social,,,,,https://www.theyworkforyou.com/mp/26369/peter_swallow/bracknell,1993
5319,25141,Robin Swann,Robin Swann,False,True,,Male,Unknown,,,,,Ulster Unionist Party,,RobinSwann_MP,,,,https://www.theyworkforyou.com/mp/25141/robin_swann/south_antrim,1971
55,10580,Desmond Swayne,Desmond Swayne,True,True,,Male,Unknown,,,,,Conservative,,DesmondSwayne,Desmond.Swayne,,,https://www.theyworkforyou.com/mp/10580/desmond_swayne/new_forest_west,1956
1383,11267,Mark Tami,Mark Tami,False,True,,Male,Unknown,,,,,Labour,,MarkTamiMP,alynanddeesidelabourparty,,,https://www.theyworkforyou.com/mp/11267/mark_tami/alyn_and_deeside,1962
5266,26605,Mike Tapp,Mike Tapp,True,True,,Male,Unknown,,,,,Labour,,,,,,https://www.theyworkforyou.com/mp/26605/mike_tapp/dover_and_deal,1985
5348,26576,David Taylor,David Taylor,False,True,,Male,Unknown,,,,,Labour,,,,,,https://www.theyworkforyou.com/mp/26576/david_taylor/hemel_hempstead,
5103,26443,Luke Taylor,Luke Taylor,False,True,,Male,Unknown,,,,,Liberal Democrat,luketaylorld.bsky.social,,,,,https://www.theyworkforyou.com/mp/26443/luke_taylor/sutton_and_cheam,
5186,26561,Bradley Thomas,Bradley Thomas,False,True,,Male,Unknown,,,,,Conservative,,,,,,https://www.theyworkforyou.com/mp/26561/bradley_thomas/bromsgrove,
5354,26532,Cameron Thomas,Cameron Thomas,False,True,,Male,Unknown,,,,,Liberal Democrat,libdemcam.bsky.social,,,,,https://www.theyworkforyou.com/mp/26532/cameron_thomas/tewkesbury,1982
5174,26441,Fred Thomas,Fred Thomas,False,True,,Male,Unknown,,,,,Labour,fredthomasuk.bsky.social,,,,,https://www.theyworkforyou.com/mp/26441/fred_thomas/plymouth_moor_view,1991
177,10594,Gareth Thomas,Gareth Thomas,False,True,,Male,Unknown,,,,,Labour (Co-op),gareththomasmp.bsky.social,GarethThomasMP,GarethThomasMP,,,https://www.theyworkforyou.com/mp/10594/gareth_thomas/harrow_west,1967
4479,25279,Nick Thomas-Symonds,Nick Thomas-Symonds,False,True,,Male,Unknown,,,,,Labour,,NickTorfaen,1.00009E+14,,,https://www.theyworkforyou.com/mp/25279/nick_thomas-symonds/torfaen,1980
5044,26326,Adam Thompson,Adam Thompson,False,True,,Male,Unknown,,,,,Labour,adamthompsonmp.bsky.social,,,,,https://www.theyworkforyou.com/mp/26326/adam_thompson/erewash,1990
5161,26399,Richard Tice,Richard Tice,True,True,,Male,Unknown,,,,,Reform UK,,,,,,https://www.theyworkforyou.com/mp/26399/richard_tice/boston_and_skegness,1964
163,10596,Stephen Timms,Stephen Timms,True,True,,Male,Unknown,,,,,Labour,,stephenctimms,stephenctimms,,,https://www.theyworkforyou.com/mp/10596/stephen_timms/east_ham,1955
5062,26335,Nick Timothy,Nick Timothy,False,True,,Male,Unknown,,,,,Conservative,,,,,,https://www.theyworkforyou.com/mp/26335/nick_timothy/west_suffolk,1980
5282,26502,Dan Tomlinson,Dan Tomlinson,False,True,,Male,Unknown,,,,,Labour,,,,,,https://www.theyworkforyou.com/mp/26502/dan_tomlinson/chipping_barnet,1992
410,10604,Jon Trickett,Jon Trickett,True,True,,Male,Unknown,,,,,Labour,jontrickett.bsky.social,jon_trickett,jon.trickett,,,https://www.theyworkforyou.com/mp/10604/jon_trickett/normanton_and_hemsworth,1950
5121,26387,Henry Tufnell,Henry Tufnell,True,True,,Male,Unknown,,,,,Labour,,,,,,https://www.theyworkforyou.com/mp/26387/henry_tufnell/mid_and_south_pembrokeshire,1992
,25374,Thomas Tugendhat,Thomas Tugendhat,True,True,,Male,Unknown,,,,,Conservative,,tomtugendhat,thomas.tugendhat,,,https://www.theyworkforyou.com/mp/25374/thomas_tugendhat/tonbridge,1973
5130,26417,Matt Turmaine,Matt Turmaine,True,True,,Male,Unknown,,,,,Labour,turmaine.bsky.social,,,,,https://www.theyworkforyou.com/mp/26417/matt_turmaine/watford,1969
4030,24767,Karl Turner,Karl Turner,False,True,,Male,Unknown,,,,,Independent,,KarlTurnerMP,karlturner4easthull,,,https://www.theyworkforyou.com/mp/24767/karl_turner/kingston_upon_hull_east,1971
5234,26517,Laurence Turner,Laurence Turner,False,True,,Male,Unknown,,,,,Labour,larry-turner.bsky.social,,,,,https://www.theyworkforyou.com/mp/26517/laurence_turner/birmingham_northfield,1988
429,10610,Derek Twigg,Derek Twigg,True,True,,Male,Unknown,,,,,Labour,,DerekTwiggMP,DerekTwiggMP,,,https://www.theyworkforyou.com/mp/10610/derek_twigg/widnes_and_halewood,1959
,26540,Freddie Van Mierlo,Freddie Van Mierlo,True,True,,Male,Unknown,,,,,Liberal Democrat,freddievanmierlomp.bsky.social,,,,,https://www.theyworkforyou.com/mp/26540/freddie_van_mierlo/henley_and_thame,1989
5067,26346,Tony Vaughan,Tony Vaughan,False,True,,Male,Minority,British Filipino/White British (Mixed),,,,Labour,,,,,,https://www.theyworkforyou.com/mp/26346/tony_vaughan/folkestone_and_hythe,1982
3957,24814,Martin Vickers,Martin Vickers,False,True,,Male,Unknown,,,,,Conservative,,martinvickers,MartinVickersMP,,,https://www.theyworkforyou.com/mp/24814/martin_vickers/brigg_and_immingham,1950
4844,25853,Matt Vickers,Matt Vickers,False,True,,Male,Unknown,,,,,Conservative,,,,,,https://www.theyworkforyou.com/mp/25853/matt_vickers/stockton_west,1983
5237,26350,Chris Vince,Christopher Vince,False,True,,Male,Unknown,,,,,Labour (Co-op),,,,,,https://www.theyworkforyou.com/mp/26350/christopher_vince/harlow,1983
4871,25874,Christian Wakeford,Christian Wakeford,True,True,,Male,Unknown,,,,,Labour,christian4burys.bsky.social,,,,,https://www.theyworkforyou.com/mp/25874/christian_wakeford/bury_south,1984
5276,26519,Chris Ward,Chris Ward,False,True,,Male,Unknown,,,,,Labour,chriswardmp.bsky.social,,,,,https://www.theyworkforyou.com/mp/26519/chris_ward/brighton_kemptown_and_peacehaven,1982
5071,26319,Paul Waugh,Paul Waugh,False,True,,Male,Unknown,,,,,Labour (Co-op),paulwaughmp.bsky.social,,,,,https://www.theyworkforyou.com/mp/26319/paul_waugh/rochdale,1966
5025,26305,Chris Webb,Chris Webb,False,True,,Male,Unknown,,,,,Labour,,,,,,https://www.theyworkforyou.com/mp/26305/chris_webb/blackpool_south,1986
4979,26120,Andrew Western,Andrew Western,False,True,,Male,Unknown,,,,,Labour,andrewwesternmp.bsky.social,,,,,https://www.theyworkforyou.com/mp/26120/andrew_western/stretford_and_urmston,1985
4617,25701,Matt Western,Matt Western,False,True,,Male,Unknown,,,,,Labour,,mattwestern_,MattWesternMP,,,https://www.theyworkforyou.com/mp/25701/matt_western/warwick_and_leamington,
5242,26551,Michael Wheeler,Michael Wheeler,False,True,,Male,Unknown,,,,,Labour,mwheelermp.bsky.social,,,,,https://www.theyworkforyou.com/mp/26551/michael_wheeler/worsley_and_eccles,
5342,26613,John Whitby,John Whitby,False,True,,Male,Unknown,,,,,Labour,johnwhitbymp.bsky.social,,,,,https://www.theyworkforyou.com/mp/26613/john_whitby/derbyshire_dales,
39,10632,John Whittingdale,John Whittingdale,True,True,,Male,Unknown,,,,,Conservative,,jwhittingdale,johnwhittingdale4maldon,,,https://www.theyworkforyou.com/mp/10632/john_whittingdale/maldon,1959
4787,25866,James Wild,James Wild,False,True,,Male,Unknown,,,,,Conservative,,jamesowild,,,,https://www.theyworkforyou.com/mp/25866/james_wild/north_west_norfolk,1977
5055,26344,Max Wilkinson,Max Wilkinson,False,True,,Male,Unknown,,,,,Liberal Democrat,maxwilkinson.bsky.social,,,,,https://www.theyworkforyou.com/mp/26344/max_wilkinson/cheltenham,1984
5151,26397,David Williams,David Williams,False,True,,Male,Unknown,,,,,Labour,davidwilliamsmp.bsky.social,,,,,https://www.theyworkforyou.com/mp/26397/david_williams/stoke-on-trent_north,
4108,24729,Gavin Williamson,Gavin Williamson,False,True,,Male,Unknown,,,,,Conservative,,GavinWilliamson,gavinforsouthstaffs,,,https://www.theyworkforyou.com/mp/24729/gavin_williamson/stone%2C_great_wyrley_and_penkridge,1976
1593,11374,Sammy Wilson,Sammy Wilson,False,True,,Male,Unknown,,,,,Democratic Unionist Party,,eastantrimmp,SammyWilsonMP,,,https://www.theyworkforyou.com/mp/11374/sammy_wilson/east_antrim,1953
1440,11333,Pete Wishart,Pete Wishart,True,True,,Male,Unknown,,,,,Scottish National Party,petewishart.bsky.social,PeteWishart,PeteWishartPerth,,,https://www.theyworkforyou.com/mp/11333/pete_wishart/perth_and_kinross-shire,1962
5221,26583,Steve Witherden,Steve Witherden,True,True,,Male,Unknown,,,,,Labour,stevewitherdenmp.bsky.social,switherdenmp,stevewitherdenwales,stevewitherden,SteveWitherdenMP,https://www.theyworkforyou.com/mp/26583/steve_witherden/montgomeryshire_and_glynd%C5%B5r,
4384,25362,Mike Wood,Mike Wood,False,True,,Male,Unknown,,,,,Conservative,,mikejwood,mike4dudleysouth,,,https://www.theyworkforyou.com/mp/25362/mike_wood/kingswinford_and_south_staffordshire,1946
5328,26552,Sean Woodcock,Sean Woodcock,False,True,,Male,Unknown,,,,,Labour,seanlwoodcock.bsky.social,,,,,https://www.theyworkforyou.com/mp/26552/sean_woodcock/banbury,1986
1560,11791,Jeremy Wright,Jeremy Wright,False,True,,Male,Unknown,,,,,Conservative,,,jeremywright2015,,,https://www.theyworkforyou.com/mp/11791/jeremy_wright/kenilworth_and_southam,1972
5111,26484,Martin Wrigley,Martin Wrigley,False,True,,Male,Unknown,,,,,Liberal Democrat,martinwrigley.bsky.social,,,,,https://www.theyworkforyou.com/mp/26484/martin_wrigley/newton_abbot,
4598,25649,Mohammad Yasin,Mohammad Yasin,True,True,,Male,Minority,British Pakistani,,,,Labour,yasinmp4bedford.bsky.social,YasinForBedford,,,,https://www.theyworkforyou.com/mp/25649/mohammad_yasin/bedford,1971
5194,26469,Steve Yemm,Steve Yemm,True,True,,Male,Unknown,,,,,Labour,,,,,,https://www.theyworkforyou.com/mp/26469/steve_yemm/mansfield,1964
4382,25386,Daniel Zeichner,Daniel Zeichner,True,True,,Male,Unknown,,,,,Labour,,danielzeichner,Daniel-Zeichner-MP-373041482865096,,,https://www.theyworkforyou.com/mp/25386/daniel_zeichner/cambridge,1956
5155,26415,Chris Kane,Chris Kane,False,True,Aug-76,Male,Unknown,,,Jul-24,False,Labour,chriskanemp.bsky.social,chriswkane,chriskanemp,chriskanemp,ChrisKaneMP,https://www.theyworkforyou.com/mp/26415/chris_kane/stirling_and_strathallan,1976
5447,26729,Hannah Spencer,Hannah Spencer,False,True,,Female,Unknown,,,Feb-26,True,Green Party,,,,,,https://www.theyworkforyou.com/mp/26729/hannah_spencer/gorton_and_denton,1991
